# Generated from art/assets.blend; do not edit by hand.
o Crankshaft
v -0.0372720994 1.42632174 0
v -0.280785561 1.41160357 0
v -0.550780535 1.32970142 0
v -0.799609244 1.19669962 0
v -1.01770961 1.01770926 0
v -1.19669998 0.799609005 0
v -1.32970154 0.550780356 0
v -1.41160357 0.280785352 0
v 0.494936019 0.624168515 0
v 0.375940531 0.822459579 0
v 0.98301512 0.575303793 0
v 1.13807023 0.561095774 0
v 1.23702669 0.528540671 0
v 1.32822573 0.475674093 0
v 1.40816212 0.404527515 0
v 1.47376406 0.317835242 0
v 1.52251089 0.218928739 0
v 1.55252898 0.111608975 0
v 0.110818096 1.26131868 0
v 0.665084004 0.585881889 0
v -0.030406585 1.15824151 0
v -0.236931056 1.14625633 0
v -0.464756876 1.07974994 0
v -0.674722314 0.971749246 0
v -0.858758748 0.826404631 0
v -1.0097934 0.649301946 0
v -1.12202227 0.447246999 0
v -1.19113243 0.22800453 0
v 0.417634487 0.505047917 0
v 0.318268448 0.666172028 0
v 0.827132821 0.464546233 0
v 0.957280993 0.45288226 0
v 1.04051769 0.426605761 0
v 1.11722922 0.383935064 0
v 1.18446696 0.326509953 0
v 1.23964787 0.256537229 0
v 1.28065097 0.176705927 0
v 1.30590057 0.0900839046 0
v 0.0976866707 1.0239985 0
v 0.560747087 0.473874867 0
v -0.00136954978 0.417943865 0
v -0.0866209492 0.41276744 0
v -0.175453037 0.390637398 0
v -0.257989615 0.354022175 0
v -0.331386477 0.304370522 0
v -0.392422199 0.244025096 0
v -0.433814824 0.172284573 0
v -0.459271699 0.0881887004 0
v 0.161157697 0.180211797 0
v 0.121932276 0.243695378 0
v 0.312919885 0.161912978 0
v 0.359517813 0.158027589 0
v 0.471559197 0.185543761 0
v 0.414101034 0.134863243 0
v 0.443317443 0.113953419 0
v 0.5623824 0.112128742 0
v 0.4770253 0.065062128 0
v 0.485255122 0.0330973156 0
v 0.0613669269 0.460963726 0
v 0.218448669 0.167938575 0
v -0.236473948 0.0515672155 0
v -0.183492959 0.0482649319 0
v -0.13050501 0.0449622199 0
v -0.077517055 0.0416595004 0
v -0.0245291013 0.038356781 0
v 0.0284588467 0.0350540653 0
v 0.0814468041 0.0317513533 0
v 0.134434745 0.0284486376 0
v 0.187422693 0.0251459219 0
v 0.2404176 0.0218427721 0
v -0.228696153 0.102954321 0
v -0.180337399 0.104764417 0
v -0.129909039 0.105692923 0
v -0.0784306228 0.105123669 0
v -0.0262289215 0.102890208 0
v 0.0336628146 0.0961778685 0
v 0.0862300023 0.0656512007 0
v 0.134558871 0.0594200864 0
v 0.193716481 0.0568437018 0
v 0.242607519 0.0436106026 0
v -0.0372720957 -1.42632174 0
v -0.280785531 -1.41160357 0
v -0.550780535 -1.32970154 0
v -0.799609244 -1.19669962 0
v -1.01770961 -1.01770926 0
v -1.19669998 -0.799609005 0
v -1.32970142 -0.550780356 0
v -1.41160357 -0.280785352 0
v -1.43925858 5.46612533e-10 0
v 0.494936019 -0.624168515 0
v 0.375940531 -0.822459579 0
v 0.98301512 -0.575303793 0
v 1.13807023 -0.561095774 0
v 1.23702681 -0.528540671 0
v 1.32822573 -0.475674093 0
v 1.40816212 -0.404527515 0
v 1.47376406 -0.317835242 0
v 1.52251089 -0.218928739 0
v 1.55252898 -0.111608975 0
v 1.56266499 2.78970735e-10 0
v 0.110818088 -1.26131868 0
v 0.665084004 -0.585881889 0
v -0.0304065868 -1.15824151 0
v -0.236931056 -1.14625645 0
v -0.464756876 -1.07974994 0
v -0.674722314 -0.971749246 0
v -0.858758748 -0.826404631 0
v -1.00979328 -0.649301887 0
v -1.12202215 -0.447247028 0
v -1.19113243 -0.228004515 0
v -1.214468 1.48234403e-09 0
v 0.417634517 -0.505047917 0
v 0.318268448 -0.666172087 0
v 0.827132821 -0.464546233 0
v 0.957280993 -0.45288226 0
v 1.04051769 -0.426605731 0
v 1.11722922 -0.383935064 0
v 1.18446708 -0.326509953 0
v 1.23964798 -0.256537229 0
v 1.28065109 -0.176705927 0
v 1.30590057 -0.0900839046 0
v 1.31442642 -7.27425897e-11 0
v 0.0976866633 -1.0239985 0
v 0.560747027 -0.473874867 0
v -0.00136954908 -0.417943805 0
v -0.0866209567 -0.41276741 0
v -0.175453037 -0.390637398 0
v -0.257989615 -0.354022145 0
v -0.331386447 -0.304370522 0
v -0.392422199 -0.244025081 0
v -0.433814824 -0.172284558 0
v -0.459271669 -0.0881887004 0
v -0.468327373 -1.77158135e-10 0
v 0.161157697 -0.180211782 0
v 0.121932276 -0.243695378 0
v 0.312919855 -0.161912978 0
v 0.359517872 -0.158027619 0
v 0.471559197 -0.185543776 0
v 0.414101064 -0.134863243 0
v 0.443317473 -0.113953426 0
v 0.56238246 -0.112128742 0
v 0.4770253 -0.0650621206 0
v 0.485255122 -0.0330973193 0
v 0.488365859 -1.54994823e-10 0
v 0.0613669232 -0.460963726 0
v 0.218448654 -0.16793856 0
v -0.241454944 -2.04013556e-10 0
v -0.187784418 1.13306683e-10 0
v -0.13410683 -3.50343643e-11 0
v -0.0804292485 -1.83375412e-10 0
v -0.0267516635 -2.15301138e-10 0
v 0.0269259159 5.67464686e-11 0
v 0.0806034952 -2.69194042e-11 0
v 0.134281084 -1.10585277e-10 0
v 0.187958688 3.85794938e-11 0
v 0.241643339 -7.09510228e-11 0
v -0.236473948 -0.0515672192 0
v -0.183492959 -0.0482649356 0
v -0.130504996 -0.0449622199 0
v -0.0775170475 -0.0416595004 0
v -0.0245291032 -0.0383567847 0
v 0.0284588449 -0.035054069 0
v 0.0814467967 -0.0317513496 0
v 0.13443476 -0.0284486376 0
v 0.187422693 -0.0251459219 0
v 0.240417615 -0.0218427721 0
v -0.228696153 -0.102954321 0
v -0.180337384 -0.104764424 0
v -0.129909039 -0.105692923 0
v -0.0784306228 -0.105123669 0
v -0.0262289215 -0.102890208 0
v 0.0336628072 -0.0961778685 0
v 0.0862300023 -0.0656512082 0
v 0.134558871 -0.0594200827 0
v 0.193716511 -0.0568437018 0
v 0.242607519 -0.0436105989 0
v -0.14573057 1.43070543 0
v -0.417793185 1.37727916 0
v -0.678459227 1.26930761 0
v -0.913052499 1.11255729 0
v -1.11255777 0.913052142 0
v -1.26930785 0.678459048 0
v -1.37727916 0.417793036 0
v -1.4323225 0.141071409 0
v 0.826217473 0.580066621 0
v 0.449927658 0.687279522 0
v 0.243851721 1.04427063 0
v 1.08034539 0.569733143 0
v 1.18828523 0.547452211 0
v 1.28382266 0.5045349 0
v 1.36980402 0.442228526 0
v 1.44292498 0.362927526 0
v 1.50037587 0.269679487 0
v 1.53994858 0.166067883 0
v 1.56012273 0.0560742915 0
v 0.0313044861 1.38281202 0
v 0.557195425 0.596567333 0
v -0.122839138 1.16177166 0
v -0.352540195 1.118384 0
v -0.57249409 1.03070879 0
v -0.770447433 0.903423667 0
v -0.938793004 0.741420448 0
v -1.07106113 0.550925195 0
v -1.16216886 0.339258045 0
v -1.20861542 0.114553399 0
v 0.695786536 0.468783349 0
v 0.379786253 0.556198895 0
v 0.208767742 0.847006023 0
v 0.908760488 0.459878385 0
v 0.999518991 0.441870004 0
v 1.07987976 0.407229751 0
v 1.15220261 0.356939912 0
v 1.2137078 0.292932987 0
v 1.26203227 0.217668861 0
v 1.2953186 0.134039834 0
v 1.31228793 0.0452597179 0
v 0.0294171944 1.12292898 0
v 0.470112324 0.482690126 0
v 1.47198939 0.207016066 0
v 1.50101137 0.10553591 0
v 0.363721758 0.777998328 0
v 0.107699893 1.1934284 0
v -0.773342788 1.13231373 0
v -0.984278679 0.962953627 0
v 1.51081109 9.70759584e-11 0
v 0.950430214 0.54402405 0
v 1.10030568 0.530564606 0
v -1.15738928 0.756587803 0
v -0.0359172225 1.34958577 0
v 1.1959784 0.499780893 0
v -1.28602207 0.521146834 0
v 0.64317894 0.554125309 0
v 0.478677779 0.590362489 0
v 1.28415108 0.449790955 0
v -1.36523378 0.265678316 0
v 1.36143494 0.382515788 0
v -1.39198017 -2.97976699e-10 0
v -0.27156198 1.33565533 0
v 1.42486024 0.300540715 0
v -0.532687843 1.25815988 0
v -0.0416508466 0.417900145 0
v -0.131634891 0.403580874 0
v -0.217692241 0.374060988 0
v -0.295994669 0.330713719 0
v -0.36376968 0.275295854 0
v -0.416178882 0.210385159 0
v -0.448202312 0.131131917 0
v -0.466056168 0.0443075225 0
v 0.266796172 0.164396167 0
v 0.144094259 0.198978454 0
v 0.0884955078 0.333435357 0
v 0.341785729 0.160745189 0
v 0.390738457 0.161022499 0
v 0.415496707 0.150672466 0
v 0.428333163 0.124577962 0
v 0.473551184 0.10594596 0
v 0.488549948 0.0836379156 0
v 0.481517076 0.0492643937 0
v 0.487585694 0.0166286658 0
v 0.0315963551 0.422251463 0
v 0.183708608 0.172064677 0
v 0.56833148 0.31288588 0
v 0.656874359 0.304718703 0
v -0.595096767 0.566721201 0
v -0.700103879 0.445880264 0
v 0.0777107477 0.712279558 0
v -0.0179687459 0.793261766 0
v 0.724392235 0.291724056 0
v -0.777635992 0.307652324 0
v 0.388043106 0.320889354 0
v 0.289409041 0.342510432 0
v 0.765942931 0.258439809 0
v -0.825376093 0.156884626 0
v 0.812576413 0.219692722 0
v -0.84155339 1.08380083e-09 0
v -0.163585842 0.784889042 0
v 0.863115609 0.175513849 0
v -0.321577549 0.739576757 0
v 0.878274679 0.11932072 0
v 0.222247675 0.453707397 0
v -0.467267096 0.665908694 0
v 0.895444095 0.060820289 0
v 0.901282907 -2.95860753e-10 0
v 0.292623341 -4.93472763e-11 0
v 0.29090327 0.0220104214 0
v 0.288870722 0.0436016321 0
v -0.289932519 -3.45643819e-10 0
v -0.214622334 1.16026744e-10 0
v -0.160945639 -1.3534654e-10 0
v -0.107268043 9.34933936e-11 0
v -0.0535904616 7.49507678e-11 0
v 8.71264929e-05 7.25769306e-11 0
v 0.0537647083 -3.36492553e-12 0
v 0.10744229 6.62123759e-11 0
v 0.161119893 1.43065629e-10 0
v 0.214798331 -1.39836115e-10 0
v -0.284183681 0.0573827736 0
v -0.209986061 0.0499162413 0
v -0.156998977 0.0466135778 0
v -0.104011036 0.0433108583 0
v -0.0510230772 0.0400081426 0
v 0.001964872 0.0367054231 0
v 0.0549528226 0.0334027112 0
v 0.107940778 0.0300999936 0
v 0.160928726 0.0267972797 0
v 0.213917539 0.0234945081 0
v -0.271256417 0.111355633 0
v -0.204974607 0.103855379 0
v -0.155273348 0.105403006 0
v -0.104281381 0.105607197 0
v -0.0523984693 0.104222775 0
v 0.000645455963 0.100772858 0
v 0.0628127828 0.0718620569 0
v 0.109787613 0.0623569563 0
v 0.161044598 0.0566764921 0
v 0.219675586 0.0476133153 0
v -0.231163368 0.0769543499 0
v -0.179360762 0.0730767176 0
v -0.127293408 0.0690883324 0
v -0.0750947893 0.064912729 0
v -0.0228057709 0.0605290942 0
v 0.0303717479 0.05492929 0
v 0.0827792063 0.0476653315 0
v 0.134584114 0.0427819975 0
v 0.187513188 0.0380582176 0
v 0.23962383 0.032596387 0
v -0.240205705 0.0259082615 0
v -0.186708122 0.0242491364 0
v -0.133203492 0.0225897934 0
v -0.0796988606 0.0209304541 0
v -0.0261942372 0.0192711093 0
v 0.0273103807 0.01761177 0
v 0.0808150023 0.0159524307 0
v 0.134319618 0.0142930876 0
v 0.187824234 0.0126337474 0
v 0.241335899 0.0109741883 0
v -0.251921356 0.140928656 0
v -0.206757531 0.161449715 0
v -0.155325368 0.178443193 0
v -0.10025686 0.190249935 0
v -0.0426835865 0.196293548 0
v 0.0158161521 0.199510738 0
v 0.0642590448 0.138135135 0
v 0.100359134 0.0959450677 0
v 0.144791812 0.0881938189 0
v 0.200678751 0.0847559348 0
v 0.274486154 0.0610628873 0
v 0.245352656 0.0745485872 0
v 0.224540785 0.0845557153 0
v -0.145730585 -1.43070543 0
v -0.417793214 -1.37727916 0
v -0.678459227 -1.26930761 0
v -0.913052499 -1.11255741 0
v -1.11255765 -0.913052142 0
v -1.26930785 -0.678459108 0
v -1.37727916 -0.417793036 0
v -1.4323225 -0.141071409 0
v 0.826217413 -0.580066621 0
v 0.449927658 -0.687279522 0
v 0.243851721 -1.04427063 0
v 1.08034539 -0.569733143 0
v 1.18828511 -0.547452211 0
v 1.28382266 -0.5045349 0
v 1.36980402 -0.442228526 0
v 1.44292498 -0.362927526 0
v 1.50037587 -0.269679487 0
v 1.53994858 -0.166067883 0
v 1.56012273 -0.0560742915 0
v 0.0313044898 -1.38281202 0
v 0.557195365 -0.596567333 0
v -0.12283913 -1.16177154 0
v -0.352540195 -1.118384 0
v -0.57249409 -1.03070867 0
v -0.770447373 -0.903423667 0
v -0.938793004 -0.741420507 0
v -1.07106102 -0.550925136 0
v -1.16216886 -0.339258075 0
v -1.2086153 -0.114553399 0
v 0.695786536 -0.468783349 0
v 0.379786223 -0.556198955 0
v 0.208767742 -0.847005963 0
v 0.908760548 -0.459878385 0
v 0.999518991 -0.441870004 0
v 1.07987976 -0.407229751 0
v 1.15220249 -0.356939912 0
v 1.2137078 -0.292932987 0
v 1.26203215 -0.217668861 0
v 1.29531872 -0.134039834 0
v 1.31228805 -0.0452597141 0
v 0.0294171926 -1.1229291 0
v 0.470112294 -0.482690156 0
v 1.47198951 -0.207016051 0
v 1.50101137 -0.105535917 0
v 0.363721728 -0.777998269 0
v 0.107699893 -1.19342828 0
v -0.773342788 -1.13231373 0
v -0.984278679 -0.962953627 0
v 0.950430155 -0.54402405 0
v 1.10030568 -0.530564547 0
v -1.15738928 -0.756587744 0
v -0.0359172225 -1.34958577 0
v 1.19597852 -0.499780893 0
v -1.28602207 -0.521146834 0
v 0.643178999 -0.554125309 0
v 0.478677779 -0.590362489 0
v 1.28415108 -0.449790955 0
v -1.36523378 -0.265678316 0
v 1.36143506 -0.382515788 0
v -0.27156198 -1.33565533 0
v 1.42486024 -0.300540686 0
v -0.532687843 -1.25815988 0
v -0.0416508466 -0.417900175 0
v -0.131634906 -0.403580874 0
v -0.217692226 -0.374060988 0
v -0.295994669 -0.330713749 0
v -0.36376968 -0.275295883 0
v -0.416178852 -0.210385159 0
v -0.448202312 -0.131131932 0
v -0.466056168 -0.0443075262 0
v 0.266796172 -0.164396152 0
v 0.144094259 -0.198978454 0
v 0.0884955078 -0.333435357 0
v 0.341785729 -0.160745174 0
v 0.390738457 -0.161022499 0
v 0.415496737 -0.150672466 0
v 0.428333193 -0.124577954 0
v 0.473551154 -0.10594596 0
v 0.488549948 -0.0836379081 0
v 0.481517047 -0.04926439 0
v 0.487585694 -0.0166286658 0
v 0.0315963551 -0.422251463 0
v 0.183708638 -0.172064677 0
v 0.56833148 -0.31288588 0
v 0.656874418 -0.304718703 0
v -0.595096767 -0.566721141 0
v -0.700103879 -0.445880264 0
v 0.0777107403 -0.712279558 0
v -0.0179687478 -0.793261826 0
v 0.724392116 -0.291724056 0
v -0.777635992 -0.307652324 0
v 0.388043106 -0.320889324 0
v 0.289409071 -0.342510402 0
v 0.765942931 -0.258439779 0
v -0.825376034 -0.156884611 0
v 0.812576413 -0.219692737 0
v -0.163585827 -0.784889042 0
v 0.863115668 -0.175513834 0
v -0.321577519 -0.739576757 0
v 0.878274679 -0.119320728 0
v 0.222247675 -0.453707337 0
v -0.467267126 -0.665908694 0
v 0.895444155 -0.0608202927 0
v 0.29090324 -0.0220104214 0
v 0.288870752 -0.0436016358 0
v -0.284183651 -0.0573827699 0
v -0.209986061 -0.0499162413 0
v -0.156998992 -0.0466135778 0
v -0.104011036 -0.0433108583 0
v -0.0510230772 -0.0400081389 0
v 0.001964872 -0.0367054194 0
v 0.0549528189 -0.0334027074 0
v 0.107940778 -0.0300999936 0
v 0.160928726 -0.0267972779 0
v 0.213917553 -0.0234945081 0
v -0.271256417 -0.111355633 0
v -0.204974607 -0.103855371 0
v -0.155273348 -0.105403014 0
v -0.104281381 -0.105607204 0
v -0.0523984693 -0.10422276 0
v 0.00064545637 -0.100772865 0
v 0.0628127754 -0.0718620643 0
v 0.109787621 -0.0623569526 0
v 0.161044613 -0.0566764958 0
v 0.219675586 -0.0476133153 0
v -0.231163368 -0.0769543573 0
v -0.179360747 -0.0730767101 0
v -0.127293393 -0.0690883249 0
v -0.0750947818 -0.064912729 0
v -0.0228057709 -0.0605290979 0
v 0.0303717498 -0.0549292937 0
v 0.0827791989 -0.0476653315 0
v 0.134584114 -0.0427820012 0
v 0.187513202 -0.0380582139 0
v 0.239623815 -0.0325963832 0
v -0.240205705 -0.0259082634 0
v -0.186708122 -0.0242491364 0
v -0.133203477 -0.0225897934 0
v -0.0796988606 -0.0209304541 0
v -0.0261942372 -0.0192711093 0
v 0.0273103788 -0.01761177 0
v 0.0808150098 -0.0159524307 0
v 0.134319633 -0.0142930876 0
v 0.187824264 -0.0126337474 0
v 0.241335899 -0.0109741883 0
v -0.251921326 -0.140928641 0
v -0.206757516 -0.161449715 0
v -0.155325368 -0.178443193 0
v -0.100256868 -0.19024995 0
v -0.0426835828 -0.196293548 0
v 0.0158161502 -0.199510723 0
v 0.0642590523 -0.138135135 0
v 0.100359134 -0.0959450752 0
v 0.144791797 -0.0881938264 0
v 0.200678736 -0.0847559199 0
v 0.274486125 -0.0610628873 0
v 0.245352656 -0.0745485798 0
v 0.22454077 -0.0845557228 0
v 1.48884857 0.157031521 0
v 0.236216649 0.987964988 0
v -0.883059502 1.05269861 0
v 1.50835335 0.0530230738 0
v 1.04450059 0.538735032 0
v -1.07601106 0.863927364 0
v 0.030651411 1.30841935 0
v 1.14885426 0.517663419 0
v -1.22761214 0.641955972 0
v 0.538884878 0.564253151 0
v 1.24122143 0.477081329 0
v -1.33203673 0.395314574 0
v 1.32434976 0.418165296 0
v -1.38527215 0.133481368 0
v -0.140927121 1.35372984 0
v 1.39504457 0.343179405 0
v 0.798903465 0.548576772 0
v -0.404069066 1.30317771 0
v 1.45058882 0.2550053 0
v 0.435164273 0.650065839 0
v -0.656172395 1.20101547 0
v 0.623701334 0.309503376 0
v -0.650745749 0.50872004 0
v 0.0280339494 0.772170544 0
v 0.688608229 0.298538029 0
v -0.742575049 0.378740817 0
v 0.325962663 0.327284724 0
v 0.74315238 0.275415033 0
v -0.805318594 0.233424634 0
v 0.790078461 0.240168065 0
v -0.837495983 0.0788215399 0
v -0.0841794461 0.795463443 0
v 0.836063325 0.197817147 0
v 0.479546785 0.316548347 0
v -0.243750021 0.765910029 0
v 0.868876815 0.147599593 0
v 0.263099879 0.377411276 0
v -0.396319568 0.706131577 0
v 0.888212442 0.0904993713 0
v 0.150965542 0.582481444 0
v -0.533735216 0.619285345 0
v 0.89981854 0.0305571686 0
v 0.292191893 0.0110584181 0
v 0.289151013 0.03280361 0
v -0.277560681 0.0852317959 0
v -0.20532155 0.0750152394 0
v -0.153345808 0.0711043105 0
v -0.101208046 0.0670253858 0
v -0.0489588603 0.0627478808 0
v 0.00351369753 0.0581449829 0
v 0.0568968058 0.0506291352 0
v 0.108605802 0.0452013277 0
v 0.160845697 0.0404041633 0
v 0.213806406 0.0351965912 0
v -0.288490683 0.0288300943 0
v -0.213459536 0.0250787809 0
v -0.159955785 0.0234194659 0
v -0.106451184 0.0217601229 0
v -0.0529465489 0.0201007817 0
v 0.000558071595 0.0184414405 0
v 0.0540626869 0.0167820975 0
v 0.107567303 0.0151227601 0
v 0.161071926 0.013463418 0
v 0.214577422 0.0118040498 0
v -0.277445257 0.136767641 0
v -0.230587944 0.151353389 0
v -0.181561321 0.170550153 0
v -0.128177404 0.185035348 0
v -0.0717081055 0.194019124 0
v -0.0133248521 0.197278962 0
v 0.0455539189 0.222196966 0
v 0.0825958326 0.106272005 0
v 0.120372444 0.091393739 0
v 0.173844531 0.08519952 0
v 0.313855678 0.0596344471 0
v 0.257927805 0.0667708963 0
v 0.26110974 0.0939644352 0
v 0.224567428 0.0933050811 0
v 1.48884857 -0.157031536 0
v 0.236216649 -0.987964928 0
v -0.883059502 -1.05269861 0
v 1.50835347 -0.0530230738 0
v 1.04450059 -0.538735032 0
v -1.07601118 -0.863927424 0
v 0.0306514092 -1.30841923 0
v 1.14885426 -0.517663419 0
v -1.22761214 -0.641956031 0
v 0.538884878 -0.564253211 0
v 1.24122155 -0.477081329 0
v -1.33203673 -0.395314604 0
v 1.32434976 -0.418165326 0
v -1.38527203 -0.133481354 0
v -0.140927136 -1.35372996 0
v 1.39504457 -0.343179405 0
v 0.798903465 -0.548576713 0
v -0.404069066 -1.3031776 0
v 1.45058894 -0.2550053 0
v 0.435164273 -0.65006578 0
v -0.656172395 -1.20101523 0
v 0.623701394 -0.309503347 0
v -0.650745749 -0.508719981 0
v 0.0280339476 -0.772170544 0
v 0.688608229 -0.298537999 0
v -0.742575049 -0.378740847 0
v 0.325962692 -0.327284753 0
v 0.74315238 -0.275415003 0
v -0.805318534 -0.233424634 0
v 0.790078461 -0.24016808 0
v -0.837495983 -0.0788215548 0
v -0.0841794536 -0.795463443 0
v 0.836063325 -0.197817147 0
v 0.479546785 -0.316548318 0
v -0.243750021 -0.76590997 0
v 0.868876815 -0.147599593 0
v 0.263099879 -0.377411276 0
v -0.396319568 -0.706131518 0
v 0.888212383 -0.0904993787 0
v 0.150965542 -0.582481444 0
v -0.533735216 -0.619285285 0
v 0.89981854 -0.0305571686 0
v 0.292191893 -0.011058419 0
v 0.289151043 -0.03280361 0
v -0.277560681 -0.0852317959 0
v -0.20532155 -0.0750152394 0
v -0.153345838 -0.0711043105 0
v -0.101208039 -0.0670253932 0
v -0.0489588641 -0.0627478883 0
v 0.00351369753 -0.0581449829 0
v 0.056896802 -0.0506291315 0
v 0.108605795 -0.0452013314 0
v 0.160845697 -0.0404041596 0
v 0.213806391 -0.0351965912 0
v -0.288490683 -0.0288300943 0
v -0.213459551 -0.0250787791 0
v -0.159955785 -0.0234194659 0
v -0.106451169 -0.0217601247 0
v -0.0529465489 -0.0201007817 0
v 0.000558071304 -0.0184414424 0
v 0.0540626869 -0.0167820994 0
v 0.107567303 -0.0151227582 0
v 0.161071926 -0.013463418 0
v 0.214577422 -0.0118040498 0
v -0.277445227 -0.136767626 0
v -0.230587929 -0.151353389 0
v -0.181561321 -0.170550168 0
v -0.128177404 -0.185035348 0
v -0.0717081055 -0.194019109 0
v -0.0133248512 -0.197278962 0
v 0.0455539189 -0.222196981 0
v 0.0825958326 -0.106272005 0
v 0.120372444 -0.091393739 0
v 0.173844531 -0.0851995125 0
v 0.313855678 -0.0596344508 0
v 0.257927805 -0.0667709038 0
v 0.26110971 -0.0939644426 0
v 0.224567428 -0.0933050737 0
vn 0 0 1
vn 0 0 1
vn 0 0 1
vn 0 0 1
vn 0 0 1
vn 0 0 1
vn 0 0 1
vn 0 0 1
vn 0 0 1
vn 0 0 1
vn 0 0 1
vn 0 0 1
vn 0 0 1
vn 0 0 1
vn 0 0 1
vn 0 0 1
vn 0 0 1
vn 0 0 1
vn 0 0 1
vn 0 0 1
vn 0 0 1
vn 0 0 1
vn 0 0 1
vn 0 0 1
vn 0 0 1
vn 0 0 1
vn 0 0 1
vn 0 0 1
vn 0 0 1
vn 0 0 1
vn 0 0 1
vn 0 0 1
vn 0 0 1
vn 0 0 1
vn 0 0 1
vn 0 0 1
vn 0 0 1
vn 0 0 1
vn 0 0 1
vn 0 0 1
vn 0 0 1
vn 0 0 1
vn 0 0 1
vn 0 0 1
vn 0 0 1
vn 0 0 1
vn 0 0 1
vn 0 0 1
vn 0 0 1
vn 0 0 1
vn 0 0 1
vn 0 0 1
vn 0 0 1
vn 0 0 1
vn 0 0 1
vn 0 0 1
vn 0 0 1
vn 0 0 1
vn 0 0 1
vn 0 0 1
vn 0 0 1
vn 0 0 1
vn 0 0 1
vn 0 0 1
vn 0 0 1
vn 0 0 1
vn 0 0 1
vn 0 0 1
vn 0 0 1
vn 0 0 1
vn 0 0 1
vn 0 0 1
vn 0 0 1
vn 0 0 1
vn 0 0 1
vn 0 0 1
vn 0 0 1
vn 0 0 1
vn 0 0 1
vn 0 0 1
vn 0 0 1
vn 0 0 1
vn 0 0 1
vn 0 0 1
vn 0 0 1
vn 0 0 1
vn 0 0 1
vn 0 0 1
vn 0 0 1
vn 0 0 1
vn 0 0 1
vn 0 0 1
vn 0 0 1
vn 0 0 1
vn 0 0 1
vn 0 0 1
vn 0 0 1
vn 0 0 1
vn 0 0 1
vn 0 0 1
vn 0 0 1
vn 0 0 1
vn 0 0 1
vn 0 0 1
vn 0 0 1
vn 0 0 1
vn 0 0 1
vn 0 0 1
vn 0 0 1
vn 0 0 1
vn 0 0 1
vn 0 0 1
vn 0 0 1
vn 0 0 1
vn 0 0 1
vn 0 0 1
vn 0 0 1
vn 0 0 1
vn 0 0 1
vn 0 0 1
vn 0 0 1
vn 0 0 1
vn 0 0 1
vn 0 0 1
vn 0 0 1
vn 0 0 1
vn 0 0 1
vn 0 0 1
vn 0 0 1
vn 0 0 1
vn 0 0 1
vn 0 0 1
vn 0 0 1
vn 0 0 1
vn 0 0 1
vn 0 0 1
vn 0 0 1
vn 0 0 1
vn 0 0 1
vn 0 0 1
vn 0 0 1
vn 0 0 1
vn 0 0 1
vn 0 0 1
vn 0 0 1
vn 0 0 1
vn 0 0 1
vn 0 0 1
vn 0 0 1
vn 0 0 1
vn 0 0 1
vn 0 0 1
vn 0 0 1
vn 0 0 1
vn 0 0 1
vn 0 0 1
vn 0 0 1
vn 0 0 1
vn 0 0 1
vn 0 0 1
vn 0 0 1
vn 0 0 1
vn 0 0 1
vn 0 0 1
vn 0 0 1
vn 0 0 1
vn 0 0 1
vn 0 0 1
vn 0 0 1
vn 0 0 1
vn 0 0 1
vn 0 0 1
vn 0 0 1
vn 0 0 1
vn 0 0 1
vn 0 0 1
vn 0 0 1
vn 0 0 1
vn 0 0 1
vn 0 0 1
vn 0 0 1
vn 0 0 1
vn 0 0 1
vn 0 0 1
vn 0 0 1
vn 0 0 1
vn 0 0 1
vn 0 0 1
vn 0 0 1
vn 0 0 1
vn 0 0 1
vn 0 0 1
vn 0 0 1
vn 0 0 1
vn 0 0 1
vn 0 0 1
vn 0 0 1
vn 0 0 1
vn 0 0 1
vn 0 0 1
vn 0 0 1
vn 0 0 1
vn 0 0 1
vn 0 0 1
vn 0 0 1
vn 0 0 1
vn 0 0 1
vn 0 0 1
vn 0 0 1
vn 0 0 1
vn 0 0 1
vn 0 0 1
vn 0 0 1
vn 0 0 1
vn 0 0 1
vn 0 0 1
vn 0 0 1
vn 0 0 1
vn 0 0 1
vn 0 0 1
vn 0 0 1
vn 0 0 1
vn 0 0 1
vn 0 0 1
vn 0 0 1
vn 0 0 1
vn 0 0 1
vn 0 0 1
vn 0 0 1
vn 0 0 1
vn 0 0 1
vn 0 0 1
vn 0 0 1
vn 0 0 1
vn 0 0 1
vn 0 0 1
vn 0 0 1
vn 0 0 1
vn 0 0 1
vn 0 0 1
vn 0 0 1
vn 0 0 1
vn 0 0 1
vn 0 0 1
vn 0 0 1
vn 0 0 1
vn 0 0 1
vn 0 0 1
vn 0 0 1
vn 0 0 1
vn 0 0 1
vn 0 0 1
vn 0 0 1
vn 0 0 1
vn 0 0 1
vn 0 0 1
vn 0 0 1
vn 0 0 1
vn 0 0 1
vn 0 0 1
vn 0 0 1
vn 0 0 1
vn 0 0 1
vn 0 0 1
vn 0 0 1
vn 0 0 1
vn 0 0 1
vn 0 0 1
vn 0 0 1
vn 0 0 1
vn 0 0 1
vn 0 0 1
vn 0 0 1
vn 0 0 1
vn 0 0 1
vn 0 0 1
vn 0 0 1
vn 0 0 1
vn 0 0 1
vn 0 0 1
vn 0 0 1
vn 0 0 1
vn 0 0 1
vn 0 0 1
vn 0 0 1
vn 0 0 1
vn 0 0 1
vn 0 0 1
vn 0 0 1
vn 0 0 1
vn 0 0 1
vn 0 0 1
vn 0 0 1
vn 0 0 1
vn 0 0 1
vn 0 0 1
vn 0 0 1
vn 0 0 1
vn 0 0 1
vn 0 0 1
vn 0 0 1
vn 0 0 1
vn 0 0 1
vn 0 0 1
vn 0 0 1
vn 0 0 1
vn 0 0 1
vn 0 0 1
vn 0 0 1
vn 0 0 1
vn 0 0 1
vn 0 0 1
vn 0 0 1
vn 0 0 1
vn 0 0 1
vn 0 0 1
vn 0 0 1
vn 0 0 1
vn 0 0 1
vn 0 0 1
vn 0 0 1
vn 0 0 1
vn 0 0 1
vn 0 0 1
vn 0 0 1
vn 0 0 1
vn 0 0 1
vn 0 0 1
vn 0 0 1
vn 0 0 1
vn 0 0 1
vn 0 0 1
vn 0 0 1
vn 0 0 1
vn 0 0 1
vn 0 0 1
vn 0 0 1
vn 0 0 1
vn 0 0 1
vn 0 0 1
vn 0 0 1
vn 0 0 1
vn 0 0 1
vn 0 0 1
vn 0 0 1
vn 0 0 1
vn 0 0 1
vn 0 0 1
vn 0 0 1
vn 0 0 1
vn 0 0 1
vn 0 0 1
vn 0 0 1
vn 0 0 1
vn 0 0 1
vn 0 0 1
vn 0 0 1
vn 0 0 1
vn 0 0 1
vn 0 0 1
vn 0 0 1
vn 0 0 1
vn 0 0 1
vn 0 0 1
vn 0 0 1
vn 0 0 1
vn 0 0 1
vn 0 0 1
vn 0 0 1
vn 0 0 1
vn 0 0 1
vn 0 0 1
vn 0 0 1
vn 0 0 1
vn 0 0 1
vn 0 0 1
vn 0 0 1
vn 0 0 1
vn 0 0 1
vn 0 0 1
vn 0 0 1
vn 0 0 1
vn 0 0 1
vn 0 0 1
vn 0 0 1
vn 0 0 1
vn 0 0 1
vn 0 0 1
vn 0 0 1
vn 0 0 1
vn 0 0 1
vn 0 0 1
vn 0 0 1
vn 0 0 1
vn 0 0 1
vn 0 0 1
vn 0 0 1
vn 0 0 1
vn 0 0 1
vn 0 0 1
vn 0 0 1
vn 0 0 1
vn 0 0 1
vn 0 0 1
vn 0 0 1
vn 0 0 1
vn 0 0 1
vn 0 0 1
vn 0 0 1
vn 0 0 1
vn 0 0 1
vn 0 0 1
vn 0 0 1
vn 0 0 1
vn 0 0 1
vn 0 0 1
vn 0 0 1
vn 0 0 1
vn 0 0 1
vn 0 0 1
vn 0 0 1
vn 0 0 1
vn 0 0 1
vn 0 0 1
vn 0 0 1
vn 0 0 1
vn 0 0 1
vn 0 0 1
vn 0 0 1
vn 0 0 1
vn 0 0 1
vn 0 0 1
vn 0 0 1
vn 0 0 1
vn 0 0 1
vn 0 0 1
vn 0 0 1
vn 0 0 1
vn 0 0 1
vn 0 0 1
vn 0 0 1
vn 0 0 1
vn 0 0 1
vn 0 0 1
vn 0 0 1
vn 0 0 1
vn 0 0 1
vn 0 0 1
vn 0 0 1
vn 0 0 1
vn 0 0 1
vn 0 0 1
vn 0 0 1
vn 0 0 1
vn 0 0 1
vn 0 0 1
vn 0 0 1
vn 0 0 1
vn 0 0 1
vn 0 0 1
vn 0 0 1
vn 0 0 1
vn 0 0 1
vn 0 0 1
vn 0 0 1
vn 0 0 1
vn 0 0 1
vn 0 0 1
vn 0 0 1
vn 0 0 1
vn 0 0 1
vn 0 0 1
vn 0 0 1
vn 0 0 1
vn 0 0 1
vn 0 0 1
vn 0 0 1
vn 0 0 1
vn 0 0 1
vn 0 0 1
vn 0 0 1
vn 0 0 1
vn 0 0 1
vn 0 0 1
vn 0 0 1
vn 0 0 1
vn 0 0 1
vn 0 0 1
vn 0 0 1
vn 0 0 1
vn 0 0 1
vn 0 0 1
vn 0 0 1
vn 0 0 1
vn 0 0 1
vn 0 0 1
vn 0 0 1
vn 0 0 1
vn 0 0 1
vn 0 0 1
vn 0 0 1
vn 0 0 1
vn 0 0 1
vn 0 0 1
vn 0 0 1
vn 0 0 1
vn 0 0 1
vn 0 0 1
vn 0 0 1
vn 0 0 1
vn 0 0 1
vn 0 0 1
vn 0 0 1
vn 0 0 1
vn 0 0 1
vn 0 0 1
vn 0 0 1
vn 0 0 1
vn 0 0 1
vn 0 0 1
vn 0 0 1
vn 0 0 1
vn 0 0 1
vn 0 0 1
vn 0 0 1
vn 0 0 1
vn 0 0 1
vn 0 0 1
vn 0 0 1
vn 0 0 1
vn 0 0 1
vn 0 0 1
vn 0 0 1
vn 0 0 1
vn 0 0 1
vn 0 0 1
vn 0 0 1
vn 0 0 1
vn 0 0 1
vn 0 0 1
vn 0 0 1
vn 0 0 1
vn 0 0 1
vn 0 0 1
vn 0 0 1
vn 0 0 1
vn 0 0 1
vn 0 0 1
vn 0 0 1
vn 0 0 1
vn 0 0 1
vn 0 0 1
vn 0 0 1
vn 0 0 1
vn 0 0 1
vn 0 0 1
vn 0 0 1
vn 0 0 1
vn 0 0 1
vn 0 0 1
vn 0 0 1
vn 0 0 1
vn 0 0 1
vn 0 0 1
vn 0 0 1
vn 0 0 1
vn 0 0 1
vn 0 0 1
vn 0 0 1
vn 0 0 1
vn 0 0 1
vn 0 0 1
vn 0 0 1
vn 0 0 1
vn 0 0 1
vn 0 0 1
vn 0 0 1
vn 0 0 1
vn 0 0 1
vn 0 0 1
vn 0 0 1
vn 0 0 1
vn 0 0 1
vn 0 0 1
vn 0 0 1
vn 0 0 1
vn 0 0 1
vn 0 0 1
vn 0 0 1
vn 0 0 1
vn 0 0 1
vn 0 0 1
vn 0 0 1
vn 0 0 1
vn 0 0 1
vn 0 0 1
vn 0 0 1
vn 0 0 1
vn 0 0 1
vn 0 0 1
vn 0 0 1
vn 0 0 1
vn 0 0 1
vn 0 0 1
vn 0 0 1
vn 0 0 1
vn 0 0 1
vn 0 0 1
vn 0 0 1
vn 0 0 1
vn 0 0 1
vn 0 0 1
vn 0 0 1
vn 0 0 1
vn 0 0 1
vn 0 0 1
vn 0 0 1
vn 0 0 1
vn 0 0 1
vn 0 0 1
vn 0 0 1
vn 0 0 1
vn 0 0 1
vn 0 0 1
vn 0 0 1
vn 0 0 1
vn 0 0 1
vn 0 0 1
vn 0 0 1
vn 0 0 1
vn 0 0 1
vn 0 0 1
vn 0 0 1
vn 0 0 1
vn 0 0 1
vn 0 0 1
vn 0 0 1
vn 0 0 1
vn 0 0 1
vn 0 0 1
vn 0 0 1
vn 0 0 1
vn 0 0 1
vn 0 0 1
vn 0 0 1
vn 0 0 1
vn 0 0 1
vn 0 0 1
vn 0 0 1
vn 0 0 1
vn 0 0 1
vn 0 0 1
vn 0 0 1
vn 0 0 1
vn 0 0 1
vn 0 0 1
vn 0 0 1
vn 0 0 1
vn 0 0 1
vn 0 0 1
vn 0 0 1
vn 0 0 1
vn 0 0 1
f 18//18 194//194 508//508
f 18//18 508//508 220//220
f 194//194 17//17 219//219
f 194//194 219//219 508//508
f 508//508 219//219 37//37
f 508//508 37//37 215//215
f 220//220 508//508 215//215
f 220//220 215//215 38//38
f 19//19 222//222 509//509
f 19//19 509//509 187//187
f 222//222 39//39 208//208
f 222//222 208//208 509//509
f 509//509 208//208 30//30
f 509//509 30//30 221//221
f 187//187 509//509 221//221
f 187//187 221//221 10//10
f 5//5 224//224 510//510
f 5//5 510//510 180//180
f 224//224 25//25 201//201
f 224//224 201//201 510//510
f 510//510 201//201 24//24
f 510//510 24//24 223//223
f 180//180 510//510 223//223
f 180//180 223//223 4//4
f 100//100 195//195 511//511
f 100//100 511//511 225//225
f 195//195 18//18 220//220
f 195//195 220//220 511//511
f 511//511 220//220 38//38
f 511//511 38//38 216//216
f 225//225 511//511 216//216
f 225//225 216//216 122//122
f 12//12 188//188 512//512
f 12//12 512//512 227//227
f 188//188 11//11 226//226
f 188//188 226//226 512//512
f 512//512 226//226 31//31
f 512//512 31//31 209//209
f 227//227 512//512 209//209
f 227//227 209//209 32//32
f 6//6 228//228 513//513
f 6//6 513//513 181//181
f 228//228 26//26 202//202
f 228//228 202//202 513//513
f 513//513 202//202 25//25
f 513//513 25//25 224//224
f 181//181 513//513 224//224
f 181//181 224//224 5//5
f 1//1 229//229 514//514
f 1//1 514//514 196//196
f 229//229 21//21 217//217
f 229//229 217//217 514//514
f 514//514 217//217 39//39
f 514//514 39//39 222//222
f 196//196 514//514 222//222
f 196//196 222//222 19//19
f 13//13 189//189 515//515
f 13//13 515//515 230//230
f 189//189 12//12 227//227
f 189//189 227//227 515//515
f 515//515 227//227 32//32
f 515//515 32//32 210//210
f 230//230 515//515 210//210
f 230//230 210//210 33//33
f 7//7 231//231 516//516
f 7//7 516//516 182//182
f 231//231 27//27 203//203
f 231//231 203//203 516//516
f 516//516 203//203 26//26
f 516//516 26//26 228//228
f 182//182 516//516 228//228
f 182//182 228//228 6//6
f 9//9 233//233 517//517
f 9//9 517//517 197//197
f 233//233 29//29 218//218
f 233//233 218//218 517//517
f 517//517 218//218 40//40
f 517//517 40//40 232//232
f 197//197 517//517 232//232
f 197//197 232//232 20//20
f 14//14 190//190 518//518
f 14//14 518//518 234//234
f 190//190 13//13 230//230
f 190//190 230//230 518//518
f 518//518 230//230 33//33
f 518//518 33//33 211//211
f 234//234 518//518 211//211
f 234//234 211//211 34//34
f 8//8 235//235 519//519
f 8//8 519//519 183//183
f 235//235 28//28 204//204
f 235//235 204//204 519//519
f 519//519 204//204 27//27
f 519//519 27//27 231//231
f 183//183 519//519 231//231
f 183//183 231//231 7//7
f 15//15 191//191 520//520
f 15//15 520//520 236//236
f 191//191 14//14 234//234
f 191//191 234//234 520//520
f 520//520 234//234 34//34
f 520//520 34//34 212//212
f 236//236 520//520 212//212
f 236//236 212//212 35//35
f 89//89 237//237 521//521
f 89//89 521//521 184//184
f 237//237 111//111 205//205
f 237//237 205//205 521//521
f 521//521 205//205 28//28
f 521//521 28//28 235//235
f 184//184 521//521 235//235
f 184//184 235//235 8//8
f 2//2 238//238 522//522
f 2//2 522//522 177//177
f 238//238 22//22 198//198
f 238//238 198//198 522//522
f 522//522 198//198 21//21
f 522//522 21//21 229//229
f 177//177 522//522 229//229
f 177//177 229//229 1//1
f 16//16 192//192 523//523
f 16//16 523//523 239//239
f 192//192 15//15 236//236
f 192//192 236//236 523//523
f 523//523 236//236 35//35
f 523//523 35//35 213//213
f 239//239 523//523 213//213
f 239//239 213//213 36//36
f 20//20 232//232 524//524
f 20//20 524//524 185//185
f 232//232 40//40 206//206
f 232//232 206//206 524//524
f 524//524 206//206 31//31
f 524//524 31//31 226//226
f 185//185 524//524 226//226
f 185//185 226//226 11//11
f 3//3 240//240 525//525
f 3//3 525//525 178//178
f 240//240 23//23 199//199
f 240//240 199//199 525//525
f 525//525 199//199 22//22
f 525//525 22//22 238//238
f 178//178 525//525 238//238
f 178//178 238//238 2//2
f 17//17 193//193 526//526
f 17//17 526//526 219//219
f 193//193 16//16 239//239
f 193//193 239//239 526//526
f 526//526 239//239 36//36
f 526//526 36//36 214//214
f 219//219 526//526 214//214
f 219//219 214//214 37//37
f 10//10 221//221 527//527
f 10//10 527//527 186//186
f 221//221 30//30 207//207
f 221//221 207//207 527//527
f 527//527 207//207 29//29
f 527//527 29//29 233//233
f 186//186 527//527 233//233
f 186//186 233//233 9//9
f 4//4 223//223 528//528
f 4//4 528//528 179//179
f 223//223 24//24 200//200
f 223//223 200//200 528//528
f 528//528 200//200 23//23
f 528//528 23//23 240//240
f 179//179 528//528 240//240
f 179//179 240//240 3//3
f 32//32 209//209 529//529
f 32//32 529//529 263//263
f 209//209 31//31 262//262
f 209//209 262//262 529//529
f 529//529 262//262 51//51
f 529//529 51//51 252//252
f 263//263 529//529 252//252
f 263//263 252//252 52//52
f 26//26 265//265 530//530
f 26//26 530//530 202//202
f 265//265 46//46 245//245
f 265//265 245//245 530//530
f 530//530 245//245 45//45
f 530//530 45//45 264//264
f 202//202 530//530 264//264
f 202//202 264//264 25//25
f 21//21 267//267 531//531
f 21//21 531//531 217//217
f 267//267 41//41 260//260
f 267//267 260//260 531//531
f 531//531 260//260 59//59
f 531//531 59//59 266//266
f 217//217 531//531 266//266
f 217//217 266//266 39//39
f 33//33 210//210 532//532
f 33//33 532//532 268//268
f 210//210 32//32 263//263
f 210//210 263//263 532//532
f 532//532 263//263 52//52
f 532//532 52//52 253//253
f 268//268 532//532 253//253
f 268//268 253//253 53//53
f 27//27 269//269 533//533
f 27//27 533//533 203//203
f 269//269 47//47 246//246
f 269//269 246//246 533//533
f 533//533 246//246 46//46
f 533//533 46//46 265//265
f 203//203 533//533 265//265
f 203//203 265//265 26//26
f 29//29 271//271 534//534
f 29//29 534//534 218//218
f 271//271 49//49 261//261
f 271//271 261//261 534//534
f 534//534 261//261 60//60
f 534//534 60//60 270//270
f 218//218 534//534 270//270
f 218//218 270//270 40//40
f 34//34 211//211 535//535
f 34//34 535//535 272//272
f 211//211 33//33 268//268
f 211//211 268//268 535//535
f 535//535 268//268 53//53
f 535//535 53//53 254//254
f 272//272 535//535 254//254
f 272//272 254//254 54//54
f 28//28 273//273 536//536
f 28//28 536//536 204//204
f 273//273 48//48 247//247
f 273//273 247//247 536//536
f 536//536 247//247 47//47
f 536//536 47//47 269//269
f 204//204 536//536 269//269
f 204//204 269//269 27//27
f 35//35 212//212 537//537
f 35//35 537//537 274//274
f 212//212 34//34 272//272
f 212//212 272//272 537//537
f 537//537 272//272 54//54
f 537//537 54//54 255//255
f 274//274 537//537 255//255
f 274//274 255//255 55//55
f 111//111 275//275 538//538
f 111//111 538//538 205//205
f 275//275 133//133 248//248
f 275//275 248//248 538//538
f 538//538 248//248 48//48
f 538//538 48//48 273//273
f 205//205 538//538 273//273
f 205//205 273//273 28//28
f 22//22 276//276 539//539
f 22//22 539//539 198//198
f 276//276 42//42 241//241
f 276//276 241//241 539//539
f 539//539 241//241 41//41
f 539//539 41//41 267//267
f 198//198 539//539 267//267
f 198//198 267//267 21//21
f 36//36 213//213 540//540
f 36//36 540//540 277//277
f 213//213 35//35 274//274
f 213//213 274//274 540//540
f 540//540 274//274 55//55
f 540//540 55//55 256//256
f 277//277 540//540 256//256
f 277//277 256//256 56//56
f 40//40 270//270 541//541
f 40//40 541//541 206//206
f 270//270 60//60 249//249
f 270//270 249//249 541//541
f 541//541 249//249 51//51
f 541//541 51//51 262//262
f 206//206 541//541 262//262
f 206//206 262//262 31//31
f 23//23 278//278 542//542
f 23//23 542//542 199//199
f 278//278 43//43 242//242
f 278//278 242//242 542//542
f 542//542 242//242 42//42
f 542//542 42//42 276//276
f 199//199 542//542 276//276
f 199//199 276//276 22//22
f 37//37 214//214 543//543
f 37//37 543//543 279//279
f 214//214 36//36 277//277
f 214//214 277//277 543//543
f 543//543 277//277 56//56
f 543//543 56//56 257//257
f 279//279 543//543 257//257
f 279//279 257//257 57//57
f 30//30 280//280 544//544
f 30//30 544//544 207//207
f 280//280 50//50 250//250
f 280//280 250//250 544//544
f 544//544 250//250 49//49
f 544//544 49//49 271//271
f 207//207 544//544 271//271
f 207//207 271//271 29//29
f 24//24 281//281 545//545
f 24//24 545//545 200//200
f 281//281 44//44 243//243
f 281//281 243//243 545//545
f 545//545 243//243 43//43
f 545//545 43//43 278//278
f 200//200 545//545 278//278
f 200//200 278//278 23//23
f 38//38 215//215 546//546
f 38//38 546//546 282//282
f 215//215 37//37 279//279
f 215//215 279//279 546//546
f 546//546 279//279 57//57
f 546//546 57//57 258//258
f 282//282 546//546 258//258
f 282//282 258//258 58//58
f 39//39 266//266 547//547
f 39//39 547//547 208//208
f 266//266 59//59 251//251
f 266//266 251//251 547//547
f 547//547 251//251 50//50
f 547//547 50//50 280//280
f 208//208 547//547 280//280
f 208//208 280//280 30//30
f 25//25 264//264 548//548
f 25//25 548//548 201//201
f 264//264 45//45 244//244
f 264//264 244//244 548//548
f 548//548 244//244 44//44
f 548//548 44//44 281//281
f 201//201 548//548 281//281
f 201//201 281//281 24//24
f 122//122 216//216 549//549
f 122//122 549//549 283//283
f 216//216 38//38 282//282
f 216//216 282//282 549//549
f 549//549 282//282 58//58
f 549//549 58//58 259//259
f 283//283 549//549 259//259
f 283//283 259//259 144//144
f 70//70 336//336 550//550
f 70//70 550//550 285//285
f 336//336 156//156 284//284
f 336//336 284//284 550//550
f 550//550 284//284 144//144
f 550//550 144//144 259//259
f 285//285 550//550 259//259
f 285//285 259//259 58//58
f 80//80 326//326 551//551
f 80//80 551//551 286//286
f 326//326 70//70 285//285
f 326//326 285//285 551//551
f 551//551 285//285 58//58
f 551//551 58//58 258//258
f 286//286 551//551 258//258
f 286//286 258//258 57//57
f 47//47 247//247 552//552
f 47//47 552//552 307//307
f 247//247 48//48 297//297
f 247//247 297//297 552//552
f 552//552 297//297 61//61
f 552//552 61//61 317//317
f 307//307 552//552 317//317
f 307//307 317//317 71//71
f 71//71 317//317 553//553
f 71//71 553//553 308//308
f 317//317 61//61 298//298
f 317//317 298//298 553//553
f 553//553 298//298 62//62
f 553//553 62//62 318//318
f 308//308 553//553 318//318
f 308//308 318//318 72//72
f 72//72 318//318 554//554
f 72//72 554//554 309//309
f 318//318 62//62 299//299
f 318//318 299//299 554//554
f 554//554 299//299 63//63
f 554//554 63//63 319//319
f 309//309 554//554 319//319
f 309//309 319//319 73//73
f 73//73 319//319 555//555
f 73//73 555//555 310//310
f 319//319 63//63 300//300
f 319//319 300//300 555//555
f 555//555 300//300 64//64
f 555//555 64//64 320//320
f 310//310 555//555 320//320
f 310//310 320//320 74//74
f 74//74 320//320 556//556
f 74//74 556//556 311//311
f 320//320 64//64 301//301
f 320//320 301//301 556//556
f 556//556 301//301 65//65
f 556//556 65//65 321//321
f 311//311 556//556 321//321
f 311//311 321//321 75//75
f 75//75 321//321 557//557
f 75//75 557//557 312//312
f 321//321 65//65 302//302
f 321//321 302//302 557//557
f 557//557 302//302 66//66
f 557//557 66//66 322//322
f 312//312 557//557 322//322
f 312//312 322//322 76//76
f 76//76 322//322 558//558
f 76//76 558//558 313//313
f 322//322 66//66 303//303
f 322//322 303//303 558//558
f 558//558 303//303 67//67
f 558//558 67//67 323//323
f 313//313 558//558 323//323
f 313//313 323//323 77//77
f 77//77 323//323 559//559
f 77//77 559//559 314//314
f 323//323 67//67 304//304
f 323//323 304//304 559//559
f 559//559 304//304 68//68
f 559//559 68//68 324//324
f 314//314 559//559 324//324
f 314//314 324//324 78//78
f 78//78 324//324 560//560
f 78//78 560//560 315//315
f 324//324 68//68 305//305
f 324//324 305//305 560//560
f 560//560 305//305 69//69
f 560//560 69//69 325//325
f 315//315 560//560 325//325
f 315//315 325//325 79//79
f 79//79 325//325 561//561
f 79//79 561//561 316//316
f 325//325 69//69 306//306
f 325//325 306//306 561//561
f 561//561 306//306 70//70
f 561//561 70//70 326//326
f 316//316 561//561 326//326
f 316//316 326//326 80//80
f 48//48 248//248 562//562
f 48//48 562//562 297//297
f 248//248 133//133 287//287
f 248//248 287//287 562//562
f 562//562 287//287 147//147
f 562//562 147//147 327//327
f 297//297 562//562 327//327
f 297//297 327//327 61//61
f 61//61 327//327 563//563
f 61//61 563//563 298//298
f 327//327 147//147 288//288
f 327//327 288//288 563//563
f 563//563 288//288 148//148
f 563//563 148//148 328//328
f 298//298 563//563 328//328
f 298//298 328//328 62//62
f 62//62 328//328 564//564
f 62//62 564//564 299//299
f 328//328 148//148 289//289
f 328//328 289//289 564//564
f 564//564 289//289 149//149
f 564//564 149//149 329//329
f 299//299 564//564 329//329
f 299//299 329//329 63//63
f 63//63 329//329 565//565
f 63//63 565//565 300//300
f 329//329 149//149 290//290
f 329//329 290//290 565//565
f 565//565 290//290 150//150
f 565//565 150//150 330//330
f 300//300 565//565 330//330
f 300//300 330//330 64//64
f 64//64 330//330 566//566
f 64//64 566//566 301//301
f 330//330 150//150 291//291
f 330//330 291//291 566//566
f 566//566 291//291 151//151
f 566//566 151//151 331//331
f 301//301 566//566 331//331
f 301//301 331//331 65//65
f 65//65 331//331 567//567
f 65//65 567//567 302//302
f 331//331 151//151 292//292
f 331//331 292//292 567//567
f 567//567 292//292 152//152
f 567//567 152//152 332//332
f 302//302 567//567 332//332
f 302//302 332//332 66//66
f 66//66 332//332 568//568
f 66//66 568//568 303//303
f 332//332 152//152 293//293
f 332//332 293//293 568//568
f 568//568 293//293 153//153
f 568//568 153//153 333//333
f 303//303 568//568 333//333
f 303//303 333//333 67//67
f 67//67 333//333 569//569
f 67//67 569//569 304//304
f 333//333 153//153 294//294
f 333//333 294//294 569//569
f 569//569 294//294 154//154
f 569//569 154//154 334//334
f 304//304 569//569 334//334
f 304//304 334//334 68//68
f 68//68 334//334 570//570
f 68//68 570//570 305//305
f 334//334 154//154 295//295
f 334//334 295//295 570//570
f 570//570 295//295 155//155
f 570//570 155//155 335//335
f 305//305 570//570 335//335
f 305//305 335//335 69//69
f 69//69 335//335 571//571
f 69//69 571//571 306//306
f 335//335 155//155 296//296
f 335//335 296//296 571//571
f 571//571 296//296 156//156
f 571//571 156//156 336//336
f 306//306 571//571 336//336
f 306//306 336//336 70//70
f 46//46 246//246 572//572
f 46//46 572//572 337//337
f 47//47 307//307 572//572
f 47//47 572//572 246//246
f 71//71 337//337 572//572
f 71//71 572//572 307//307
f 45//45 245//245 573//573
f 45//45 573//573 338//338
f 245//245 46//46 337//337
f 245//245 337//337 573//573
f 573//573 337//337 71//71
f 573//573 71//71 308//308
f 338//338 573//573 308//308
f 338//338 308//308 72//72
f 44//44 244//244 574//574
f 44//44 574//574 339//339
f 244//244 45//45 338//338
f 244//244 338//338 574//574
f 574//574 338//338 72//72
f 574//574 72//72 309//309
f 339//339 574//574 309//309
f 339//339 309//309 73//73
f 43//43 243//243 575//575
f 43//43 575//575 340//340
f 243//243 44//44 339//339
f 243//243 339//339 575//575
f 575//575 339//339 73//73
f 575//575 73//73 310//310
f 340//340 575//575 310//310
f 340//340 310//310 74//74
f 42//42 242//242 576//576
f 42//42 576//576 341//341
f 242//242 43//43 340//340
f 242//242 340//340 576//576
f 576//576 340//340 74//74
f 576//576 74//74 311//311
f 341//341 576//576 311//311
f 341//341 311//311 75//75
f 41//41 241//241 577//577
f 41//41 577//577 342//342
f 241//241 42//42 341//341
f 241//241 341//341 577//577
f 577//577 341//341 75//75
f 577//577 75//75 312//312
f 342//342 577//577 312//312
f 342//342 312//312 76//76
f 50//50 251//251 578//578
f 50//50 578//578 343//343
f 251//251 59//59 260//260
f 251//251 260//260 578//578
f 578//578 260//260 41//41
f 578//578 41//41 342//342
f 343//343 578//578 342//342
f 343//343 342//342 76//76
f 49//49 250//250 579//579
f 49//49 579//579 344//344
f 250//250 50//50 343//343
f 250//250 343//343 579//579
f 579//579 343//343 76//76
f 579//579 76//76 313//313
f 344//344 579//579 313//313
f 344//344 313//313 77//77
f 60//60 261//261 580//580
f 60//60 580//580 345//345
f 261//261 49//49 344//344
f 261//261 344//344 580//580
f 580//580 344//344 77//77
f 580//580 77//77 314//314
f 345//345 580//580 314//314
f 345//345 314//314 78//78
f 51//51 249//249 581//581
f 51//51 581//581 346//346
f 249//249 60//60 345//345
f 249//249 345//345 581//581
f 581//581 345//345 78//78
f 581//581 78//78 315//315
f 346//346 581//581 315//315
f 346//346 315//315 79//79
f 56//56 256//256 582//582
f 56//56 582//582 257//257
f 256//256 55//55 347//347
f 256//256 347//347 582//582
f 582//582 347//347 80//80
f 582//582 80//80 286//286
f 257//257 582//582 286//286
f 257//257 286//286 57//57
f 55//55 255//255 583//583
f 55//55 583//583 347//347
f 255//255 54//54 348//348
f 255//255 348//348 583//583
f 583//583 348//348 79//79
f 583//583 79//79 316//316
f 347//347 583//583 316//316
f 347//347 316//316 80//80
f 52//52 349//349 584//584
f 52//52 584//584 253//253
f 349//349 79//79 348//348
f 349//349 348//348 584//584
f 584//584 348//348 54//54
f 584//584 54//54 254//254
f 253//253 584//584 254//254
f 253//253 254//254 53//53
f 51//51 346//346 585//585
f 51//51 585//585 252//252
f 79//79 349//349 585//585
f 79//79 585//585 346//346
f 52//52 252//252 585//585
f 52//52 585//585 349//349
f 99//99 393//393 586//586
f 99//99 586//586 367//367
f 393//393 121//121 388//388
f 393//393 388//388 586//586
f 586//586 388//388 120//120
f 586//586 120//120 392//392
f 367//367 586//586 392//392
f 367//367 392//392 98//98
f 101//101 360//360 587//587
f 101//101 587//587 395//395
f 360//360 91//91 394//394
f 360//360 394//394 587//587
f 587//587 394//394 113//113
f 587//587 113//113 381//381
f 395//395 587//587 381//381
f 395//395 381//381 123//123
f 85//85 353//353 588//588
f 85//85 588//588 397//397
f 353//353 84//84 396//396
f 353//353 396//396 588//588
f 588//588 396//396 106//106
f 588//588 106//106 374//374
f 397//397 588//588 374//374
f 397//397 374//374 107//107
f 100//100 225//225 589//589
f 100//100 589//589 368//368
f 225//225 122//122 389//389
f 225//225 389//389 589//589
f 589//589 389//389 121//121
f 589//589 121//121 393//393
f 368//368 589//589 393//393
f 368//368 393//393 99//99
f 93//93 399//399 590//590
f 93//93 590//590 361//361
f 399//399 115//115 382//382
f 399//399 382//382 590//590
f 590//590 382//382 114//114
f 590//590 114//114 398//398
f 361//361 590//590 398//398
f 361//361 398//398 92//92
f 86//86 354//354 591//591
f 86//86 591//591 400//400
f 354//354 85//85 397//397
f 354//354 397//397 591//591
f 591//591 397//397 107//107
f 591//591 107//107 375//375
f 400//400 591//591 375//375
f 400//400 375//375 108//108
f 81//81 369//369 592//592
f 81//81 592//592 401//401
f 369//369 101//101 395//395
f 369//369 395//395 592//592
f 592//592 395//395 123//123
f 592//592 123//123 390//390
f 401//401 592//592 390//390
f 401//401 390//390 103//103
f 94//94 402//402 593//593
f 94//94 593//593 362//362
f 402//402 116//116 383//383
f 402//402 383//383 593//593
f 593//593 383//383 115//115
f 593//593 115//115 399//399
f 362//362 593//593 399//399
f 362//362 399//399 93//93
f 87//87 355//355 594//594
f 87//87 594//594 403//403
f 355//355 86//86 400//400
f 355//355 400//400 594//594
f 594//594 400//400 108//108
f 594//594 108//108 376//376
f 403//403 594//594 376//376
f 403//403 376//376 109//109
f 90//90 370//370 595//595
f 90//90 595//595 405//405
f 370//370 102//102 404//404
f 370//370 404//404 595//595
f 595//595 404//404 124//124
f 595//595 124//124 391//391
f 405//405 595//595 391//391
f 405//405 391//391 112//112
f 95//95 406//406 596//596
f 95//95 596//596 363//363
f 406//406 117//117 384//384
f 406//406 384//384 596//596
f 596//596 384//384 116//116
f 596//596 116//116 402//402
f 363//363 596//596 402//402
f 363//363 402//402 94//94
f 88//88 356//356 597//597
f 88//88 597//597 407//407
f 356//356 87//87 403//403
f 356//356 403//403 597//597
f 597//597 403//403 109//109
f 597//597 109//109 377//377
f 407//407 597//597 377//377
f 407//407 377//377 110//110
f 96//96 408//408 598//598
f 96//96 598//598 364//364
f 408//408 118//118 385//385
f 408//408 385//385 598//598
f 598//598 385//385 117//117
f 598//598 117//117 406//406
f 364//364 598//598 406//406
f 364//364 406//406 95//95
f 89//89 357//357 599//599
f 89//89 599//599 237//237
f 357//357 88//88 407//407
f 357//357 407//407 599//599
f 599//599 407//407 110//110
f 599//599 110//110 378//378
f 237//237 599//599 378//378
f 237//237 378//378 111//111
f 82//82 350//350 600//600
f 82//82 600//600 409//409
f 350//350 81//81 401//401
f 350//350 401//401 600//600
f 600//600 401//401 103//103
f 600//600 103//103 371//371
f 409//409 600//600 371//371
f 409//409 371//371 104//104
f 97//97 410//410 601//601
f 97//97 601//601 365//365
f 410//410 119//119 386//386
f 410//410 386//386 601//601
f 601//601 386//386 118//118
f 601//601 118//118 408//408
f 365//365 601//601 408//408
f 365//365 408//408 96//96
f 102//102 358//358 602//602
f 102//102 602//602 404//404
f 358//358 92//92 398//398
f 358//358 398//398 602//602
f 602//602 398//398 114//114
f 602//602 114//114 379//379
f 404//404 602//602 379//379
f 404//404 379//379 124//124
f 83//83 351//351 603//603
f 83//83 603//603 411//411
f 351//351 82//82 409//409
f 351//351 409//409 603//603
f 603//603 409//409 104//104
f 603//603 104//104 372//372
f 411//411 603//603 372//372
f 411//411 372//372 105//105
f 98//98 392//392 604//604
f 98//98 604//604 366//366
f 392//392 120//120 387//387
f 392//392 387//387 604//604
f 604//604 387//387 119//119
f 604//604 119//119 410//410
f 366//366 604//604 410//410
f 366//366 410//410 97//97
f 91//91 359//359 605//605
f 91//91 605//605 394//394
f 359//359 90//90 405//405
f 359//359 405//405 605//605
f 605//605 405//405 112//112
f 605//605 112//112 380//380
f 394//394 605//605 380//380
f 394//394 380//380 113//113
f 84//84 352//352 606//606
f 84//84 606//606 396//396
f 352//352 83//83 411//411
f 352//352 411//411 606//606
f 606//606 411//411 105//105
f 606//606 105//105 373//373
f 396//396 606//606 373//373
f 396//396 373//373 106//106
f 115//115 434//434 607//607
f 115//115 607//607 382//382
f 434//434 137//137 423//423
f 434//434 423//423 607//607
f 607//607 423//423 136//136
f 607//607 136//136 433//433
f 382//382 607//607 433//433
f 382//382 433//433 114//114
f 108//108 375//375 608//608
f 108//108 608//608 436//436
f 375//375 107//107 435//435
f 375//375 435//435 608//608
f 608//608 435//435 129//129
f 608//608 129//129 416//416
f 436//436 608//608 416//416
f 436//436 416//416 130//130
f 103//103 390//390 609//609
f 103//103 609//609 438//438
f 390//390 123//123 437//437
f 390//390 437//437 609//609
f 609//609 437//437 145//145
f 609//609 145//145 431//431
f 438//438 609//609 431//431
f 438//438 431//431 125//125
f 116//116 439//439 610//610
f 116//116 610//610 383//383
f 439//439 138//138 424//424
f 439//439 424//424 610//610
f 610//610 424//424 137//137
f 610//610 137//137 434//434
f 383//383 610//610 434//434
f 383//383 434//434 115//115
f 109//109 376//376 611//611
f 109//109 611//611 440//440
f 376//376 108//108 436//436
f 376//376 436//436 611//611
f 611//611 436//436 130//130
f 611//611 130//130 417//417
f 440//440 611//611 417//417
f 440//440 417//417 131//131
f 112//112 391//391 612//612
f 112//112 612//612 442//442
f 391//391 124//124 441//441
f 391//391 441//441 612//612
f 612//612 441//441 146//146
f 612//612 146//146 432//432
f 442//442 612//612 432//432
f 442//442 432//432 134//134
f 117//117 443//443 613//613
f 117//117 613//613 384//384
f 443//443 139//139 425//425
f 443//443 425//425 613//613
f 613//613 425//425 138//138
f 613//613 138//138 439//439
f 384//384 613//613 439//439
f 384//384 439//439 116//116
f 110//110 377//377 614//614
f 110//110 614//614 444//444
f 377//377 109//109 440//440
f 377//377 440//440 614//614
f 614//614 440//440 131//131
f 614//614 131//131 418//418
f 444//444 614//614 418//418
f 444//444 418//418 132//132
f 118//118 445//445 615//615
f 118//118 615//615 385//385
f 445//445 140//140 426//426
f 445//445 426//426 615//615
f 615//615 426//426 139//139
f 615//615 139//139 443//443
f 385//385 615//615 443//443
f 385//385 443//443 117//117
f 111//111 378//378 616//616
f 111//111 616//616 275//275
f 378//378 110//110 444//444
f 378//378 444//444 616//616
f 616//616 444//444 132//132
f 616//616 132//132 419//419
f 275//275 616//616 419//419
f 275//275 419//419 133//133
f 104//104 371//371 617//617
f 104//104 617//617 446//446
f 371//371 103//103 438//438
f 371//371 438//438 617//617
f 617//617 438//438 125//125
f 617//617 125//125 412//412
f 446//446 617//617 412//412
f 446//446 412//412 126//126
f 119//119 447//447 618//618
f 119//119 618//618 386//386
f 447//447 141//141 427//427
f 447//447 427//427 618//618
f 618//618 427//427 140//140
f 618//618 140//140 445//445
f 386//386 618//618 445//445
f 386//386 445//445 118//118
f 124//124 379//379 619//619
f 124//124 619//619 441//441
f 379//379 114//114 433//433
f 379//379 433//433 619//619
f 619//619 433//433 136//136
f 619//619 136//136 420//420
f 441//441 619//619 420//420
f 441//441 420//420 146//146
f 105//105 372//372 620//620
f 105//105 620//620 448//448
f 372//372 104//104 446//446
f 372//372 446//446 620//620
f 620//620 446//446 126//126
f 620//620 126//126 413//413
f 448//448 620//620 413//413
f 448//448 413//413 127//127
f 120//120 449//449 621//621
f 120//120 621//621 387//387
f 449//449 142//142 428//428
f 449//449 428//428 621//621
f 621//621 428//428 141//141
f 621//621 141//141 447//447
f 387//387 621//621 447//447
f 387//387 447//447 119//119
f 113//113 380//380 622//622
f 113//113 622//622 450//450
f 380//380 112//112 442//442
f 380//380 442//442 622//622
f 622//622 442//442 134//134
f 622//622 134//134 421//421
f 450//450 622//622 421//421
f 450//450 421//421 135//135
f 106//106 373//373 623//623
f 106//106 623//623 451//451
f 373//373 105//105 448//448
f 373//373 448//448 623//623
f 623//623 448//448 127//127
f 623//623 127//127 414//414
f 451//451 623//623 414//414
f 451//451 414//414 128//128
f 121//121 452//452 624//624
f 121//121 624//624 388//388
f 452//452 143//143 429//429
f 452//452 429//429 624//624
f 624//624 429//429 142//142
f 624//624 142//142 449//449
f 388//388 624//624 449//449
f 388//388 449//449 120//120
f 123//123 381//381 625//625
f 123//123 625//625 437//437
f 381//381 113//113 450//450
f 381//381 450//450 625//625
f 625//625 450//450 135//135
f 625//625 135//135 422//422
f 437//437 625//625 422//422
f 437//437 422//422 145//145
f 107//107 374//374 626//626
f 107//107 626//626 435//435
f 374//374 106//106 451//451
f 374//374 451//451 626//626
f 626//626 451//451 128//128
f 626//626 128//128 415//415
f 435//435 626//626 415//415
f 435//435 415//415 129//129
f 122//122 283//283 627//627
f 122//122 627//627 389//389
f 283//283 144//144 430//430
f 283//283 430//430 627//627
f 627//627 430//430 143//143
f 627//627 143//143 452//452
f 389//389 627//627 452//452
f 389//389 452//452 121//121
f 166//166 453//453 628//628
f 166//166 628//628 494//494
f 453//453 143//143 430//430
f 453//453 430//430 628//628
f 628//628 430//430 144//144
f 628//628 144//144 284//284
f 494//494 628//628 284//284
f 494//494 284//284 156//156
f 176//176 454//454 629//629
f 176//176 629//629 484//484
f 454//454 142//142 429//429
f 454//454 429//429 629//629
f 629//629 429//429 143//143
f 629//629 143//143 453//453
f 484//484 629//629 453//453
f 484//484 453//453 166//166
f 131//131 465//465 630//630
f 131//131 630//630 418//418
f 465//465 167//167 475//475
f 465//465 475//475 630//630
f 630//630 475//475 157//157
f 630//630 157//157 455//455
f 418//418 630//630 455//455
f 418//418 455//455 132//132
f 167//167 466//466 631//631
f 167//167 631//631 475//475
f 466//466 168//168 476//476
f 466//466 476//476 631//631
f 631//631 476//476 158//158
f 631//631 158//158 456//456
f 475//475 631//631 456//456
f 475//475 456//456 157//157
f 168//168 467//467 632//632
f 168//168 632//632 476//476
f 467//467 169//169 477//477
f 467//467 477//477 632//632
f 632//632 477//477 159//159
f 632//632 159//159 457//457
f 476//476 632//632 457//457
f 476//476 457//457 158//158
f 169//169 468//468 633//633
f 169//169 633//633 477//477
f 468//468 170//170 478//478
f 468//468 478//478 633//633
f 633//633 478//478 160//160
f 633//633 160//160 458//458
f 477//477 633//633 458//458
f 477//477 458//458 159//159
f 170//170 469//469 634//634
f 170//170 634//634 478//478
f 469//469 171//171 479//479
f 469//469 479//479 634//634
f 634//634 479//479 161//161
f 634//634 161//161 459//459
f 478//478 634//634 459//459
f 478//478 459//459 160//160
f 171//171 470//470 635//635
f 171//171 635//635 479//479
f 470//470 172//172 480//480
f 470//470 480//480 635//635
f 635//635 480//480 162//162
f 635//635 162//162 460//460
f 479//479 635//635 460//460
f 479//479 460//460 161//161
f 172//172 471//471 636//636
f 172//172 636//636 480//480
f 471//471 173//173 481//481
f 471//471 481//481 636//636
f 636//636 481//481 163//163
f 636//636 163//163 461//461
f 480//480 636//636 461//461
f 480//480 461//461 162//162
f 173//173 472//472 637//637
f 173//173 637//637 481//481
f 472//472 174//174 482//482
f 472//472 482//482 637//637
f 637//637 482//482 164//164
f 637//637 164//164 462//462
f 481//481 637//637 462//462
f 481//481 462//462 163//163
f 174//174 473//473 638//638
f 174//174 638//638 482//482
f 473//473 175//175 483//483
f 473//473 483//483 638//638
f 638//638 483//483 165//165
f 638//638 165//165 463//463
f 482//482 638//638 463//463
f 482//482 463//463 164//164
f 175//175 474//474 639//639
f 175//175 639//639 483//483
f 474//474 176//176 484//484
f 474//474 484//484 639//639
f 639//639 484//484 166//166
f 639//639 166//166 464//464
f 483//483 639//639 464//464
f 483//483 464//464 165//165
f 132//132 455//455 640//640
f 132//132 640//640 419//419
f 455//455 157//157 485//485
f 455//455 485//485 640//640
f 640//640 485//485 147//147
f 640//640 147//147 287//287
f 419//419 640//640 287//287
f 419//419 287//287 133//133
f 157//157 456//456 641//641
f 157//157 641//641 485//485
f 456//456 158//158 486//486
f 456//456 486//486 641//641
f 641//641 486//486 148//148
f 641//641 148//148 288//288
f 485//485 641//641 288//288
f 485//485 288//288 147//147
f 158//158 457//457 642//642
f 158//158 642//642 486//486
f 457//457 159//159 487//487
f 457//457 487//487 642//642
f 642//642 487//487 149//149
f 642//642 149//149 289//289
f 486//486 642//642 289//289
f 486//486 289//289 148//148
f 159//159 458//458 643//643
f 159//159 643//643 487//487
f 458//458 160//160 488//488
f 458//458 488//488 643//643
f 643//643 488//488 150//150
f 643//643 150//150 290//290
f 487//487 643//643 290//290
f 487//487 290//290 149//149
f 160//160 459//459 644//644
f 160//160 644//644 488//488
f 459//459 161//161 489//489
f 459//459 489//489 644//644
f 644//644 489//489 151//151
f 644//644 151//151 291//291
f 488//488 644//644 291//291
f 488//488 291//291 150//150
f 161//161 460//460 645//645
f 161//161 645//645 489//489
f 460//460 162//162 490//490
f 460//460 490//490 645//645
f 645//645 490//490 152//152
f 645//645 152//152 292//292
f 489//489 645//645 292//292
f 489//489 292//292 151//151
f 162//162 461//461 646//646
f 162//162 646//646 490//490
f 461//461 163//163 491//491
f 461//461 491//491 646//646
f 646//646 491//491 153//153
f 646//646 153//153 293//293
f 490//490 646//646 293//293
f 490//490 293//293 152//152
f 163//163 462//462 647//647
f 163//163 647//647 491//491
f 462//462 164//164 492//492
f 462//462 492//492 647//647
f 647//647 492//492 154//154
f 647//647 154//154 294//294
f 491//491 647//647 294//294
f 491//491 294//294 153//153
f 164//164 463//463 648//648
f 164//164 648//648 492//492
f 463//463 165//165 493//493
f 463//463 493//493 648//648
f 648//648 493//493 155//155
f 648//648 155//155 295//295
f 492//492 648//648 295//295
f 492//492 295//295 154//154
f 165//165 464//464 649//649
f 165//165 649//649 493//493
f 464//464 166//166 494//494
f 464//464 494//494 649//649
f 649//649 494//494 156//156
f 649//649 156//156 296//296
f 493//493 649//649 296//296
f 493//493 296//296 155//155
f 130//130 495//495 650//650
f 130//130 650//650 417//417
f 167//167 465//465 650//650
f 167//167 650//650 495//495
f 131//131 417//417 650//650
f 131//131 650//650 465//465
f 129//129 496//496 651//651
f 129//129 651//651 416//416
f 496//496 168//168 466//466
f 496//496 466//466 651//651
f 651//651 466//466 167//167
f 651//651 167//167 495//495
f 416//416 651//651 495//495
f 416//416 495//495 130//130
f 128//128 497//497 652//652
f 128//128 652//652 415//415
f 497//497 169//169 467//467
f 497//497 467//467 652//652
f 652//652 467//467 168//168
f 652//652 168//168 496//496
f 415//415 652//652 496//496
f 415//415 496//496 129//129
f 127//127 498//498 653//653
f 127//127 653//653 414//414
f 498//498 170//170 468//468
f 498//498 468//468 653//653
f 653//653 468//468 169//169
f 653//653 169//169 497//497
f 414//414 653//653 497//497
f 414//414 497//497 128//128
f 126//126 499//499 654//654
f 126//126 654//654 413//413
f 499//499 171//171 469//469
f 499//499 469//469 654//654
f 654//654 469//469 170//170
f 654//654 170//170 498//498
f 413//413 654//654 498//498
f 413//413 498//498 127//127
f 125//125 500//500 655//655
f 125//125 655//655 412//412
f 500//500 172//172 470//470
f 500//500 470//470 655//655
f 655//655 470//470 171//171
f 655//655 171//171 499//499
f 412//412 655//655 499//499
f 412//412 499//499 126//126
f 135//135 501//501 656//656
f 135//135 656//656 422//422
f 501//501 172//172 500//500
f 501//501 500//500 656//656
f 656//656 500//500 125//125
f 656//656 125//125 431//431
f 422//422 656//656 431//431
f 422//422 431//431 145//145
f 134//134 502//502 657//657
f 134//134 657//657 421//421
f 502//502 173//173 471//471
f 502//502 471//471 657//657
f 657//657 471//471 172//172
f 657//657 172//172 501//501
f 421//421 657//657 501//501
f 421//421 501//501 135//135
f 146//146 503//503 658//658
f 146//146 658//658 432//432
f 503//503 174//174 472//472
f 503//503 472//472 658//658
f 658//658 472//472 173//173
f 658//658 173//173 502//502
f 432//432 658//658 502//502
f 432//432 502//502 134//134
f 136//136 504//504 659//659
f 136//136 659//659 420//420
f 504//504 175//175 473//473
f 504//504 473//473 659//659
f 659//659 473//473 174//174
f 659//659 174//174 503//503
f 420//420 659//659 503//503
f 420//420 503//503 146//146
f 141//141 428//428 660//660
f 141//141 660//660 427//427
f 428//428 142//142 454//454
f 428//428 454//454 660//660
f 660//660 454//454 176//176
f 660//660 176//176 505//505
f 427//427 660//660 505//505
f 427//427 505//505 140//140
f 140//140 505//505 661//661
f 140//140 661//661 426//426
f 505//505 176//176 474//474
f 505//505 474//474 661//661
f 661//661 474//474 175//175
f 661//661 175//175 506//506
f 426//426 661//661 506//506
f 426//426 506//506 139//139
f 137//137 424//424 662//662
f 137//137 662//662 507//507
f 424//424 138//138 425//425
f 424//424 425//425 662//662
f 662//662 425//425 139//139
f 662//662 139//139 506//506
f 507//507 662//662 506//506
f 507//507 506//506 175//175
f 136//136 423//423 663//663
f 136//136 663//663 504//504
f 137//137 507//507 663//663
f 137//137 663//663 423//423
f 175//175 504//504 663//663
f 175//175 663//663 507//507
o ConnectingRod
v -0.19546096 0.471884489 0
v -0.361164778 0.361164778 0
v -0.471884489 0.19546096 0
v -0.510764122 -1.41574681e-08 0
v -0.471884549 -0.19546096 0
v -0.361164808 -0.361164778 0
v -0.19546099 -0.471884489 0
v -0.257692784 0.987561703 0
v -0.317470282 -0.566884875 0
v -0.499198854 -0.417688847 0
v -0.698719978 -0.415161282 0
v -0.281197488 0.827340126 0
v -0.512835503 0.559340119 0
v -0.736047804 0.444563448 0
v -0.737878263 0.014106595 0
v -0.233089924 0.516592443 0
v -0.433527172 0.405037373 0
v -0.526727438 0.215718091 0
v -0.565206051 0.000426668033 0
v -0.526018798 -0.213548467 0
v -0.406794071 -0.393009454 0
v -0.228152558 -0.517549634 0
v -0.594445527 -0.297205895 0
v -0.737878323 -0.206276715 0
v -0.645298183 0.00405782694 0
v -0.623719871 0.242232814 0
v -0.737878263 0.267946303 0
v -0.57819736 0.437028348 0
v -0.352535039 0.553423405 0
v -0.166637793 0.788173616 0
v -0.221936196 0.655898094 0
v -0.350166053 0.698297739 0
v -0.15043202 0.974606752 0
v -0.737878263 0.412247747 0
v -0.587164104 0.399728894 0
v -0.691742778 0.468051612 0
v -0.5309394 0.461748421 0
v -0.52947849 -0.379386455 0
v -0.737878323 -0.37261048 0
v -0.713629544 -0.394734114 0
v -0.508729398 -0.394734114 0
v -0.67059201 -0.503188789 0
v -0.552795351 -0.503188789 0
v -0.658559144 -0.386685252 0
v -0.638830543 -0.511456132 0
v -0.510759354 -0.447660506 0
v -0.714006782 -0.447660506 0
v -0.655365467 -0.447660506 0
v -0.553980172 -0.386685252 0
v -0.578932643 -0.511456132 0
v -0.558019519 -0.447660506 0
v -0.68358016 -0.467167318 0
v -0.642496347 -0.467167288 0
v -0.541185975 -0.467167318 0
v -0.574296176 -0.467167288 0
v -0.503208518 -0.429492176 0
v -0.721557558 -0.429492176 0
v -0.658559144 -0.429492205 0
v -0.553980172 -0.429492205 0
v -0.234682113 1.34530187 0
v -0.146089152 1.3477608 0
v -0.25000003 1.30974638 0
v -0.146089137 1.30974638 0
v -0.146575734 1.17069638 0
v -0.250861973 1.17214775 0
v 8.9891361e-10 0.510764122 0
v 0.19546096 0.471884489 0
v 0.361164778 0.361164778 0
v 0.471884489 0.19546096 0
v 0.510764122 -1.55544519e-08 0
v 0.471884549 -0.19546096 0
v 0.361164808 -0.361164778 0
v 0.19546099 -0.471884489 0
v 8.08511258e-10 -0.510764122 0
v 0.257692784 0.987561703 0
v -1.1451402e-09 -0.634707093 0
v 0.317470282 -0.566884875 0
v 0.499198854 -0.417688847 0
v 0.698719978 -0.415161282 0
v 0.281197488 0.827340126 0
v 0.512835503 0.559340119 0
v 0.736047804 0.444563478 0
v 0.737878263 0.014106595 0
v -1.3517949e-09 0.972015858 0
v -2.76999446e-09 0.590099096 0
v 0.233089939 0.516592443 0
v 0.433527201 0.405037403 0
v 0.526727438 0.215718091 0
v 0.565206051 0.000426668499 0
v 0.526018798 -0.213548452 0
v 0.406794071 -0.393009484 0
v 0.228152543 -0.517549574 0
v 3.67214592e-11 -0.563710809 0
v 0.594445527 -0.297205895 0
v 0.737878323 -0.206276715 0
v 0.645298243 0.00405782554 0
v 0.623719931 0.2422328 0
v 0.737878263 0.267946303 0
v 0.5781973 0.437028378 0
v 0.352535039 0.553423405 0
v 0.166637793 0.788173676 0
v 2.23287056e-10 0.773935616 0
v 0.221936181 0.655898094 0
v 0.350166053 0.698297739 0
v 0.15043202 0.974606752 0
v 0.737878263 0.412247747 0
v 0.587164104 0.399728864 0
v 0.691742778 0.468051612 0
v 0.5309394 0.461748481 0
v 0.52947849 -0.379386455 0
v 0.737878323 -0.37261048 0
v 0.713629544 -0.394734114 0
v 0.508729398 -0.394734114 0
v 0.67059201 -0.503188789 0
v 0.552795351 -0.503188789 0
v 0.658559144 -0.386685252 0
v 0.638830543 -0.511456132 0
v 0.510759354 -0.447660506 0
v 0.714006722 -0.447660506 0
v 0.655365467 -0.447660506 0
v 0.553980231 -0.386685252 0
v 0.578932643 -0.511456132 0
v 0.558019519 -0.447660506 0
v 0.68358016 -0.467167318 0
v 0.642496407 -0.467167288 0
v 0.541185975 -0.467167318 0
v 0.574296176 -0.467167288 0
v 0.503208518 -0.429492176 0
v 0.721557558 -0.429492176 0
v 0.658559084 -0.429492205 0
v 0.553980172 -0.429492205 0
v 0.234682113 1.34530187 0
v -5.44224443e-10 1.3477608 0
v 0.146089152 1.3477608 0
v 0.25000003 1.30974638 0
v 0.146089137 1.30974638 0
v -2.91435348e-10 1.30974638 0
v 0.146575749 1.17069626 0
v -5.82870696e-10 1.17040598 0
v 0.250861973 1.17214787 0
v -0.0996387154 0.500917673 0
v -0.500917673 0.0996387079 0
v -0.500917673 -0.0996387228 0
v -0.0996387452 -0.500917673 0
v -0.171460927 -0.616055369 0
v -0.613566101 -0.417367935 0
v -0.737878263 -0.102337949 0
v -0.306021452 0.762422085 0
v -0.612531722 0.504475057 0
v -0.7376495 0.436643422 0
v -0.0792633146 0.97233969 0
v -0.133152097 0.553006053 0
v -0.555176198 0.110501088 0
v -0.555911958 -0.10910853 0
v -0.421060383 -0.49737218 0
v -0.117908075 -0.551774383 0
v -0.379711509 -0.377988398 0
v -0.206498072 -0.494372994 0
v -0.535732269 5.33201637e-05 0
v -0.495431691 -0.20467253 0
v -0.381865412 0.379130065 0
v -0.495520234 0.204943731 0
v 2.66745848e-10 0.537444651 0
v -0.207115218 0.494253278 0
v -3.01469322e-10 -0.535545349 0
v 1.64191966e-10 -0.597516835 0
v -0.267502725 -0.541873157 0
v -0.44820708 -0.405230075 0
v -0.571376503 -0.326387286 0
v -0.737878263 -0.301533461 0
v -0.67657423 -0.22267361 0
v -0.566405714 -0.227386385 0
v -0.639555633 -0.120528623 0
v -0.638693631 0.127079502 0
v -0.737878203 0.145313144 0
v -0.690980732 0.0085205622 0
v -0.602391839 0.0015205933 0
v -0.570775092 0.228566244 0
v -0.680136204 0.255326122 0
v -0.582658529 0.428876638 0
v -0.655027568 0.442299724 0
v -0.508758545 0.426243931 0
v -0.430645198 0.559276283 0
v -0.447996199 0.501860678 0
v -0.283612162 0.537917256 0
v -0.187101886 0.715621769 0
v -0.0882012248 0.777430892 0
v -0.275925964 0.603889287 0
v -0.132115543 0.628144741 0
v 3.1323652e-10 0.684755087 0
v -0.421048492 0.627683878 0
v -0.29140535 0.678474128 0
v -0.228799939 0.805848718 0
v -0.208109722 0.980112553 0
v -0.482427418 0.311661035 0
v -0.737878263 0.357733756 0
v -0.603022575 0.336170882 0
v -0.661691308 0.406856328 0
v -0.329383045 0.466389 0
v -0.72776401 0.451024562 0
v -0.571339965 0.443716586 0
v -0.609215915 0.467199802 0
v -0.266351968 0.902199328 0
v -0.155687541 0.876333475 0
v 3.89573596e-10 0.870359838 0
v -0.506864607 -0.407992065 0
v -0.732905746 -0.405955702 0
v -0.563710809 -0.336084098 0
v -0.633678377 -0.375998437 0
v -0.52287519 -0.387707353 0
v -0.561089218 -0.510406315 0
v -0.503909588 -0.411455572 0
v -0.67595005 -0.485973477 0
v -0.694554865 -0.387707323 0
v -0.659475088 -0.510406315 0
v -0.639501214 -0.487023264 0
v -0.525888979 -0.454985917 0
v -0.720613778 -0.440781534 0
v -0.658159971 -0.440781504 0
v -0.528413236 -0.447660446 0
v -0.689808667 -0.447660446 0
v -0.60535264 -0.386685282 0
v -0.608356357 -0.511456132 0
v -0.605838835 -0.447660476 0
v -0.554485083 -0.440781504 0
v -0.57808435 -0.487023264 0
v -0.424657583 -0.283747077 0
v -0.324544549 -0.463571668 0
v -0.475137591 -0.308953553 0
v -0.283747107 -0.424657494 0
v -0.698877156 -0.454985917 0
v -0.648966372 -0.454985917 0
v -0.548641026 -0.485973477 0
v -0.566113114 -0.454985857 0
v -0.553554177 -0.467167288 0
v -0.607798159 -0.467167288 0
v -0.666627109 -0.467167318 0
v -0.504152417 -0.440781534 0
v -0.720550835 -0.411455572 0
v -0.658559084 -0.410433501 0
v -0.553980172 -0.410433501 0
v -0.52217412 -0.429492146 0
v -0.695561588 -0.429492176 0
v -0.60535264 -0.429492205 0
v -0.424657494 0.283747077 0
v -0.515598297 0.392309666 0
v -0.283747077 0.424657494 0
v -0.464412749 0.446704865 0
v -0.0769987777 1.3477608 0
v -0.200053662 1.34744871 0
v -0.248054892 1.33707643 0
v -0.14778766 1.07536221 0
v -7.131431e-10 1.07434881 0
v -0.250107765 1.25238597 0
v -0.146089137 1.33738875 0
v 6.82124579e-10 1.33738875 0
v -0.0769987851 1.3097465 0
v -0.2019988 1.30974627 0
v -0.146149963 1.25220442 0
v -7.131431e-10 1.25216806 0
v -0.253008723 1.08042884 0
v -0.202683493 1.17131317 0
v -0.0772525147 1.17044234 0
v 0.0996387154 0.500917673 0
v 0.500917673 0.0996387079 0
v 0.500917733 -0.0996387303 0
v 0.0996387452 -0.500917673 0
v 0.171460912 -0.61605531 0
v 0.613566101 -0.417367935 0
v 0.737878263 -0.102337949 0
v 0.306021452 0.762422025 0
v 0.612531722 0.504475057 0
v 0.7376495 0.436643422 0
v 0.0792633146 0.97233969 0
v 0.133152097 0.553006113 0
v 0.555176198 0.110501088 0
v 0.555912018 -0.109108523 0
v 0.421060383 -0.49737218 0
v 0.117908075 -0.551774383 0
v 0.379711509 -0.377988368 0
v 0.206498072 -0.494372934 0
v 0.535732269 5.33189741e-05 0
v 0.495431662 -0.204672515 0
v 0.381865442 0.379130065 0
v 0.495520145 0.204943717 0
v 0.207115203 0.494253278 0
v 0.267502695 -0.541873157 0
v 0.448207051 -0.405230075 0
v 0.571376503 -0.326387286 0
v 0.737878263 -0.301533461 0
v 0.67657423 -0.222673625 0
v 0.566405773 -0.2273864 0
v 0.639555693 -0.120528623 0
v 0.638693631 0.127079502 0
v 0.737878203 0.145313144 0
v 0.690980673 0.0085205622 0
v 0.602391779 0.00152058993 0
v 0.570775092 0.228566244 0
v 0.680136204 0.255326122 0
v 0.582658529 0.428876609 0
v 0.655027509 0.442299724 0
v 0.508758605 0.426243931 0
v 0.430645198 0.559276223 0
v 0.447996199 0.501860678 0
v 0.283612132 0.537917256 0
v 0.187101886 0.715621769 0
v 0.0882012248 0.777430892 0
v 0.275925994 0.603889346 0
v 0.132115543 0.628144801 0
v 0.421048492 0.627683878 0
v 0.29140535 0.678474069 0
v 0.228799939 0.805848718 0
v 0.208109722 0.980112612 0
v 0.482427388 0.311661005 0
v 0.737878203 0.357733756 0
v 0.603022575 0.336170882 0
v 0.661691189 0.406856328 0
v 0.329383045 0.466389 0
v 0.727763951 0.451024562 0
v 0.571339905 0.443716586 0
v 0.609215915 0.467199802 0
v 0.266351968 0.902199388 0
v 0.155687526 0.876333535 0
v 0.506864607 -0.407992065 0
v 0.732905805 -0.405955702 0
v 0.563710809 -0.336084098 0
v 0.633678377 -0.375998467 0
v 0.52287519 -0.387707353 0
v 0.561089277 -0.510406315 0
v 0.503909588 -0.411455572 0
v 0.67595005 -0.485973477 0
v 0.694554865 -0.387707353 0
v 0.659475088 -0.510406315 0
v 0.639501214 -0.487023324 0
v 0.52588892 -0.454985917 0
v 0.720613778 -0.440781534 0
v 0.658159971 -0.440781534 0
v 0.528413236 -0.447660446 0
v 0.689808726 -0.447660446 0
v 0.60535264 -0.386685282 0
v 0.608356416 -0.511456132 0
v 0.605838895 -0.447660476 0
v 0.554485083 -0.440781534 0
v 0.57808429 -0.487023324 0
v 0.424657583 -0.283747077 0
v 0.324544579 -0.463571668 0
v 0.475137621 -0.308953583 0
v 0.283747107 -0.424657494 0
v 0.698877156 -0.454985917 0
v 0.648966372 -0.454985917 0
v 0.548641026 -0.485973477 0
v 0.566113055 -0.454985887 0
v 0.553554177 -0.467167288 0
v 0.607798219 -0.467167288 0
v 0.666627049 -0.467167288 0
v 0.504152417 -0.440781534 0
v 0.720550835 -0.411455572 0
v 0.658559084 -0.410433501 0
v 0.553980172 -0.410433501 0
v 0.52217412 -0.429492146 0
v 0.695561588 -0.429492146 0
v 0.60535264 -0.429492205 0
v 0.424657494 0.283747077 0
v 0.515598357 0.392309666 0
v 0.283747077 0.424657494 0
v 0.464412749 0.446704865 0
v 0.0769987851 1.3477608 0
v 0.200053662 1.34744859 0
v 0.248054892 1.33707643 0
v 0.14778766 1.07536209 0
v 0.250107765 1.25238585 0
v 0.146089137 1.33738875 0
v 0.0769987851 1.30974638 0
v 0.201998785 1.30974627 0
v 0.146149963 1.25220442 0
v 0.253008723 1.08042896 0
v 0.202683493 1.17131329 0
v 0.0772525072 1.17044234 0
v -0.525604725 -0.104365632 0
v -0.10691563 0.52540648 0
v -0.105465576 -0.525087476 0
v -0.525512755 0.104539685 0
v -0.299728781 0.444979042 0
v -0.141376674 -0.582656264 0
v -0.446068496 -0.29698801 0
v -0.655668199 -0.311062783 0
v -0.367541373 -0.480877966 0
v -0.689021111 -0.111421444 0
v -0.595155954 -0.114889644 0
v -0.593565524 0.118237458 0
v -0.687450647 0.136173695 0
v -0.670169592 0.347527623 0
v -0.646735489 0.449022949 0
v -0.198191091 0.581048608 0
v -0.10103897 0.695356905 0
v -0.252524912 0.738526046 0
v -0.350094318 0.618291914 0
v -0.215240672 0.887455046 0
v -0.447014838 0.297494769 0
v -0.657778025 0.43382594 0
v -0.527745068 0.505969286 0
v -0.516511858 -0.320247769 0
v -0.621542692 -0.407080859 0
v -0.661140442 -0.486848325 0
v -0.608254194 -0.487023324 0
v -0.605413437 -0.440781504 0
v -0.694842517 -0.440781504 0
v -0.522953987 -0.440781504 0
v -0.559467733 -0.486848325 0
v -0.298936874 -0.444622695 0
v -0.540914536 -0.454985946 0
v -0.606813192 -0.454985887 0
v -0.678281665 -0.454985887 0
v -0.522290945 -0.410603821 0
v -0.695393801 -0.410603762 0
v -0.60535264 -0.410433501 0
v -0.52625674 0.420972884 0
v -0.537995279 0.323554397 0
v -0.514385283 0.435384601 0
v -0.37922588 0.487861276 0
v -0.20167461 1.33733666 0
v -0.0769987777 1.33738875 0
v -0.0770305023 1.25217259 0
v -0.202084392 1.25228155 0
v -0.0820646808 0.871320963 0
v -0.204388797 1.07751536 0
v -0.077884458 1.07447529 0
v 0.525604725 -0.104365632 0
v 0.10691563 0.525406539 0
v 0.105465584 -0.525087476 0
v 0.525512755 0.104539685 0
v 0.299728751 0.444979012 0
v 0.141376674 -0.582656264 0
v 0.446068466 -0.29698801 0
v 0.655668259 -0.311062783 0
v 0.367541373 -0.480877995 0
v 0.689021111 -0.111421444 0
v 0.595155954 -0.114889637 0
v 0.593565464 0.118237458 0
v 0.687450647 0.13617371 0
v 0.670169473 0.347527623 0
v 0.64673537 0.449022979 0
v 0.198191091 0.581048608 0
v 0.10103897 0.695356905 0
v 0.252524912 0.738526046 0
v 0.350094259 0.618291974 0
v 0.215240672 0.887455165 0
v 0.447014838 0.297494769 0
v 0.657777965 0.43382594 0
v 0.527745068 0.505969286 0
v 0.516511858 -0.320247799 0
v 0.621542692 -0.407080889 0
v 0.661140442 -0.486848354 0
v 0.608254254 -0.487023294 0
v 0.605413377 -0.440781534 0
v 0.694842458 -0.440781534 0
v 0.522953987 -0.440781504 0
v 0.559467673 -0.486848325 0
v 0.298936874 -0.444622695 0
v 0.540914536 -0.454985917 0
v 0.606813192 -0.454985887 0
v 0.678281605 -0.454985887 0
v 0.522290945 -0.410603851 0
v 0.695393741 -0.410603791 0
v 0.60535264 -0.410433501 0
v 0.5262568 0.420972943 0
v 0.537995279 0.323554397 0
v 0.514385283 0.435384542 0
v 0.37922588 0.487861335 0
v 0.20167461 1.33733666 0
v 0.0769987777 1.33738863 0
v 0.0770305023 1.25217271 0
v 0.202084377 1.25228143 0
v 0.0820646957 0.871320963 0
v 0.204388797 1.07751548 0
v 0.077884458 1.07447529 0
vn 0 0 1
vn 0 0 1
vn 0 0 1
vn 0 0 1
vn 0 0 1
vn 0 0 1
vn 0 0 1
vn 0 0 1
vn 0 0 1
vn 0 0 1
vn 0 0 1
vn 0 0 1
vn 0 0 1
vn 0 0 1
vn 0 0 1
vn 0 0 1
vn 0 0 1
vn 0 0 1
vn 0 0 1
vn 0 0 1
vn 0 0 1
vn 0 0 1
vn 0 0 1
vn 0 0 1
vn 0 0 1
vn 0 0 1
vn 0 0 1
vn 0 0 1
vn 0 0 1
vn 0 0 1
vn 0 0 1
vn 0 0 1
vn 0 0 1
vn 0 0 1
vn 0 0 1
vn 0 0 1
vn 0 0 1
vn 0 0 1
vn 0 0 1
vn 0 0 1
vn 0 0 1
vn 0 0 1
vn 0 0 1
vn 0 0 1
vn 0 0 1
vn 0 0 1
vn 0 0 1
vn 0 0 1
vn 0 0 1
vn 0 0 1
vn 0 0 1
vn 0 0 1
vn 0 0 1
vn 0 0 1
vn 0 0 1
vn 0 0 1
vn 0 0 1
vn 0 0 1
vn 0 0 1
vn 0 0 1
vn 0 0 1
vn 0 0 1
vn 0 0 1
vn 0 0 1
vn 0 0 1
vn 0 0 1
vn 0 0 1
vn 0 0 1
vn 0 0 1
vn 0 0 1
vn 0 0 1
vn 0 0 1
vn 0 0 1
vn 0 0 1
vn 0 0 1
vn 0 0 1
vn 0 0 1
vn 0 0 1
vn 0 0 1
vn 0 0 1
vn 0 0 1
vn 0 0 1
vn 0 0 1
vn 0 0 1
vn 0 0 1
vn 0 0 1
vn 0 0 1
vn 0 0 1
vn 0 0 1
vn 0 0 1
vn 0 0 1
vn 0 0 1
vn 0 0 1
vn 0 0 1
vn 0 0 1
vn 0 0 1
vn 0 0 1
vn 0 0 1
vn 0 0 1
vn 0 0 1
vn 0 0 1
vn 0 0 1
vn 0 0 1
vn 0 0 1
vn 0 0 1
vn 0 0 1
vn 0 0 1
vn 0 0 1
vn 0 0 1
vn 0 0 1
vn 0 0 1
vn 0 0 1
vn 0 0 1
vn 0 0 1
vn 0 0 1
vn 0 0 1
vn 0 0 1
vn 0 0 1
vn 0 0 1
vn 0 0 1
vn 0 0 1
vn 0 0 1
vn 0 0 1
vn 0 0 1
vn 0 0 1
vn 0 0 1
vn 0 0 1
vn 0 0 1
vn 0 0 1
vn 0 0 1
vn 0 0 1
vn 0 0 1
vn 0 0 1
vn 0 0 1
vn 0 0 1
vn 0 0 1
vn 0 0 1
vn 0 0 1
vn 0 0 1
vn 0 0 1
vn 0 0 1
vn 0 0 1
vn 0 0 1
vn 0 0 1
vn 0 0 1
vn 0 0 1
vn 0 0 1
vn 0 0 1
vn 0 0 1
vn 0 0 1
vn 0 0 1
vn 0 0 1
vn 0 0 1
vn 0 0 1
vn 0 0 1
vn 0 0 1
vn 0 0 1
vn 0 0 1
vn 0 0 1
vn 0 0 1
vn 0 0 1
vn 0 0 1
vn 0 0 1
vn 0 0 1
vn 0 0 1
vn 0 0 1
vn 0 0 1
vn 0 0 1
vn 0 0 1
vn 0 0 1
vn 0 0 1
vn 0 0 1
vn 0 0 1
vn 0 0 1
vn 0 0 1
vn 0 0 1
vn 0 0 1
vn 0 0 1
vn 0 0 1
vn 0 0 1
vn 0 0 1
vn 0 0 1
vn 0 0 1
vn 0 0 1
vn 0 0 1
vn 0 0 1
vn 0 0 1
vn 0 0 1
vn 0 0 1
vn 0 0 1
vn 0 0 1
vn 0 0 1
vn 0 0 1
vn 0 0 1
vn 0 0 1
vn 0 0 1
vn 0 0 1
vn 0 0 1
vn 0 0 1
vn 0 0 1
vn 0 0 1
vn 0 0 1
vn 0 0 1
vn 0 0 1
vn 0 0 1
vn 0 0 1
vn 0 0 1
vn 0 0 1
vn 0 0 1
vn 0 0 1
vn 0 0 1
vn 0 0 1
vn 0 0 1
vn 0 0 1
vn 0 0 1
vn 0 0 1
vn 0 0 1
vn 0 0 1
vn 0 0 1
vn 0 0 1
vn 0 0 1
vn 0 0 1
vn 0 0 1
vn 0 0 1
vn 0 0 1
vn 0 0 1
vn 0 0 1
vn 0 0 1
vn 0 0 1
vn 0 0 1
vn 0 0 1
vn 0 0 1
vn 0 0 1
vn 0 0 1
vn 0 0 1
vn 0 0 1
vn 0 0 1
vn 0 0 1
vn 0 0 1
vn 0 0 1
vn 0 0 1
vn 0 0 1
vn 0 0 1
vn 0 0 1
vn 0 0 1
vn 0 0 1
vn 0 0 1
vn 0 0 1
vn 0 0 1
vn 0 0 1
vn 0 0 1
vn 0 0 1
vn 0 0 1
vn 0 0 1
vn 0 0 1
vn 0 0 1
vn 0 0 1
vn 0 0 1
vn 0 0 1
vn 0 0 1
vn 0 0 1
vn 0 0 1
vn 0 0 1
vn 0 0 1
vn 0 0 1
vn 0 0 1
vn 0 0 1
vn 0 0 1
vn 0 0 1
vn 0 0 1
vn 0 0 1
vn 0 0 1
vn 0 0 1
vn 0 0 1
vn 0 0 1
vn 0 0 1
vn 0 0 1
vn 0 0 1
vn 0 0 1
vn 0 0 1
vn 0 0 1
vn 0 0 1
vn 0 0 1
vn 0 0 1
vn 0 0 1
vn 0 0 1
vn 0 0 1
vn 0 0 1
vn 0 0 1
vn 0 0 1
vn 0 0 1
vn 0 0 1
vn 0 0 1
vn 0 0 1
vn 0 0 1
vn 0 0 1
vn 0 0 1
vn 0 0 1
vn 0 0 1
vn 0 0 1
vn 0 0 1
vn 0 0 1
vn 0 0 1
vn 0 0 1
vn 0 0 1
vn 0 0 1
vn 0 0 1
vn 0 0 1
vn 0 0 1
vn 0 0 1
vn 0 0 1
vn 0 0 1
vn 0 0 1
vn 0 0 1
vn 0 0 1
vn 0 0 1
vn 0 0 1
vn 0 0 1
vn 0 0 1
vn 0 0 1
vn 0 0 1
vn 0 0 1
vn 0 0 1
vn 0 0 1
vn 0 0 1
vn 0 0 1
vn 0 0 1
vn 0 0 1
vn 0 0 1
vn 0 0 1
vn 0 0 1
vn 0 0 1
vn 0 0 1
vn 0 0 1
vn 0 0 1
vn 0 0 1
vn 0 0 1
vn 0 0 1
vn 0 0 1
vn 0 0 1
vn 0 0 1
vn 0 0 1
vn 0 0 1
vn 0 0 1
vn 0 0 1
vn 0 0 1
vn 0 0 1
vn 0 0 1
vn 0 0 1
vn 0 0 1
vn 0 0 1
vn 0 0 1
vn 0 0 1
vn 0 0 1
vn 0 0 1
vn 0 0 1
vn 0 0 1
vn 0 0 1
vn 0 0 1
vn 0 0 1
vn 0 0 1
vn 0 0 1
vn 0 0 1
vn 0 0 1
vn 0 0 1
vn 0 0 1
vn 0 0 1
vn 0 0 1
vn 0 0 1
vn 0 0 1
vn 0 0 1
vn 0 0 1
vn 0 0 1
vn 0 0 1
vn 0 0 1
vn 0 0 1
vn 0 0 1
vn 0 0 1
vn 0 0 1
vn 0 0 1
vn 0 0 1
vn 0 0 1
vn 0 0 1
vn 0 0 1
vn 0 0 1
vn 0 0 1
vn 0 0 1
vn 0 0 1
vn 0 0 1
vn 0 0 1
vn 0 0 1
vn 0 0 1
vn 0 0 1
vn 0 0 1
vn 0 0 1
vn 0 0 1
vn 0 0 1
vn 0 0 1
vn 0 0 1
vn 0 0 1
vn 0 0 1
vn 0 0 1
vn 0 0 1
vn 0 0 1
vn 0 0 1
vn 0 0 1
vn 0 0 1
vn 0 0 1
vn 0 0 1
vn 0 0 1
vn 0 0 1
vn 0 0 1
vn 0 0 1
vn 0 0 1
vn 0 0 1
vn 0 0 1
vn 0 0 1
vn 0 0 1
vn 0 0 1
vn 0 0 1
vn 0 0 1
vn 0 0 1
vn 0 0 1
vn 0 0 1
vn 0 0 1
vn 0 0 1
vn 0 0 1
vn 0 0 1
vn 0 0 1
vn 0 0 1
vn 0 0 1
vn 0 0 1
vn 0 0 1
vn 0 0 1
vn 0 0 1
vn 0 0 1
vn 0 0 1
vn 0 0 1
vn 0 0 1
vn 0 0 1
vn 0 0 1
vn 0 0 1
vn 0 0 1
vn 0 0 1
vn 0 0 1
vn 0 0 1
vn 0 0 1
vn 0 0 1
vn 0 0 1
vn 0 0 1
vn 0 0 1
vn 0 0 1
vn 0 0 1
vn 0 0 1
vn 0 0 1
vn 0 0 1
vn 0 0 1
vn 0 0 1
vn 0 0 1
vn 0 0 1
vn 0 0 1
vn 0 0 1
vn 0 0 1
vn 0 0 1
vn 0 0 1
vn 0 0 1
vn 0 0 1
vn 0 0 1
vn 0 0 1
vn 0 0 1
vn 0 0 1
vn 0 0 1
vn 0 0 1
vn 0 0 1
vn 0 0 1
vn 0 0 1
f 667//667 822//822 1042//1042
f 667//667 1042//1042 806//806
f 822//822 682//682 817//817
f 822//822 817//817 1042//1042
f 1042//1042 817//817 683//683
f 1042//1042 683//683 823//823
f 806//806 1042//1042 823//823
f 806//806 823//823 668//668
f 729//729 826//826 1043//1043
f 729//729 1043//1043 804//804
f 826//826 748//748 815//815
f 826//826 815//815 1043//1043
f 1043//1043 815//815 679//679
f 1043//1043 679//679 827//827
f 804//804 1043//1043 827//827
f 804//804 827//827 664//664
f 670//670 821//821 1044//1044
f 670//670 1044//1044 807//807
f 821//821 685//685 819//819
f 821//821 819//819 1044//1044
f 1044//1044 819//819 756//756
f 1044//1044 756//756 828//828
f 807//807 1044//1044 828//828
f 807//807 828//828 737//737
f 666//666 825//825 1045//1045
f 666//666 1045//1045 805//805
f 825//825 681//681 816//816
f 825//825 816//816 1045//1045
f 1045//1045 816//816 682//682
f 1045//1045 682//682 822//822
f 805//805 1045//1045 822//822
f 805//805 822//822 667//667
f 680//680 824//824 1046//1046
f 680//680 1046//1046 862//862
f 824//824 665//665 910//910
f 824//824 910//910 1046//1046
f 1046//1046 910//910 664//664
f 1046//1046 664//664 827//827
f 862//862 1046//1046 827//827
f 862//862 827//827 679//679
f 672//672 808//808 1047//1047
f 672//672 1047//1047 830//830
f 808//808 739//739 829//829
f 808//808 829//829 1047//1047
f 1047//1047 829//829 756//756
f 1047//1047 756//756 819//819
f 830//830 1047//1047 819//819
f 830//830 819//819 685//685
f 684//684 820//820 1048//1048
f 684//684 1048//1048 892//892
f 820//820 669//669 890//890
f 820//820 890//890 1048//1048
f 1048//1048 890//890 668//668
f 1048//1048 668//668 823//823
f 892//892 1048//1048 823//823
f 892//892 823//823 683//683
f 702//702 872//872 1049//1049
f 702//702 1049//1049 833//833
f 872//872 701//701 832//832
f 872//872 832//832 1049//1049
f 1049//1049 832//832 686//686
f 1049//1049 686//686 834//834
f 833//833 1049//1049 834//834
f 833//833 834//834 687//687
f 672//672 830//830 1050//1050
f 672//672 1050//1050 818//818
f 830//830 685//685 891//891
f 830//830 891//891 1050//1050
f 1050//1050 891//891 684//684
f 1050//1050 684//684 831//831
f 818//818 1050//1050 831//831
f 818//818 831//831 673//673
f 678//678 810//810 1051//1051
f 678//678 1051//1051 839//839
f 810//810 687//687 834//834
f 810//810 834//834 1051//1051
f 1051//1051 834//834 686//686
f 1051//1051 686//686 836//836
f 839//839 1051//1051 836//836
f 839//839 836//836 688//688
f 682//682 840//840 1052//1052
f 682//682 1052//1052 817//817
f 840//840 688//688 836//836
f 840//840 836//836 1052//1052
f 1052//1052 836//836 686//686
f 1052//1052 686//686 835//835
f 817//817 1052//1052 835//835
f 817//817 835//835 683//683
f 681//681 841//841 1053//1053
f 681//681 1053//1053 816//816
f 841//841 689//689 837//837
f 841//841 837//837 1053//1053
f 1053//1053 837//837 688//688
f 1053//1053 688//688 840//840
f 816//816 1053//1053 840//840
f 816//816 840//840 682//682
f 689//689 842//842 1054//1054
f 689//689 1054//1054 837//837
f 842//842 690//690 838//838
f 842//842 838//838 1054//1054
f 1054//1054 838//838 678//678
f 1054//1054 678//678 839//839
f 837//837 1054//1054 839//839
f 837//837 839//839 688//688
f 697//697 859//859 1055//1055
f 697//697 1055//1055 861//861
f 859//859 690//690 842//842
f 859//859 842//842 1055//1055
f 1055//1055 842//842 689//689
f 1055//1055 689//689 860//860
f 861//861 1055//1055 860//860
f 861//861 860//860 698//698
f 699//699 863//863 1056//1056
f 699//699 1056//1056 865//865
f 863//863 677//677 844//844
f 863//863 844//844 1056//1056
f 1056//1056 844//844 691//691
f 1056//1056 691//691 864//864
f 865//865 1056//1056 864//864
f 865//865 864//864 700//700
f 748//748 852//852 1057//1057
f 748//748 1057//1057 815//815
f 852//852 694//694 851//851
f 852//852 851//851 1057//1057
f 1057//1057 851//851 692//692
f 1057//1057 692//692 848//848
f 815//815 1057//1057 848//848
f 815//815 848//848 679//679
f 694//694 852//852 1058//1058
f 694//694 1058//1058 849//849
f 852//852 748//748 853//853
f 852//852 853//853 1058//1058
f 1058//1058 853//853 765//765
f 1058//1058 765//765 850//850
f 849//849 1058//1058 850//850
f 849//849 850//850 693//693
f 675//675 811//811 1059//1059
f 675//675 1059//1059 856//856
f 811//811 695//695 855//855
f 811//811 855//855 1059//1059
f 1059//1059 855//855 694//694
f 1059//1059 694//694 849//849
f 856//856 1059//1059 849//849
f 856//856 849//849 693//693
f 692//692 851//851 1060//1060
f 692//692 1060//1060 846//846
f 851//851 694//694 855//855
f 851//851 855//855 1060//1060
f 1060//1060 855//855 695//695
f 1060//1060 695//695 854//854
f 846//846 1060//1060 854//854
f 846//846 854//854 676//676
f 671//671 866//866 1061//1061
f 671//671 1061//1061 857//857
f 866//866 675//675 856//856
f 866//866 856//856 1061//1061
f 1061//1061 856//856 693//693
f 1061//1061 693//693 867//867
f 857//857 1061//1061 867//867
f 857//857 867//867 696//696
f 680//680 858//858 1062//1062
f 680//680 1062//1062 824//824
f 858//858 681//681 825//825
f 858//858 825//825 1062//1062
f 1062//1062 825//825 666//666
f 1062//1062 666//666 908//908
f 824//824 1062//1062 908//908
f 824//824 908//908 665//665
f 677//677 813//813 1063//1063
f 677//677 1063//1063 844//844
f 813//813 697//697 861//861
f 813//813 861//861 1063//1063
f 1063//1063 861//861 698//698
f 1063//1063 698//698 843//843
f 844//844 1063//1063 843//843
f 844//844 843//843 691//691
f 676//676 812//812 1064//1064
f 676//676 1064//1064 846//846
f 812//812 699//699 865//865
f 812//812 865//865 1064//1064
f 1064//1064 865//865 700//700
f 1064//1064 700//700 847//847
f 846//846 1064//1064 847//847
f 846//846 847//847 692//692
f 673//673 831//831 1065//1065
f 673//673 1065//1065 871//871
f 831//831 684//684 892//892
f 831//831 892//892 1065//1065
f 1065//1065 892//892 683//683
f 1065//1065 683//683 835//835
f 871//871 1065//1065 835//835
f 871//871 835//835 686//686
f 674//674 809//809 1066//1066
f 674//674 1066//1066 870//870
f 809//809 673//673 869//869
f 809//809 869//869 1066//1066
f 1066//1066 869//869 701//701
f 1066//1066 701//701 872//872
f 870//870 1066//1066 872//872
f 870//870 872//872 702//702
f 716//716 900//900 1067//1067
f 716//716 1067//1067 879//879
f 900//900 715//715 876//876
f 900//900 876//876 1067//1067
f 1067//1067 876//876 705//705
f 1067//1067 705//705 878//878
f 879//879 1067//1067 878//878
f 879//879 878//878 708//708
f 718//718 899//899 1068//1068
f 718//718 1068//1068 889//889
f 899//899 716//716 879//879
f 899//899 879//879 1068//1068
f 1068//1068 879//879 708//708
f 1068//1068 708//708 886//886
f 889//889 1068//1068 886//886
f 889//889 886//886 713//713
f 722//722 907//907 1069//1069
f 722//722 1069//1069 888//888
f 907//907 721//721 882//882
f 907//907 882//882 1069//1069
f 1069//1069 882//882 711//711
f 1069//1069 711//711 887//887
f 888//888 1069//1069 887//887
f 888//888 887//887 714//714
f 721//721 906//906 1070//1070
f 721//721 1070//1070 882//882
f 906//906 720//720 881//881
f 906//906 881//881 1070//1070
f 1070//1070 881//881 710//710
f 1070//1070 710//710 884//884
f 882//882 1070//1070 884//884
f 882//882 884//884 711//711
f 719//719 905//905 1071//1071
f 719//719 1071//1071 901//901
f 905//905 722//722 888//888
f 905//905 888//888 1071//1071
f 1071//1071 888//888 714//714
f 1071//1071 714//714 883//883
f 901//901 1071//1071 883//883
f 901//901 883//883 709//709
f 717//717 898//898 1072//1072
f 717//717 1072//1072 896//896
f 898//898 718//718 889//889
f 898//898 889//889 1072//1072
f 1072//1072 889//889 713//713
f 1072//1072 713//713 874//874
f 896//896 1072//1072 874//874
f 896//896 874//874 706//706
f 684//684 891//891 1073//1073
f 684//684 1073//1073 820//820
f 891//891 685//685 821//821
f 891//891 821//821 1073//1073
f 1073//1073 821//821 670//670
f 1073//1073 670//670 893//893
f 820//820 1073//1073 893//893
f 820//820 893//893 669//669
f 709//709 883//883 1074//1074
f 709//709 1074//1074 880//880
f 883//883 714//714 897//897
f 883//883 897//897 1074//1074
f 1074//1074 897//897 718//718
f 1074//1074 718//718 898//898
f 880//880 1074//1074 898//898
f 880//880 898//898 717//717
f 714//714 887//887 1075//1075
f 714//714 1075//1075 897//897
f 887//887 711//711 895//895
f 887//887 895//895 1075//1075
f 1075//1075 895//895 716//716
f 1075//1075 716//716 899//899
f 897//897 1075//1075 899//899
f 897//897 899//899 718//718
f 711//711 884//884 1076//1076
f 711//711 1076//1076 895//895
f 884//884 710//710 894//894
f 884//884 894//894 1076//1076
f 1076//1076 894//894 715//715
f 1076//1076 715//715 900//900
f 895//895 1076//1076 900//900
f 895//895 900//900 716//716
f 704//704 873//873 1077//1077
f 704//704 1077//1077 875//875
f 873//873 712//712 904//904
f 873//873 904//904 1077//1077
f 1077//1077 904//904 722//722
f 1077//1077 722//722 905//905
f 875//875 1077//1077 905//905
f 875//875 905//905 719//719
f 707//707 877//877 1078//1078
f 707//707 1078//1078 903//903
f 877//877 703//703 902//902
f 877//877 902//902 1078//1078
f 1078//1078 902//902 720//720
f 1078//1078 720//720 906//906
f 903//903 1078//1078 906//906
f 903//903 906//906 721//721
f 712//712 885//885 1079//1079
f 712//712 1079//1079 904//904
f 885//885 707//707 903//903
f 885//885 903//903 1079//1079
f 1079//1079 903//903 721//721
f 1079//1079 721//721 907//907
f 904//904 1079//1079 907//907
f 904//904 907//907 722//722
f 691//691 843//843 1080//1080
f 691//691 1080//1080 845//845
f 698//698 909//909 1080//1080
f 698//698 1080//1080 843//843
f 680//680 845//845 1080//1080
f 680//680 1080//1080 909//909
f 681//681 858//858 1081//1081
f 681//681 1081//1081 841//841
f 858//858 680//680 909//909
f 858//858 909//909 1081//1081
f 1081//1081 909//909 698//698
f 1081//1081 698//698 860//860
f 841//841 1081//1081 860//860
f 841//841 860//860 689//689
f 691//691 845//845 1082//1082
f 691//691 1082//1082 864//864
f 680//680 911//911 1082//1082
f 680//680 1082//1082 845//845
f 700//700 864//864 1082//1082
f 700//700 1082//1082 911//911
f 692//692 847//847 1083//1083
f 692//692 1083//1083 848//848
f 847//847 700//700 911//911
f 847//847 911//911 1083//1083
f 1083//1083 911//911 680//680
f 1083//1083 680//680 862//862
f 848//848 1083//1083 862//862
f 848//848 862//862 679//679
f 726//726 918//918 1084//1084
f 726//726 1084//1084 921//921
f 918//918 724//724 913//913
f 918//918 913//913 1084//1084
f 1084//1084 913//913 723//723
f 1084//1084 723//723 914//914
f 921//921 1084//1084 914//914
f 921//921 914//914 725//725
f 800//800 919//919 1085//1085
f 800//800 1085//1085 920//920
f 919//919 796//796 912//912
f 919//919 912//912 1085//1085
f 1085//1085 912//912 724//724
f 1085//1085 724//724 918//918
f 920//920 1085//1085 918//918
f 920//920 918//918 726//726
f 802//802 923//923 1086//1086
f 802//802 1086//1086 926//926
f 923//923 800//800 920//920
f 923//923 920//920 1086//1086
f 1086//1086 920//920 726//726
f 1086//1086 726//726 922//922
f 926//926 1086//1086 922//922
f 926//926 922//922 727//727
f 727//727 922//922 1087//1087
f 727//727 1087//1087 925//925
f 922//922 726//726 921//921
f 922//922 921//921 1087//1087
f 1087//1087 921//921 725//725
f 1087//1087 725//725 917//917
f 925//925 1087//1087 917//917
f 925//925 917//917 728//728
f 696//696 867//867 1088//1088
f 696//696 1088//1088 814//814
f 867//867 693//693 850//850
f 867//867 850//850 1088//1088
f 1088//1088 850//850 765//765
f 1088//1088 765//765 868//868
f 814//814 1088//1088 868//868
f 814//814 868//868 747//747
f 696//696 915//915 1089//1089
f 696//696 1089//1089 857//857
f 915//915 727//727 925//925
f 915//915 925//925 1089//1089
f 1089//1089 925//925 728//728
f 1089//1089 728//728 924//924
f 857//857 1089//1089 924//924
f 857//857 924//924 671//671
f 747//747 916//916 1090//1090
f 747//747 1090//1090 814//814
f 916//916 802//802 926//926
f 916//916 926//926 1090//1090
f 1090//1090 926//926 727//727
f 1090//1090 727//727 915//915
f 814//814 1090//1090 915//915
f 814//814 915//915 696//696
f 733//733 929//929 1091//1091
f 733//733 1091//1091 945//945
f 929//929 734//734 946//946
f 929//929 946//946 1091//1091
f 1091//1091 946//946 753//753
f 1091//1091 753//753 940//940
f 945//945 1091//1091 940//940
f 945//945 940//940 752//752
f 729//729 927//927 1092//1092
f 729//729 1092//1092 826//826
f 927//927 730//730 949//949
f 927//927 949//949 1092//1092
f 1092//1092 949//949 749//749
f 1092//1092 749//749 938//938
f 826//826 1092//1092 938//938
f 826//826 938//938 748//748
f 736//736 930//930 1093//1093
f 736//736 1093//1093 944//944
f 930//930 737//737 828//828
f 930//930 828//828 1093//1093
f 1093//1093 828//828 756//756
f 1093//1093 756//756 942//942
f 944//944 1093//1093 942//942
f 944//944 942//942 755//755
f 732//732 928//928 1094//1094
f 732//732 1094//1094 948//948
f 928//928 733//733 945//945
f 928//928 945//945 1094//1094
f 1094//1094 945//945 752//752
f 1094//1094 752//752 939//939
f 948//948 1094//1094 939//939
f 948//948 939//939 751//751
f 750//750 981//981 1095//1095
f 750//750 1095//1095 947//947
f 981//981 749//749 949//949
f 981//981 949//949 1095//1095
f 1095//1095 949//949 730//730
f 1095//1095 730//730 1028//1028
f 947//947 1095//1095 1028//1028
f 947//947 1028//1028 731//731
f 740//740 950//950 1096//1096
f 740//740 1096//1096 931//931
f 950//950 755//755 942//942
f 950//950 942//942 1096//1096
f 1096//1096 942//942 756//756
f 1096//1096 756//756 829//829
f 931//931 1096//1096 829//829
f 931//931 829//829 739//739
f 754//754 1010//1010 1097//1097
f 754//754 1097//1097 943//943
f 1010//1010 753//753 946//946
f 1010//1010 946//946 1097//1097
f 1097//1097 946//946 734//734
f 1097//1097 734//734 1008//1008
f 943//943 1097//1097 1008//1008
f 943//943 1008//1008 735//735
f 774//774 953//953 1098//1098
f 774//774 1098//1098 990//990
f 953//953 758//758 954//954
f 953//953 954//954 1098//1098
f 1098//1098 954//954 757//757
f 1098//1098 757//757 952//952
f 990//990 1098//1098 952//952
f 990//990 952//952 773//773
f 740//740 941//941 1099//1099
f 740//740 1099//1099 950//950
f 941//941 741//741 951//951
f 941//941 951//951 1099//1099
f 1099//1099 951//951 754//754
f 1099//1099 754//754 1009//1009
f 950//950 1099//1099 1009//1009
f 950//950 1009//1009 755//755
f 746//746 959//959 1100//1100
f 746//746 1100//1100 933//933
f 959//959 759//759 956//956
f 959//959 956//956 1100//1100
f 1100//1100 956//956 757//757
f 1100//1100 757//757 954//954
f 933//933 1100//1100 954//954
f 933//933 954//954 758//758
f 752//752 940//940 1101//1101
f 752//752 1101//1101 960//960
f 940//940 753//753 955//955
f 940//940 955//955 1101//1101
f 1101//1101 955//955 757//757
f 1101//1101 757//757 956//956
f 960//960 1101//1101 956//956
f 960//960 956//956 759//759
f 751//751 939//939 1102//1102
f 751//751 1102//1102 961//961
f 939//939 752//752 960//960
f 939//939 960//960 1102//1102
f 1102//1102 960//960 759//759
f 1102//1102 759//759 957//957
f 961//961 1102//1102 957//957
f 961//961 957//957 760//760
f 760//760 957//957 1103//1103
f 760//760 1103//1103 962//962
f 957//957 759//759 959//959
f 957//957 959//959 1103//1103
f 1103//1103 959//959 746//746
f 1103//1103 746//746 958//958
f 962//962 1103//1103 958//958
f 962//962 958//958 761//761
f 769//769 980//980 1104//1104
f 769//769 1104//1104 978//978
f 980//980 770//770 979//979
f 980//980 979//979 1104//1104
f 1104//1104 979//979 760//760
f 1104//1104 760//760 962//962
f 978//978 1104//1104 962//962
f 978//978 962//962 761//761
f 771//771 984//984 1105//1105
f 771//771 1105//1105 982//982
f 984//984 772//772 983//983
f 984//984 983//983 1105//1105
f 1105//1105 983//983 762//762
f 1105//1105 762//762 964//964
f 982//982 1105//1105 964//964
f 982//982 964//964 745//745
f 748//748 938//938 1106//1106
f 748//748 1106//1106 972//972
f 938//938 749//749 968//968
f 938//938 968//968 1106//1106
f 1106//1106 968//968 763//763
f 1106//1106 763//763 971//971
f 972//972 1106//1106 971//971
f 972//972 971//971 766//766
f 766//766 969//969 1107//1107
f 766//766 1107//1107 972//972
f 969//969 764//764 970//970
f 969//969 970//970 1107//1107
f 1107//1107 970//970 765//765
f 1107//1107 765//765 853//853
f 972//972 1107//1107 853//853
f 972//972 853//853 748//748
f 743//743 975//975 1108//1108
f 743//743 1108//1108 934//934
f 975//975 764//764 969//969
f 975//975 969//969 1108//1108
f 1108//1108 969//969 766//766
f 1108//1108 766//766 974//974
f 934//934 1108//1108 974//974
f 934//934 974//974 767//767
f 763//763 966//966 1109//1109
f 763//763 1109//1109 971//971
f 966//966 744//744 973//973
f 966//966 973//973 1109//1109
f 1109//1109 973//973 767//767
f 1109//1109 767//767 974//974
f 971//971 1109//1109 974//974
f 971//971 974//974 766//766
f 738//738 976//976 1110//1110
f 738//738 1110//1110 985//985
f 976//976 768//768 986//986
f 976//976 986//986 1110//1110
f 1110//1110 986//986 764//764
f 1110//1110 764//764 975//975
f 985//985 1110//1110 975//975
f 985//985 975//975 743//743
f 750//750 947//947 1111//1111
f 750//750 1111//1111 977//977
f 947//947 731//731 1026//1026
f 947//947 1026//1026 1111//1111
f 1111//1111 1026//1026 732//732
f 1111//1111 732//732 948//948
f 977//977 1111//1111 948//948
f 977//977 948//948 751//751
f 745//745 964//964 1112//1112
f 745//745 1112//1112 936//936
f 964//964 762//762 963//963
f 964//964 963//963 1112//1112
f 1112//1112 963//963 770//770
f 1112//1112 770//770 980//980
f 936//936 1112//1112 980//980
f 936//936 980//980 769//769
f 744//744 966//966 1113//1113
f 744//744 1113//1113 935//935
f 966//966 763//763 967//967
f 966//966 967//967 1113//1113
f 1113//1113 967//967 772//772
f 1113//1113 772//772 984//984
f 935//935 1113//1113 984//984
f 935//935 984//984 771//771
f 741//741 989//989 1114//1114
f 741//741 1114//1114 951//951
f 989//989 757//757 955//955
f 989//989 955//955 1114//1114
f 1114//1114 955//955 753//753
f 1114//1114 753//753 1010//1010
f 951//951 1114//1114 1010//1010
f 951//951 1010//1010 754//754
f 742//742 988//988 1115//1115
f 742//742 1115//1115 932//932
f 988//988 774//774 990//990
f 988//988 990//990 1115//1115
f 1115//1115 990//990 773//773
f 1115//1115 773//773 987//987
f 932//932 1115//1115 987//987
f 932//932 987//987 741//741
f 788//788 997//997 1116//1116
f 788//788 1116//1116 1018//1018
f 997//997 780//780 996//996
f 997//997 996//996 1116//1116
f 1116//1116 996//996 777//777
f 1116//1116 777//777 994//994
f 1018//1018 1116//1116 994//994
f 1018//1018 994//994 787//787
f 790//790 1007//1007 1117//1117
f 790//790 1117//1117 1017//1017
f 1007//1007 785//785 1004//1004
f 1007//1007 1004//1004 1117//1117
f 1117//1117 1004//1004 780//780
f 1117//1117 780//780 997//997
f 1017//1017 1117//1117 997//997
f 1017//1017 997//997 788//788
f 794//794 1006//1006 1118//1118
f 794//794 1118//1118 1025//1025
f 1006//1006 786//786 1005//1005
f 1006//1006 1005//1005 1118//1118
f 1118//1118 1005//1005 783//783
f 1118//1118 783//783 1000//1000
f 1025//1025 1118//1118 1000//1000
f 1025//1025 1000//1000 793//793
f 793//793 1000//1000 1119//1119
f 793//793 1119//1119 1024//1024
f 1000//1000 783//783 1002//1002
f 1000//1000 1002//1002 1119//1119
f 1119//1119 1002//1002 782//782
f 1119//1119 782//782 999//999
f 1024//1024 1119//1119 999//999
f 1024//1024 999//999 792//792
f 791//791 1019//1019 1120//1120
f 791//791 1120//1120 1023//1023
f 1019//1019 781//781 1001//1001
f 1019//1019 1001//1001 1120//1120
f 1120//1120 1001//1001 786//786
f 1120//1120 786//786 1006//1006
f 1023//1023 1120//1120 1006//1006
f 1023//1023 1006//1006 794//794
f 789//789 1014//1014 1121//1121
f 789//789 1121//1121 1016//1016
f 1014//1014 778//778 992//992
f 1014//1014 992//992 1121//1121
f 1121//1121 992//992 785//785
f 1121//1121 785//785 1007//1007
f 1016//1016 1121//1121 1007//1007
f 1016//1016 1007//1007 790//790
f 754//754 943//943 1122//1122
f 754//754 1122//1122 1009//1009
f 943//943 735//735 1011//1011
f 943//943 1011//1011 1122//1122
f 1122//1122 1011//1011 736//736
f 1122//1122 736//736 944//944
f 1009//1009 1122//1122 944//944
f 1009//1009 944//944 755//755
f 781//781 998//998 1123//1123
f 781//781 1123//1123 1001//1001
f 998//998 789//789 1016//1016
f 998//998 1016//1016 1123//1123
f 1123//1123 1016//1016 790//790
f 1123//1123 790//790 1015//1015
f 1001//1001 1123//1123 1015//1015
f 1001//1001 1015//1015 786//786
f 786//786 1015//1015 1124//1124
f 786//786 1124//1124 1005//1005
f 1015//1015 790//790 1017//1017
f 1015//1015 1017//1017 1124//1124
f 1124//1124 1017//1017 788//788
f 1124//1124 788//788 1013//1013
f 1005//1005 1124//1124 1013//1013
f 1005//1005 1013//1013 783//783
f 783//783 1013//1013 1125//1125
f 783//783 1125//1125 1002//1002
f 1013//1013 788//788 1018//1018
f 1013//1013 1018//1018 1125//1125
f 1125//1125 1018//1018 787//787
f 1125//1125 787//787 1012//1012
f 1002//1002 1125//1125 1012//1012
f 1002//1002 1012//1012 782//782
f 776//776 993//993 1126//1126
f 776//776 1126//1126 991//991
f 993//993 791//791 1023//1023
f 993//993 1023//1023 1126//1126
f 1126//1126 1023//1023 794//794
f 1126//1126 794//794 1022//1022
f 991//991 1126//1126 1022//1022
f 991//991 1022//1022 784//784
f 779//779 1021//1021 1127//1127
f 779//779 1127//1127 995//995
f 1021//1021 793//793 1024//1024
f 1021//1021 1024//1024 1127//1127
f 1127//1127 1024//1024 792//792
f 1127//1127 792//792 1020//1020
f 995//995 1127//1127 1020//1020
f 995//995 1020//1020 775//775
f 784//784 1022//1022 1128//1128
f 784//784 1128//1128 1003//1003
f 1022//1022 794//794 1025//1025
f 1022//1022 1025//1025 1128//1128
f 1128//1128 1025//1025 793//793
f 1128//1128 793//793 1021//1021
f 1003//1003 1128//1128 1021//1021
f 1003//1003 1021//1021 779//779
f 762//762 965//965 1129//1129
f 762//762 1129//1129 963//963
f 750//750 1027//1027 1129//1129
f 750//750 1129//1129 965//965
f 770//770 963//963 1129//1129
f 770//770 1129//1129 1027//1027
f 751//751 961//961 1130//1130
f 751//751 1130//1130 977//977
f 961//961 760//760 979//979
f 961//961 979//979 1130//1130
f 1130//1130 979//979 770//770
f 1130//1130 770//770 1027//1027
f 977//977 1130//1130 1027//1027
f 977//977 1027//1027 750//750
f 762//762 983//983 1131//1131
f 762//762 1131//1131 965//965
f 772//772 1029//1029 1131//1131
f 772//772 1131//1131 983//983
f 750//750 965//965 1131//1131
f 750//750 1131//1131 1029//1029
f 763//763 968//968 1132//1132
f 763//763 1132//1132 967//967
f 968//968 749//749 981//981
f 968//968 981//981 1132//1132
f 1132//1132 981//981 750//750
f 1132//1132 750//750 1029//1029
f 967//967 1132//1132 1029//1029
f 967//967 1029//1029 772//772
f 799//799 1037//1037 1133//1133
f 799//799 1133//1133 1035//1035
f 1037//1037 798//798 1032//1032
f 1037//1037 1032//1032 1133//1133
f 1133//1133 1032//1032 795//795
f 1133//1133 795//795 1031//1031
f 1035//1035 1133//1133 1031//1031
f 1035//1035 1031//1031 797//797
f 800//800 1036//1036 1134//1134
f 800//800 1134//1134 919//919
f 1036//1036 799//799 1035//1035
f 1036//1036 1035//1035 1134//1134
f 1134//1134 1035//1035 797//797
f 1134//1134 797//797 1030//1030
f 919//919 1134//1134 1030//1030
f 919//919 1030//1030 796//796
f 802//802 1041//1041 1135//1135
f 802//802 1135//1135 923//923
f 1041//1041 801//801 1038//1038
f 1041//1041 1038//1038 1135//1135
f 1135//1135 1038//1038 799//799
f 1135//1135 799//799 1036//1036
f 923//923 1135//1135 1036//1036
f 923//923 1036//1036 800//800
f 801//801 1040//1040 1136//1136
f 801//801 1136//1136 1038//1038
f 1040//1040 803//803 1034//1034
f 1040//1040 1034//1034 1136//1136
f 1136//1136 1034//1034 798//798
f 1136//1136 798//798 1037//1037
f 1038//1038 1136//1136 1037//1037
f 1038//1038 1037//1037 799//799
f 768//768 937//937 1137//1137
f 768//768 1137//1137 986//986
f 937//937 747//747 868//868
f 937//937 868//868 1137//1137
f 1137//1137 868//868 765//765
f 1137//1137 765//765 970//970
f 986//986 1137//1137 970//970
f 986//986 970//970 764//764
f 768//768 976//976 1138//1138
f 768//768 1138//1138 1033//1033
f 976//976 738//738 1039//1039
f 976//976 1039//1039 1138//1138
f 1138//1138 1039//1039 803//803
f 1138//1138 803//803 1040//1040
f 1033//1033 1138//1138 1040//1040
f 1033//1033 1040//1040 801//801
f 747//747 937//937 1139//1139
f 747//747 1139//1139 916//916
f 937//937 768//768 1033//1033
f 937//937 1033//1033 1139//1139
f 1139//1139 1033//1033 801//801
f 1139//1139 801//801 1041//1041
f 916//916 1139//1139 1041//1041
f 916//916 1041//1041 802//802
o Piston
v -0.998254895 1.58975697 0
v -0.9980551 0.00342909922 0
v -1.00009227 0.0270438567 0
v -0.906902075 0 0
v -0.954307258 1.59928608 0
v -0.906902075 0.0270438585 0
v -1.00009227 1.51378679 0
v -0.954307139 1.51259589 0
v -0.625851989 1.41140962 0
v -0.319736004 1.29200983 0
v -0.319736004 0 0
v -0.617993712 0 0
v -0.319735974 0.0270438585 0
v -0.617993653 0.0270438585 0
v -0.319735974 1.20988059 0
v -0.625851929 1.32634151 0
v -0.946448922 1.20693827 0
v -1.00009227 1.20767593 0
v -0.624542236 1.07194662 0
v -0.319735974 0.9842031 0
v -0.849409342 0 0
v -0.849409342 0.0270438585 0
v -0.89655906 1.49880195 0
v -0.89655906 1.59378326 0
v -0.888700783 1.19785321 0
v -0.840853512 1.54517984 0
v -0.80156213 0 0
v -0.80156213 0.0270438585 0
v -0.840853512 1.45492208 0
v -0.834304988 1.16584849 0
v -0.874715745 0 0
v -0.874715745 0.0270438585 0
v -0.921865404 1.50713921 0
v -0.914007187 1.20355856 0
v -0.921865463 1.59928608 0
v -0.913591444 0.0911112726 0
v -0.617993653 0.0892835259 0
v -0.319735974 0.0892835259 0
v -0.9980551 0.0878258049 0
v -0.849409342 0.0892835259 0
v -0.80156213 0.0892835259 0
v -0.874715686 0.0892835185 0
v -0.998254895 0.420397282 0
v -0.91384697 0.415941715 0
v -0.617993653 0.417929858 0
v -0.319735974 0.417929858 0
v -0.849409342 0.417929858 0
v -0.80156213 0.417929858 0
v -0.874715745 0.417929858 0
v -0.913506269 0.357202947 0
v -0.617993653 0.35448882 0
v -0.319735974 0.35448882 0
v -0.849409342 0.35448882 0
v -0.80156213 0.35448882 0
v -0.874715745 0.35448882 0
v -0.998076737 0.352627069 0
v -0.913421094 0.155928597 0
v -0.617993653 0.157505378 0
v -0.319735974 0.157505378 0
v -0.849409342 0.157505378 0
v -0.80156213 0.157505378 0
v -0.874715745 0.157505378 0
v -0.998327196 0.158913508 0
v -0.998327196 0.215678766 0
v -0.913421094 0.219316602 0
v -0.617993653 0.21697551 0
v -0.319735974 0.21697551 0
v -0.849409342 0.21697551 0
v -0.80156213 0.21697551 0
v -0.874715686 0.216975525 0
v -0.998076737 0.284579277 0
v -0.913506269 0.280981839 0
v -0.617993653 0.282832354 0
v -0.319735974 0.282832354 0
v -0.849409342 0.282832354 0
v -0.80156213 0.282832354 0
v -0.874715745 0.282832354 0
v -1.00009227 0.576422751 0
v -0.915015757 0.576305509 0
v -0.619303405 0.550637126 0
v -0.319735974 0.533676207 0
v -0.857267618 0.574741244 0
v -0.808110714 0.568591952 0
v -0.882574022 0.575767994 0
v -1.00009227 0.334202677 0
v -0.906816781 0.334202617 0
v -0.617993653 0.334202617 0
v -0.319735974 0.334202617 0
v -0.849409342 0.334202617 0
v -0.80156213 0.334202617 0
v -0.874715686 0.334202617 0
v -0.90681684 0.299535871 0
v -0.617993653 0.299535871 0
v -0.319735974 0.299535871 0
v -0.849409342 0.299535871 0
v -0.80156213 0.299535871 0
v -0.874715745 0.299535871 0
v -1.00009227 0.299535871 0
v -0.906731606 0.200092033 0
v -0.617993653 0.200092018 0
v -0.319735974 0.200092018 0
v -0.849409342 0.200092018 0
v -0.80156213 0.200092018 0
v -0.874715686 0.200092033 0
v -1.00009227 0.200092033 0
v -0.906731606 0.17143102 0
v -0.617993653 0.17143102 0
v -0.319735974 0.17143102 0
v -0.849409342 0.17143102 0
v -0.80156213 0.17143102 0
v -0.874715745 0.17143102 0
v -1.00009227 0.171431035 0
v -0.906902075 0.0708599836 0
v -0.617993653 0.0708599836 0
v -0.319735974 0.0708599836 0
v -0.849409342 0.0708599836 0
v -0.80156213 0.0708599836 0
v -0.874715745 0.0708599836 0
v -1.00009227 0.070859991 0
v -0.930793762 0 0
v -0.930793762 0.0270438585 0
v -0.930793822 0.0896250159 0
v -0.930793762 0.0708599836 0
v -0.930388689 0.157361373 0
v -0.930388689 0.217983276 0
v -0.93038857 0.200092033 0
v -0.93038857 0.17143102 0
v -0.930475056 0.355298787 0
v -0.930475056 0.28275764 0
v -0.930474937 0.334202617 0
v -0.930474937 0.299535871 0
v -0.971310258 1.59928608 0
v -0.971310139 1.51378679 0
v -0.964761615 1.20767581 0
v -0.932018876 0.418440193 0
v -0.9385674 0.576422811 0
v -0.912058353 0.105426736 0
v -0.617993653 0.105426744 0
v -0.319735974 0.105426744 0
v -0.849409342 0.105426721 0
v -0.80156213 0.105426729 0
v -0.874715686 0.105426729 0
v -0.912058353 0.141827211 0
v -0.617993653 0.141827211 0
v -0.319735974 0.141827211 0
v -0.849409342 0.141827196 0
v -0.80156213 0.141827196 0
v -0.874715745 0.141827196 0
v -0.912058353 0.232336581 0
v -0.617993653 0.232336566 0
v -0.319735974 0.232336566 0
v -0.849409342 0.232336566 0
v -0.80156213 0.232336566 0
v -0.874715686 0.232336566 0
v -0.912058353 0.266192079 0
v -0.617993653 0.266192049 0
v -0.319735974 0.266192049 0
v -0.849409342 0.266192049 0
v -0.80156213 0.266192049 0
v -0.874715745 0.266192049 0
v -0.912058353 0.370940536 0
v -0.617993653 0.370940506 0
v -0.319735974 0.370940506 0
v -0.849409342 0.370940506 0
v -0.80156213 0.370940506 0
v -0.874715745 0.370940506 0
v -0.912058353 0.399826974 0
v -0.617993653 0.399826974 0
v -0.319735974 0.399826974 0
v -0.849409342 0.399826974 0
v -0.80156213 0.399826974 0
v -0.874715745 0.399826974 0
v -0.987600625 1.51378679 0
v -0.986290932 1.20767581 0
v -0.979742408 0.418440193 0
v -0.981052101 0.576422751 0
v -0.987600684 1.59928608 0
v -0.97867763 0.355298787 0
v -0.97867763 0.28275764 0
v -0.978677571 0.334202617 0
v -0.978677571 0.299535871 0
v -0.979610145 0.157361373 0
v -0.979610145 0.217983276 0
v -0.979610085 0.200092018 0
v -0.979610085 0.17143102 0
v -0.978674948 0 0
v -0.978674948 0.0270438585 0
v -0.978674948 0.0896250159 0
v -0.978674948 0.0708599836 0
v 0.998254895 1.58975697 0
v 0.9980551 0.00342909922 0
v 1.43765888e-10 1.25446963 0
v 1.43765888e-10 0 0
v 1.00009227 0.0270438567 0
v -3.73075459e-10 0.0270438585 0
v 0.906902075 0 0
v 0.954307258 1.59928608 0
v 0.906902075 0.0270438567 0
v 1.00009227 1.51378679 0
v -3.73075459e-10 1.17324066 0
v 0.954307139 1.51259589 0
v 0.625851989 1.41140962 0
v 0.319736004 1.29200983 0
v 0.319736004 0 0
v 0.617993712 0 0
v 0.319736004 0.0270438567 0
v 0.617993712 0.0270438567 0
v 0.319736004 1.20988059 0
v 0.625851929 1.32634151 0
v -3.73075459e-10 0.956520259 0
v 0.946448922 1.20693827 0
v 1.00009227 1.20767593 0
v 0.624542236 1.07194662 0
v 0.319736004 0.984203041 0
v 0.849409342 0 0
v 0.849409342 0.0270438567 0
v 0.896559 1.49880195 0
v 0.89655906 1.59378326 0
v 0.888700724 1.19785321 0
v 0.840853512 1.54517984 0
v 0.80156213 0 0
v 0.80156213 0.0270438567 0
v 0.840853512 1.45492208 0
v 0.834304988 1.16584849 0
v 0.874715745 0 0
v 0.874715745 0.0270438567 0
v 0.921865404 1.50713921 0
v 0.914007187 1.20355856 0
v 0.921865463 1.59928608 0
v -3.73075459e-10 0.0892835259 0
v 0.913591444 0.0911112726 0
v 0.617993712 0.0892835259 0
v 0.319736004 0.0892835259 0
v 0.9980551 0.0878258049 0
v 0.849409342 0.0892835185 0
v 0.80156213 0.0892835185 0
v 0.874715686 0.0892835185 0
v 0.998254895 0.420397282 0
v -3.73075459e-10 0.417929858 0
v 0.91384697 0.415941715 0
v 0.617993712 0.417929858 0
v 0.319736004 0.417929858 0
v 0.849409342 0.417929858 0
v 0.80156213 0.417929858 0
v 0.874715745 0.417929858 0
v -3.73075459e-10 0.35448882 0
v 0.913506269 0.357202947 0
v 0.617993712 0.35448882 0
v 0.319736004 0.35448882 0
v 0.849409342 0.35448882 0
v 0.80156213 0.35448882 0
v 0.874715745 0.35448882 0
v 0.998076737 0.352627069 0
v -3.73075459e-10 0.157505378 0
v 0.913421094 0.155928597 0
v 0.617993712 0.157505393 0
v 0.319736004 0.157505393 0
v 0.849409342 0.157505393 0
v 0.80156213 0.157505393 0
v 0.874715745 0.157505393 0
v 0.998327196 0.158913508 0
v 0.998327196 0.215678766 0
v -3.73075459e-10 0.21697551 0
v 0.913421094 0.219316602 0
v 0.617993712 0.216975525 0
v 0.319736004 0.216975525 0
v 0.849409342 0.216975525 0
v 0.80156213 0.216975525 0
v 0.874715686 0.216975525 0
v 0.998076737 0.284579247 0
v -3.73075459e-10 0.282832354 0
v 0.913506269 0.280981809 0
v 0.617993712 0.282832354 0
v 0.319736004 0.282832354 0
v 0.849409342 0.282832354 0
v 0.80156213 0.282832354 0
v 0.874715745 0.282832354 0
v 1.00009227 0.576422751 0
v -3.73075459e-10 0.528319716 0
v 0.915015817 0.576305568 0
v 0.619303405 0.550637126 0
v 0.319736004 0.533676267 0
v 0.857267618 0.574741244 0
v 0.808110714 0.568591952 0
v 0.882574022 0.575767994 0
v 1.00009227 0.334202677 0
v -3.73075459e-10 0.334202617 0
v 0.906816781 0.334202617 0
v 0.617993712 0.334202617 0
v 0.319736004 0.334202617 0
v 0.849409342 0.334202617 0
v 0.80156213 0.334202617 0
v 0.874715686 0.334202617 0
v -3.73075459e-10 0.299535871 0
v 0.90681684 0.299535871 0
v 0.617993712 0.299535841 0
v 0.319736004 0.299535841 0
v 0.849409342 0.299535841 0
v 0.80156213 0.299535841 0
v 0.874715745 0.299535841 0
v 1.00009227 0.299535871 0
v -3.73075459e-10 0.200092018 0
v 0.906731606 0.200092033 0
v 0.617993712 0.200092033 0
v 0.319736004 0.200092033 0
v 0.849409342 0.200092033 0
v 0.80156213 0.200092033 0
v 0.874715686 0.200092033 0
v 1.00009227 0.200092033 0
v -3.73075459e-10 0.17143102 0
v 0.906731665 0.17143102 0
v 0.617993712 0.17143102 0
v 0.319736004 0.17143102 0
v 0.849409342 0.17143102 0
v 0.80156213 0.17143102 0
v 0.874715745 0.17143102 0
v 1.00009227 0.171431035 0
v -3.73075459e-10 0.0708599836 0
v 0.906902075 0.070859991 0
v 0.617993712 0.070859991 0
v 0.319736004 0.070859991 0
v 0.849409342 0.070859991 0
v 0.80156213 0.070859991 0
v 0.874715745 0.070859991 0
v 1.00009227 0.070859991 0
v 0.930793762 0 0
v 0.930793762 0.0270438567 0
v 0.930793822 0.0896250159 0
v 0.930793762 0.070859991 0
v 0.930388689 0.157361373 0
v 0.930388689 0.217983276 0
v 0.930388629 0.200092033 0
v 0.930388629 0.17143102 0
v 0.930475056 0.355298787 0
v 0.930475056 0.28275764 0
v 0.930474937 0.334202617 0
v 0.930474937 0.2995359 0
v 0.971310258 1.59928608 0
v 0.971310139 1.51378679 0
v 0.964761615 1.20767593 0
v 0.932018876 0.418440193 0
v 0.9385674 0.576422811 0
v -3.73075459e-10 0.105426744 0
v 0.912058353 0.105426736 0
v 0.617993712 0.105426744 0
v 0.319736004 0.105426744 0
v 0.849409342 0.105426721 0
v 0.80156213 0.105426729 0
v 0.874715686 0.105426729 0
v -3.73075459e-10 0.141827211 0
v 0.912058353 0.141827211 0
v 0.617993712 0.141827196 0
v 0.319736004 0.141827196 0
v 0.849409342 0.141827196 0
v 0.80156213 0.141827196 0
v 0.874715745 0.141827196 0
v -3.73075459e-10 0.232336566 0
v 0.912058353 0.232336581 0
v 0.617993712 0.232336581 0
v 0.319736004 0.232336581 0
v 0.849409342 0.232336581 0
v 0.80156213 0.232336581 0
v 0.874715686 0.232336596 0
v -3.73075459e-10 0.266192049 0
v 0.912058353 0.266192079 0
v 0.617993712 0.266192049 0
v 0.319736004 0.266192049 0
v 0.849409342 0.266192049 0
v 0.80156213 0.266192049 0
v 0.874715745 0.266192049 0
v -3.73075459e-10 0.370940506 0
v 0.912058353 0.370940536 0
v 0.617993712 0.370940506 0
v 0.319736004 0.370940506 0
v 0.849409342 0.370940506 0
v 0.80156213 0.370940506 0
v 0.874715745 0.370940506 0
v -3.73075459e-10 0.399826974 0
v 0.912058353 0.399826974 0
v 0.617993712 0.399826944 0
v 0.319736004 0.399826944 0
v 0.849409342 0.399826944 0
v 0.80156213 0.399826944 0
v 0.874715745 0.399826944 0
v 0.987600625 1.51378679 0
v 0.986290932 1.20767593 0
v 0.979742408 0.418440193 0
v 0.981052101 0.576422751 0
v 0.987600684 1.59928608 0
v 0.97867763 0.355298787 0
v 0.97867763 0.28275764 0
v 0.978677571 0.334202617 0
v 0.978677571 0.299535841 0
v 0.979610145 0.157361373 0
v 0.979610145 0.217983276 0
v 0.979610085 0.200092033 0
v 0.979610085 0.17143102 0
v 0.978674948 0 0
v 0.978674948 0.0270438567 0
v 0.978674948 0.0896250159 0
v 0.978674948 0.070859991 0
v -0.999858975 1.56560755 0
v -0.992499948 0.00043544115 0
v -0.159868002 1.26307249 0
v 7.04745151e-10 0.011218423 0
v -0.999833524 0.0116538638 0
v 1.46676471e-09 0.0495728403 0
v -0.992758632 0.0270438567 0
v -0.891694725 0 0
v -0.964132786 1.59928596 0
v -0.891694784 0.0270438567 0
v -0.906902075 0.0495728403 0
v -0.906902075 0.011218423 0
v -1.00009227 1.41261685 0
v -9.77957049e-10 1.21966851 0
v -0.954307258 1.56606495 0
v -0.994331002 1.51378667 0
v -0.938876331 1.51012766 0
v -0.75219804 1.48444307 0
v -0.477901489 1.34369278 0
v -0.159868002 0 0
v -0.476919204 0 0
v -0.159867987 0.0270438567 0
v -0.476919234 0.0270438567 0
v -0.159867987 1.18162477 0
v -0.477901518 1.26037717 0
v -0.625851929 1.37612855 0
v -0.319736034 1.25709629 0
v -0.617993593 0.0495728403 0
v -0.319736004 0.0495728403 0
v -0.617993653 0.011218423 0
v -0.319736004 0.011218423 0
v 1.46676471e-09 1.09824967 0
v -0.953324974 1.41150808 0
v -1.00009227 0.878883481 0
v -0.625688195 1.2408824 0
v -0.319736004 1.13241971 0
v -0.477737784 1.02252567 0
v -0.931018114 1.20540953 0
v -0.994167268 1.20767581 0
v -0.159867987 0.962814629 0
v -0.83595407 0 0
v -0.83595407 0.0270438567 0
v -0.882121503 1.48623824 0
v -0.907841921 1.59859812 0
v -0.874426961 1.18865585 0
v -0.895576715 1.39876544 0
v -0.849409342 0.011218423 0
v -0.849409342 0.0495728403 0
v -0.89655906 1.55522597 0
v -0.882121503 1.57945359 0
v -0.728623211 0 0
v -0.728623211 0.0270438567 0
v -0.75219804 1.3970257 0
v -0.748268902 1.12380922 0
v -0.840035021 1.35877705 0
v -0.80156219 0.011218423 0
v -0.80156219 0.0495728403 0
v -0.840853572 1.50877237 0
v -0.860692203 0 0
v -0.860692263 0.0270438567 0
v -0.907841861 1.50416386 0
v -0.899983585 1.20164788 0
v -0.93887639 1.59928596 0
v -0.921865404 1.56261575 0
v -0.874715745 0.0495728403 0
v -0.874715745 0.011218423 0
v -0.920883119 1.40642726 0
v 1.46676471e-09 0.0949016511 0
v -0.912250042 0.0951301157 0
v -0.617993593 0.0949016511 0
v -0.319736004 0.0949016511 0
v -0.999833584 0.0829384476 0
v -0.849409342 0.0949016437 0
v -0.80156219 0.0949016437 0
v -0.874715686 0.0949016511 0
v -0.892359614 0.0894358382 0
v -0.83595407 0.089283511 0
v -0.860692263 0.089283511 0
v -0.476919234 0.0892835185 0
v -0.728623211 0.0892835185 0
v -0.992499948 0.0893965438 0
v -0.159867987 0.0892835185 0
v 1.46676471e-09 0.436584622 0
v -0.908697307 0.442427784 0
v -0.618157327 0.439374298 0
v -0.319736004 0.43725419 0
v -0.850391626 0.442387313 0
v -0.802380741 0.441618651 0
v -0.87569797 0.442515671 0
v -0.159867987 0.417929858 0
v -0.993115485 0.418688715 0
v -0.728623211 0.417929858 0
v -0.476919234 0.417929858 0
v -0.860692263 0.417929858 0
v -0.83595407 0.417929858 0
v -0.892386258 0.417764187 0
v 1.46676471e-09 0.361437142 0
v -0.912239373 0.361776412 0
v -0.617993593 0.361437142 0
v -0.319736004 0.361437142 0
v -0.849409342 0.361437142 0
v -0.80156219 0.361437142 0
v -0.874715745 0.361437142 0
v -0.999836326 0.346215755 0
v -0.159867987 0.35448882 0
v -0.992552459 0.354959548 0
v -0.728623211 0.35448882 0
v -0.476919234 0.35448882 0
v -0.860692263 0.35448882 0
v -0.83595407 0.35448882 0
v -0.892350733 0.35471499 0
v 1.46676471e-09 0.162685826 0
v -0.907289147 0.162551418 0
v -0.617993593 0.162685826 0
v -0.319736004 0.162685826 0
v -0.849409342 0.162685826 0
v -0.80156219 0.162685826 0
v -0.874715745 0.162685826 0
v -0.159867987 0.157505378 0
v -0.993273258 0.157558471 0
v -0.728623211 0.157505378 0
v -0.476919234 0.157505378 0
v -0.860692263 0.157505378 0
v -0.83595407 0.157505378 0
v -0.892341912 0.157373995 0
v -0.999868155 0.210186765 0
v 1.46676471e-09 0.222651526 0
v -0.912228703 0.22294414 0
v -0.617993593 0.222651526 0
v -0.319736004 0.222651526 0
v -0.849409342 0.222651526 0
v -0.80156219 0.222651526 0
v -0.874715686 0.222651467 0
v -0.892341912 0.217170626 0
v -0.83595407 0.216975525 0
v -0.860692263 0.216975525 0
v -0.476919234 0.216975525 0
v -0.728623211 0.216975525 0
v -0.993273258 0.217690632 0
v -0.159867987 0.216975525 0
v 1.46676471e-09 0.289027959 0
v -0.907374382 0.288872212 0
v -0.617993593 0.289027959 0
v -0.319736004 0.289027959 0
v -0.849409342 0.289027959 0
v -0.80156219 0.289027959 0
v -0.874715745 0.289027959 0
v -0.159867987 0.282832384 0
v -0.992552459 0.282988966 0
v -0.728623211 0.282832384 0
v -0.476919234 0.282832384 0
v -0.860692263 0.282832384 0
v -0.83595407 0.282832384 0
v -0.892350733 0.282678157 0
v -0.999858916 0.442909837 0
v 1.46676471e-09 0.733244359 0
v -0.930732429 0.8785128 0
v -0.621922731 0.800676465 0
v -0.319736004 0.749426425 0
v -0.872984171 0.873662114 0
v -0.821207881 0.855056882 0
v -0.898290575 0.876813769 0
v -0.899584949 0.576062381 0
v -0.843648612 0.572967052 0
v -0.868550479 0.575449288 0
v -0.477082938 0.541103482 0
v -0.73255235 0.560566366 0
v -0.993512452 0.576422811 0
v -0.159867987 0.529534876 0
v -1.00009227 0.316545427 0
v 1.46676471e-09 0.346453726 0
v -0.907374203 0.346696794 0
v -0.617993593 0.346453726 0
v -0.319736004 0.346453726 0
v -0.849409342 0.346453726 0
v -0.80156219 0.346453726 0
v -0.874715686 0.346453756 0
v -0.891684115 0.334202617 0
v -0.83595407 0.334202647 0
v -0.860692263 0.334202647 0
v -0.476919234 0.334202647 0
v -0.728623211 0.334202647 0
v -0.992808282 0.334202617 0
v -0.159867987 0.334202647 0
v 1.46676471e-09 0.316545427 0
v -0.9068169 0.316545427 0
v -0.617993593 0.316545427 0
v -0.319736004 0.316545427 0
v -0.849409342 0.316545427 0
v -0.80156219 0.316545427 0
v -0.874715745 0.316545427 0
v -0.999836266 0.289249957 0
v -0.891684115 0.299535871 0
v -0.83595407 0.299535871 0
v -0.860692263 0.299535871 0
v -0.476919234 0.299535871 0
v -0.728623211 0.299535871 0
v -0.992808282 0.299535871 0
v -0.159867987 0.299535871 0
v 1.46676471e-09 0.210353434 0
v -0.907289028 0.210569516 0
v -0.617993593 0.210353434 0
v -0.319736004 0.210353434 0
v -0.849409342 0.210353434 0
v -0.80156219 0.210353434 0
v -0.874715686 0.210353434 0
v -1.00009227 0.185474902 0
v -0.891673446 0.200092033 0
v -0.83595407 0.200092033 0
v -0.860692263 0.200092033 0
v -0.476919234 0.200092033 0
v -0.728623211 0.200092033 0
v -0.993497372 0.200092033 0
v -0.159867987 0.200092033 0
v 1.46676471e-09 0.185474902 0
v -0.906731665 0.185474902 0
v -0.617993593 0.185474902 0
v -0.319736004 0.185474902 0
v -0.849409342 0.185474902 0
v -0.80156219 0.185474902 0
v -0.874715745 0.185474902 0
v -0.999868095 0.162864909 0
v -0.891673446 0.17143102 0
v -0.83595407 0.17143102 0
v -0.860692263 0.17143102 0
v -0.476919234 0.17143102 0
v -0.728623211 0.17143102 0
v -0.993497372 0.17143102 0
v -0.159867987 0.17143102 0
v 1.46676471e-09 0.0831242353 0
v -0.907459378 0.0832836553 0
v -0.617993593 0.0831242353 0
v -0.319736004 0.0831242353 0
v -0.849409342 0.0831242353 0
v -0.80156219 0.0831242353 0
v -0.874715686 0.0831242278 0
v -1.00009227 0.0495728366 0
v -0.891694784 0.070859991 0
v -0.83595407 0.070859991 0
v -0.860692263 0.070859991 0
v -0.476919234 0.070859991 0
v -0.728623211 0.070859991 0
v -0.992758632 0.070859991 0
v -0.159867987 0.070859991 0
v -0.917205334 0 0
v -0.917205334 0.0270438567 0
v -0.918041527 0.0898107961 0
v -0.917205334 0.070859991 0
v -0.930793643 0.0831669122 0
v -0.930793703 0.011218423 0
v -0.930793762 0.0495728403 0
v -0.917586267 0.157182291 0
v -0.917586267 0.218149945 0
v -0.916750014 0.200092033 0
v -0.916750014 0.17143102 0
v -0.930388629 0.185474902 0
v -0.93038857 0.210479394 0
v -0.93038857 0.162667811 0
v -0.917799413 0.355536819 0
v -0.917799354 0.282535672 0
v -0.91696316 0.334202617 0
v -0.91696316 0.299535871 0
v -0.930474997 0.316545427 0
v -0.930474937 0.346554995 0
v -0.930474937 0.289018631 0
v -0.979426265 1.59928596 0
v -0.964132726 1.51363802 0
v -0.956438184 1.20758355 0
v -0.918801486 0.418127894 0
v -0.925659895 0.576408148 0
v -0.951664567 0.878883541 0
v -0.932837367 0.442661345 0
v -0.970491707 1.41261685 0
v -0.971310258 1.56681776 0
v 1.46676471e-09 0.123647049 0
v -0.912058294 0.123647034 0
v -0.617993593 0.123647049 0
v -0.319736004 0.123647049 0
v -0.849409342 0.123647034 0
v -0.80156219 0.123647034 0
v -0.874715745 0.123647034 0
v -0.159867987 0.105426744 0
v -0.728623211 0.105426736 0
v -0.476919234 0.105426744 0
v -0.860692263 0.105426721 0
v -0.83595407 0.105426721 0
v -0.892339289 0.105426736 0
v 1.46676471e-09 0.152213871 0
v -0.912228703 0.152016789 0
v -0.617993593 0.152213871 0
v -0.319736004 0.152213871 0
v -0.849409342 0.152213871 0
v -0.80156219 0.152213871 0
v -0.874715686 0.152213871 0
v -0.892339408 0.141827211 0
v -0.83595407 0.141827196 0
v -0.860692263 0.141827196 0
v -0.476919234 0.141827196 0
v -0.728623211 0.141827196 0
v -0.159867987 0.141827196 0
v 1.46676471e-09 0.249098405 0
v -0.912058294 0.249098405 0
v -0.617993593 0.249098405 0
v -0.319736004 0.249098405 0
v -0.849409342 0.249098405 0
v -0.80156219 0.249098405 0
v -0.874715745 0.249098405 0
v -0.159867987 0.232336596 0
v -0.728623211 0.232336596 0
v -0.476919234 0.232336596 0
v -0.860692263 0.232336596 0
v -0.83595407 0.232336596 0
v -0.892339289 0.232336581 0
v 1.46676471e-09 0.276700765 0
v -0.912239373 0.276469439 0
v -0.617993593 0.276700765 0
v -0.319736004 0.276700765 0
v -0.849409342 0.276700765 0
v -0.80156219 0.276700765 0
v -0.874715686 0.276700735 0
v -0.892339408 0.266192079 0
v -0.83595407 0.266192079 0
v -0.860692263 0.266192079 0
v -0.476919234 0.266192079 0
v -0.728623211 0.266192079 0
v -0.159867987 0.266192079 0
v 1.46676471e-09 0.385160893 0
v -0.912058294 0.385160893 0
v -0.617993593 0.385160893 0
v -0.319736004 0.385160893 0
v -0.849409342 0.385160893 0
v -0.80156219 0.385160893 0
v -0.874715745 0.385160893 0
v -0.892339289 0.370940566 0
v -0.83595407 0.370940536 0
v -0.860692263 0.370940536 0
v -0.476919234 0.370940536 0
v -0.728623211 0.370940536 0
v -0.159867987 0.370940536 0
v 1.46676471e-09 0.410428226 0
v -0.91228193 0.410179704 0
v -0.617993593 0.410428226 0
v -0.319736004 0.410428226 0
v -0.849409342 0.410428226 0
v -0.80156219 0.410428226 0
v -0.874715745 0.410428226 0
v -0.159867987 0.399826974 0
v -0.728623211 0.399826974 0
v -0.476919234 0.399826974 0
v -0.860692263 0.399826974 0
v -0.83595407 0.399826974 0
v -0.892339408 0.399826974 0
v -0.979426324 1.51378679 0
v -0.975497127 1.20767581 0
v -0.955851376 0.418440193 0
v -0.959780514 0.576422811 0
v -0.994097769 1.59807599 0
v -0.987600625 1.56681776 0
v -0.98743701 1.41261685 0
v -0.979906142 0.442661285 0
v -0.983671546 0.878883541 0
v -0.954351485 0.355298787 0
v -0.954351485 0.28275764 0
v -0.954351485 0.334202647 0
v -0.954351485 0.299535871 0
v -0.97867769 0.289018631 0
v -0.97867769 0.346554995 0
v -0.97867763 0.316545427 0
v -0.954837978 0.157361373 0
v -0.954837978 0.217983276 0
v -0.954837918 0.200092033 0
v -0.954837918 0.17143102 0
v -0.979610145 0.162667811 0
v -0.979610145 0.210479394 0
v -0.979610085 0.185474902 0
v -0.954533219 0 0
v -0.954533219 0.0270438567 0
v -0.954533219 0.0896250084 0
v -0.954533219 0.070859991 0
v -0.978674948 0.0495728403 0
v -0.978674948 0.011218423 0
v -0.978674948 0.0831669271 0
v 0.999858975 1.56560755 0
v 0.992499948 0.00043544115 0
v 0.159868002 1.26307249 0
v 0.999833524 0.0116538638 0
v 0.992758632 0.0270438567 0
v 0.891694725 0 0
v 0.964132786 1.59928596 0
v 0.891694784 0.0270438567 0
v 0.906902075 0.0495728366 0
v 0.906902075 0.011218423 0
v 1.00009227 1.41261685 0
v 0.954307258 1.56606495 0
v 0.994331002 1.51378679 0
v 0.93887639 1.51012766 0
v 0.75219804 1.48444307 0
v 0.477901489 1.34369278 0
v 0.159868002 0 0
v 0.476919204 0 0
v 0.159867987 0.0270438567 0
v 0.476919204 0.0270438567 0
v 0.159867987 1.18162477 0
v 0.477901489 1.26037729 0
v 0.625851929 1.37612867 0
v 0.319736034 1.25709617 0
v 0.617993653 0.0495728366 0
v 0.319736004 0.0495728366 0
v 0.617993653 0.011218423 0
v 0.319736034 0.011218423 0
v 0.953324914 1.41150808 0
v 1.00009227 0.878883481 0
v 0.625688195 1.24088228 0
v 0.319736004 1.13241971 0
v 0.477737755 1.02252567 0
v 0.931018174 1.20540941 0
v 0.994167268 1.20767581 0
v 0.159867987 0.962814629 0
v 0.83595407 0 0
v 0.83595407 0.0270438567 0
v 0.882121444 1.48623824 0
v 0.907841921 1.59859812 0
v 0.874426901 1.18865585 0
v 0.895576775 1.39876544 0
v 0.849409282 0.011218423 0
v 0.849409342 0.0495728366 0
v 0.89655906 1.55522597 0
v 0.882121503 1.57945359 0
v 0.728623211 0 0
v 0.728623271 0.0270438567 0
v 0.75219804 1.3970257 0
v 0.748268962 1.1238091 0
v 0.840035021 1.35877693 0
v 0.80156219 0.011218423 0
v 0.80156213 0.0495728366 0
v 0.840853512 1.50877237 0
v 0.860692203 0 0
v 0.860692263 0.0270438567 0
v 0.907841802 1.50416374 0
v 0.899983585 1.20164788 0
v 0.93887639 1.59928596 0
v 0.921865463 1.56261575 0
v 0.874715686 0.0495728366 0
v 0.874715745 0.011218423 0
v 0.920883119 1.40642703 0
v 0.912249982 0.0951301157 0
v 0.617993653 0.0949016511 0
v 0.319736004 0.0949016511 0
v 0.999833584 0.0829384476 0
v 0.849409342 0.0949016362 0
v 0.80156213 0.0949016437 0
v 0.874715686 0.0949016362 0
v 0.892359614 0.0894358307 0
v 0.83595407 0.0892835036 0
v 0.860692263 0.0892835036 0
v 0.476919204 0.089283511 0
v 0.728623271 0.089283511 0
v 0.992499948 0.0893965438 0
v 0.159867987 0.089283511 0
v 0.908697248 0.442427754 0
v 0.618157387 0.439374268 0
v 0.319736004 0.437254161 0
v 0.850391626 0.442387313 0
v 0.802380741 0.441618621 0
v 0.87569797 0.442515641 0
v 0.159867987 0.417929828 0
v 0.993115485 0.418688715 0
v 0.728623271 0.417929828 0
v 0.476919204 0.417929828 0
v 0.860692263 0.417929828 0
v 0.83595407 0.417929828 0
v 0.892386198 0.417764157 0
v 0.912239313 0.361776412 0
v 0.617993653 0.361437112 0
v 0.319736004 0.361437112 0
v 0.849409342 0.361437112 0
v 0.80156213 0.361437112 0
v 0.874715686 0.361437112 0
v 0.999836326 0.346215755 0
v 0.159867987 0.35448882 0
v 0.992552459 0.354959548 0
v 0.728623271 0.35448882 0
v 0.476919204 0.35448882 0
v 0.860692263 0.35448882 0
v 0.83595407 0.35448882 0
v 0.892350733 0.35471496 0
v 0.907289088 0.162551403 0
v 0.617993653 0.162685826 0
v 0.319736004 0.162685826 0
v 0.849409342 0.162685826 0
v 0.80156213 0.162685826 0
v 0.874715686 0.162685826 0
v 0.159867987 0.157505378 0
v 0.993273258 0.157558471 0
v 0.728623271 0.157505378 0
v 0.476919204 0.157505378 0
v 0.860692263 0.157505378 0
v 0.83595407 0.157505378 0
v 0.892341852 0.15737398 0
v 0.999868155 0.210186765 0
v 0.912228703 0.22294414 0
v 0.617993653 0.222651511 0
v 0.319736004 0.222651511 0
v 0.849409342 0.222651511 0
v 0.80156213 0.222651511 0
v 0.874715686 0.222651467 0
v 0.892341852 0.217170626 0
v 0.83595407 0.21697554 0
v 0.860692263 0.21697554 0
v 0.476919204 0.21697554 0
v 0.728623271 0.21697554 0
v 0.993273258 0.217690632 0
v 0.159867987 0.21697554 0
v 0.907374382 0.288872182 0
v 0.617993653 0.289027959 0
v 0.319736004 0.289027959 0
v 0.849409342 0.289027959 0
v 0.80156213 0.289027959 0
v 0.874715686 0.289027959 0
v 0.159867987 0.282832354 0
v 0.992552459 0.282988966 0
v 0.728623271 0.282832354 0
v 0.476919204 0.282832354 0
v 0.860692263 0.282832354 0
v 0.83595407 0.282832354 0
v 0.892350733 0.282678157 0
v 0.999858916 0.442909837 0
v 0.930732429 0.8785128 0
v 0.621922791 0.800676525 0
v 0.319736004 0.749426425 0
v 0.872984171 0.873662114 0
v 0.821207881 0.855056942 0
v 0.898290575 0.876813769 0
v 0.899584949 0.576062381 0
v 0.843648612 0.572967052 0
v 0.868550479 0.575449288 0
v 0.477082908 0.541103482 0
v 0.73255235 0.560566366 0
v 0.993512452 0.576422811 0
v 0.159867987 0.529534876 0
v 1.00009227 0.316545427 0
v 0.907374263 0.346696824 0
v 0.617993653 0.346453726 0
v 0.319736004 0.346453726 0
v 0.849409342 0.346453726 0
v 0.80156213 0.346453726 0
v 0.874715686 0.346453756 0
v 0.891684055 0.334202617 0
v 0.83595407 0.334202617 0
v 0.860692263 0.334202617 0
v 0.476919204 0.334202617 0
v 0.728623271 0.334202617 0
v 0.992808342 0.334202617 0
v 0.159867987 0.334202617 0
v 0.9068169 0.316545457 0
v 0.617993653 0.316545457 0
v 0.319736004 0.316545457 0
v 0.849409342 0.316545457 0
v 0.80156213 0.316545457 0
v 0.874715686 0.316545457 0
v 0.999836326 0.289249957 0
v 0.891684055 0.2995359 0
v 0.83595407 0.2995359 0
v 0.860692263 0.2995359 0
v 0.476919204 0.2995359 0
v 0.728623271 0.2995359 0
v 0.992808342 0.2995359 0
v 0.159867987 0.2995359 0
v 0.907289028 0.210569531 0
v 0.617993653 0.210353434 0
v 0.319736004 0.210353434 0
v 0.849409342 0.210353434 0
v 0.80156213 0.210353434 0
v 0.874715686 0.210353434 0
v 1.00009227 0.185474902 0
v 0.891673386 0.200092018 0
v 0.83595407 0.200092033 0
v 0.860692263 0.200092033 0
v 0.476919204 0.200092033 0
v 0.728623271 0.200092033 0
v 0.993497372 0.200092018 0
v 0.159867987 0.200092033 0
v 0.906731725 0.185474902 0
v 0.617993653 0.185474902 0
v 0.319736004 0.185474902 0
v 0.849409342 0.185474902 0
v 0.80156213 0.185474902 0
v 0.874715686 0.185474902 0
v 0.999868095 0.162864923 0
v 0.891673386 0.17143102 0
v 0.83595407 0.17143102 0
v 0.860692263 0.17143102 0
v 0.476919204 0.17143102 0
v 0.728623271 0.17143102 0
v 0.993497372 0.17143102 0
v 0.159867987 0.17143102 0
v 0.907459438 0.0832836553 0
v 0.617993653 0.0831242427 0
v 0.319736004 0.0831242427 0
v 0.849409342 0.0831242427 0
v 0.80156213 0.0831242427 0
v 0.874715686 0.0831242353 0
v 1.00009227 0.0495728366 0
v 0.891694784 0.0708599985 0
v 0.83595407 0.0708599985 0
v 0.860692263 0.0708599985 0
v 0.476919204 0.0708599985 0
v 0.728623271 0.0708599985 0
v 0.992758632 0.070859991 0
v 0.159867987 0.0708599985 0
v 0.917205334 0 0
v 0.917205274 0.0270438567 0
v 0.918041468 0.0898107886 0
v 0.917205274 0.0708599985 0
v 0.930793643 0.0831669196 0
v 0.930793762 0.011218423 0
v 0.930793822 0.0495728366 0
v 0.917586267 0.157182291 0
v 0.917586267 0.21814993 0
v 0.916750073 0.200092018 0
v 0.916750073 0.17143102 0
v 0.930388629 0.185474902 0
v 0.930388629 0.210479409 0
v 0.930388629 0.162667796 0
v 0.917799354 0.355536819 0
v 0.917799413 0.282535672 0
v 0.91696316 0.334202617 0
v 0.91696316 0.2995359 0
v 0.930474997 0.316545457 0
v 0.930474937 0.346555024 0
v 0.930474937 0.289018631 0
v 0.979426265 1.59928596 0
v 0.964132786 1.51363802 0
v 0.956438184 1.20758355 0
v 0.918801546 0.418127924 0
v 0.925659895 0.576408088 0
v 0.951664507 0.878883541 0
v 0.932837367 0.442661345 0
v 0.970491648 1.41261685 0
v 0.971310258 1.56681776 0
v 0.912058294 0.123647034 0
v 0.617993653 0.123647049 0
v 0.319736004 0.123647049 0
v 0.849409342 0.123647034 0
v 0.80156213 0.123647034 0
v 0.874715686 0.123647034 0
v 0.159867987 0.105426736 0
v 0.728623271 0.105426729 0
v 0.476919204 0.105426736 0
v 0.860692263 0.105426721 0
v 0.83595407 0.105426721 0
v 0.892339289 0.105426729 0
v 0.912228703 0.152016789 0
v 0.617993653 0.152213871 0
v 0.319736004 0.152213871 0
v 0.849409342 0.152213871 0
v 0.80156213 0.152213871 0
v 0.874715686 0.152213886 0
v 0.892339289 0.141827211 0
v 0.83595407 0.141827196 0
v 0.860692263 0.141827196 0
v 0.476919204 0.141827196 0
v 0.728623271 0.141827196 0
v 0.159867987 0.141827196 0
v 0.912058294 0.249098405 0
v 0.617993653 0.24909842 0
v 0.319736004 0.24909842 0
v 0.849409342 0.24909842 0
v 0.80156213 0.24909842 0
v 0.874715686 0.24909842 0
v 0.159867987 0.232336596 0
v 0.728623271 0.232336596 0
v 0.476919204 0.232336596 0
v 0.860692263 0.232336596 0
v 0.83595407 0.232336596 0
v 0.892339289 0.232336581 0
v 0.912239373 0.276469439 0
v 0.617993653 0.276700735 0
v 0.319736004 0.276700735 0
v 0.849409342 0.276700735 0
v 0.80156213 0.276700735 0
v 0.874715686 0.276700735 0
v 0.892339289 0.266192049 0
v 0.83595407 0.266192079 0
v 0.860692263 0.266192079 0
v 0.476919204 0.266192079 0
v 0.728623271 0.266192079 0
v 0.159867987 0.266192079 0
v 0.912058294 0.385160893 0
v 0.617993653 0.385160893 0
v 0.319736004 0.385160893 0
v 0.849409342 0.385160893 0
v 0.80156213 0.385160893 0
v 0.874715686 0.385160893 0
v 0.892339289 0.370940566 0
v 0.83595407 0.370940536 0
v 0.860692263 0.370940536 0
v 0.476919204 0.370940536 0
v 0.728623271 0.370940536 0
v 0.159867987 0.370940536 0
v 0.91228193 0.410179704 0
v 0.617993653 0.410428196 0
v 0.319736004 0.410428196 0
v 0.849409342 0.410428196 0
v 0.80156213 0.410428196 0
v 0.874715686 0.410428196 0
v 0.159867987 0.399826974 0
v 0.728623271 0.399826974 0
v 0.476919204 0.399826974 0
v 0.860692263 0.399826974 0
v 0.83595407 0.399826974 0
v 0.892339289 0.399826944 0
v 0.979426324 1.51378679 0
v 0.975497127 1.2076757 0
v 0.955851376 0.418440193 0
v 0.959780514 0.576422811 0
v 0.994097769 1.59807599 0
v 0.987600684 1.56681776 0
v 0.98743701 1.41261685 0
v 0.979906082 0.442661285 0
v 0.983671546 0.878883541 0
v 0.954351485 0.355298787 0
v 0.954351485 0.28275764 0
v 0.954351485 0.334202617 0
v 0.954351485 0.2995359 0
v 0.97867763 0.289018631 0
v 0.97867769 0.346554995 0
v 0.97867769 0.316545457 0
v 0.954837978 0.157361373 0
v 0.954837978 0.217983276 0
v 0.954837978 0.200092033 0
v 0.954837978 0.17143102 0
v 0.979610085 0.162667811 0
v 0.979610145 0.210479394 0
v 0.979610145 0.185474902 0
v 0.954533219 0 0
v 0.954533279 0.0270438567 0
v 0.954533219 0.0896250084 0
v 0.954533279 0.0708599985 0
v 0.978674948 0.0495728366 0
v 0.978674948 0.011218423 0
v 0.978675008 0.0831669345 0
v -0.159867987 0.0112184221 0
v -0.159868002 0.0495728366 0
v -0.917205274 0.0495728366 0
v -0.917205274 0.0112184221 0
v -0.964132667 1.56672359 0
v -0.159867987 1.22824407 0
v -0.752197921 1.44880879 0
v -0.477901459 1.30863082 0
v -0.728623152 0.0495728366 0
v -0.476919204 0.0495728366 0
v -0.728623092 0.0112184221 0
v -0.476919174 0.0112184221 0
v -0.477881044 1.17961454 0
v -0.751706839 1.3058691 0
v -0.963170886 1.41247821 0
v -0.159868002 1.10604453 0
v -0.906859577 1.40366924 0
v -0.860692084 0.0112184221 0
v -0.860692143 0.0495728366 0
v -0.907841921 1.56046987 0
v -0.881159544 1.38732743 0
v -0.835953951 0.0112184221 0
v -0.835953951 0.0495728366 0
v -0.882121384 1.54176497 0
v -0.938876331 1.56450474 0
v -0.891694725 0.0495728366 0
v -0.891694784 0.0112184221 0
v -0.937894046 1.40920985 0
v -0.892371237 0.0949397311 0
v -0.835953951 0.0949016511 0
v -0.860692143 0.0949016511 0
v -0.476919204 0.094901666 0
v -0.728623152 0.0949016586 0
v -0.159868002 0.094901666 0
v -0.159868002 0.436736494 0
v -0.919066489 0.442607343 0
v -0.729114294 0.440615445 0
v -0.476939678 0.438182563 0
v -0.861674488 0.442475796 0
v -0.836915791 0.442165524 0
v -0.892848313 0.442511052 0
v -0.159868002 0.361437142 0
v -0.728623152 0.361437142 0
v -0.476919204 0.361437142 0
v -0.860692143 0.361437142 0
v -0.835953951 0.361437142 0
v -0.892369449 0.361493647 0
v -0.159868002 0.162685812 0
v -0.916889429 0.162637949 0
v -0.728623152 0.162685812 0
v -0.476919204 0.162685812 0
v -0.860692143 0.162685812 0
v -0.835953951 0.162685812 0
v -0.891812861 0.162652969 0
v -0.892367721 0.222700238 0
v -0.835953951 0.222651497 0
v -0.860692143 0.222651497 0
v -0.476919204 0.222651497 0
v -0.728623152 0.222651497 0
v -0.159868002 0.222651497 0
v -0.159868002 0.289027959 0
v -0.917102575 0.288981616 0
v -0.728623152 0.289027959 0
v -0.476919204 0.289027959 0
v -0.860692143 0.289027959 0
v -0.835953951 0.289027959 0
v -0.891823471 0.288989395 0
v -0.915301502 0.877744198 0
v -0.859037697 0.86829859 0
v -0.884267032 0.875817895 0
v -0.477410346 0.771856308 0
v -0.740410566 0.830741048 0
v -0.94104898 0.878837109 0
v -0.159868002 0.7369169 0
v -0.891823471 0.346510291 0
v -0.835953951 0.346453756 0
v -0.860692143 0.346453756 0
v -0.476919204 0.346453756 0
v -0.728623152 0.346453756 0
v -0.917102516 0.346594691 0
v -0.159868002 0.346453756 0
v -0.891684115 0.316545397 0
v -0.835953951 0.316545397 0
v -0.860692143 0.316545397 0
v -0.476919204 0.316545397 0
v -0.728623152 0.316545397 0
v -0.91696316 0.316545397 0
v -0.159868002 0.316545397 0
v -0.891812861 0.210402206 0
v -0.835953951 0.210353419 0
v -0.860692143 0.210353419 0
v -0.476919204 0.210353419 0
v -0.728623152 0.210353419 0
v -0.916889369 0.210507169 0
v -0.159868002 0.210353419 0
v -0.891673446 0.185474887 0
v -0.835953951 0.185474887 0
v -0.860692143 0.185474887 0
v -0.476919204 0.185474887 0
v -0.728623152 0.185474887 0
v -0.916750014 0.185474887 0
v -0.159868002 0.185474887 0
v -0.89183414 0.0831623077 0
v -0.835953951 0.0831242278 0
v -0.860692143 0.0831242278 0
v -0.476919204 0.0831242353 0
v -0.728623152 0.0831242278 0
v -0.917344689 0.0831978843 0
v -0.159868002 0.0831242353 0
v -0.95453316 0.0831669196 0
v -0.95453316 0.0112184221 0
v -0.9545331 0.0495728366 0
v -0.954837859 0.185474887 0
v -0.954837918 0.210479409 0
v -0.954837918 0.162667811 0
v -0.954351366 0.316545397 0
v -0.954351425 0.346554935 0
v -0.954351425 0.289018631 0
v -0.967638731 0.878883481 0
v -0.956342518 0.442661285 0
v -0.978935063 1.41261685 0
v -0.979426205 1.56681764 0
v -0.159868002 0.123647049 0
v -0.728623152 0.123647042 0
v -0.476919204 0.123647049 0
v -0.860692143 0.123647034 0
v -0.835953951 0.123647034 0
v -0.892339289 0.123647027 0
v -0.892367721 0.152181029 0
v -0.835953951 0.152213886 0
v -0.860692143 0.152213886 0
v -0.476919204 0.152213886 0
v -0.728623152 0.152213886 0
v -0.159868002 0.152213886 0
v -0.159868002 0.24909842 0
v -0.728623152 0.24909842 0
v -0.476919204 0.24909842 0
v -0.860692143 0.24909842 0
v -0.835953951 0.24909842 0
v -0.892339289 0.249098405 0
v -0.892369509 0.276662171 0
v -0.835953951 0.276700765 0
v -0.860692143 0.276700765 0
v -0.476919204 0.276700765 0
v -0.728623152 0.276700765 0
v -0.159868002 0.276700765 0
v -0.892339289 0.385160863 0
v -0.835953951 0.385160863 0
v -0.860692143 0.385160863 0
v -0.476919204 0.385160863 0
v -0.728623152 0.385160863 0
v -0.159868002 0.385160863 0
v -0.159868002 0.410428196 0
v -0.728623152 0.410428196 0
v -0.476919204 0.410428196 0
v -0.860692143 0.410428196 0
v -0.835953951 0.410428196 0
v -0.892376602 0.410386771 0
v -0.99429214 1.56661594 0
v -0.994310498 1.41261685 0
v -0.99333024 0.44270274 0
v -0.99383986 0.8788836 0
v -0.992765665 0.289057165 0
v -0.992765665 0.34649846 0
v -0.992808402 0.316545397 0
v -0.99346 0.162700668 0
v -0.99346 0.210430622 0
v -0.993497312 0.185474902 0
v -0.992758572 0.0495728366 0
v -0.992715478 0.0112909963 0
v -0.992715478 0.0831288397 0
v 0.159868002 0.0112184221 0
v 0.159868002 0.0495728366 0
v 0.917205274 0.0495728366 0
v 0.917205334 0.0112184221 0
v 0.964132667 1.56672359 0
v 0.159868002 1.22824407 0
v 0.752197862 1.44880879 0
v 0.477901459 1.30863082 0
v 0.728623211 0.0495728366 0
v 0.476919234 0.0495728366 0
v 0.728623152 0.0112184221 0
v 0.476919204 0.0112184221 0
v 0.477881044 1.17961442 0
v 0.751706898 1.3058691 0
v 0.963170886 1.41247809 0
v 0.159868002 1.10604453 0
v 0.906859577 1.40366924 0
v 0.860692143 0.0112184221 0
v 0.860692143 0.0495728366 0
v 0.907841861 1.56046987 0
v 0.881159604 1.38732731 0
v 0.83595401 0.0112184221 0
v 0.83595401 0.0495728366 0
v 0.882121384 1.54176497 0
v 0.938876331 1.56450474 0
v 0.891694725 0.0495728366 0
v 0.891694784 0.0112184221 0
v 0.937894106 1.40920973 0
v 0.892371237 0.0949397311 0
v 0.83595401 0.0949016511 0
v 0.860692143 0.0949016511 0
v 0.476919234 0.094901666 0
v 0.728623211 0.0949016586 0
v 0.159868002 0.094901666 0
v 0.159868002 0.436736524 0
v 0.919066489 0.442607343 0
v 0.729114354 0.440615445 0
v 0.476939708 0.438182592 0
v 0.861674428 0.442475826 0
v 0.836915851 0.442165524 0
v 0.892848313 0.442511052 0
v 0.159868002 0.361437142 0
v 0.728623211 0.361437142 0
v 0.476919234 0.361437142 0
v 0.860692143 0.361437142 0
v 0.83595401 0.361437142 0
v 0.892369449 0.361493647 0
v 0.159868002 0.162685812 0
v 0.91688931 0.162637949 0
v 0.728623211 0.162685812 0
v 0.476919234 0.162685812 0
v 0.860692143 0.162685812 0
v 0.83595401 0.162685812 0
v 0.891812801 0.162652969 0
v 0.892367661 0.222700238 0
v 0.83595401 0.222651482 0
v 0.860692143 0.222651482 0
v 0.476919234 0.222651482 0
v 0.728623211 0.222651482 0
v 0.159868002 0.222651482 0
v 0.159868002 0.289027959 0
v 0.917102575 0.288981616 0
v 0.728623211 0.289027959 0
v 0.476919234 0.289027959 0
v 0.860692143 0.289027959 0
v 0.83595401 0.289027959 0
v 0.891823471 0.288989425 0
v 0.915301561 0.877744257 0
v 0.859037757 0.86829865 0
v 0.884267032 0.875817955 0
v 0.477410376 0.771856368 0
v 0.740410626 0.830741107 0
v 0.94104898 0.878837228 0
v 0.159868002 0.736916959 0
v 0.891823471 0.346510321 0
v 0.83595401 0.346453756 0
v 0.860692143 0.346453756 0
v 0.476919234 0.346453756 0
v 0.728623211 0.346453756 0
v 0.917102456 0.346594691 0
v 0.159868002 0.346453756 0
v 0.891684115 0.316545397 0
v 0.83595401 0.316545397 0
v 0.860692143 0.316545397 0
v 0.476919234 0.316545397 0
v 0.728623211 0.316545397 0
v 0.91696316 0.316545397 0
v 0.159868002 0.316545397 0
v 0.891812801 0.210402206 0
v 0.83595401 0.210353434 0
v 0.860692143 0.210353434 0
v 0.476919234 0.210353434 0
v 0.728623211 0.210353434 0
v 0.916889429 0.210507169 0
v 0.159868002 0.210353434 0
v 0.891673446 0.185474887 0
v 0.83595401 0.185474887 0
v 0.860692143 0.185474887 0
v 0.476919234 0.185474887 0
v 0.728623211 0.185474887 0
v 0.916750014 0.185474887 0
v 0.159868002 0.185474887 0
v 0.89183414 0.0831623152 0
v 0.83595401 0.0831242278 0
v 0.860692143 0.0831242278 0
v 0.476919234 0.0831242278 0
v 0.728623211 0.0831242278 0
v 0.917344689 0.0831978843 0
v 0.159868002 0.0831242278 0
v 0.95453316 0.0831669122 0
v 0.95453316 0.0112184221 0
v 0.95453316 0.0495728366 0
v 0.954837918 0.185474887 0
v 0.954837859 0.210479394 0
v 0.954837918 0.162667811 0
v 0.954351425 0.316545397 0
v 0.954351425 0.346554965 0
v 0.954351425 0.289018631 0
v 0.967638791 0.878883541 0
v 0.956342459 0.442661285 0
v 0.978935122 1.41261673 0
v 0.979426205 1.56681764 0
v 0.159868002 0.123647057 0
v 0.728623211 0.123647049 0
v 0.476919234 0.123647057 0
v 0.860692143 0.123647042 0
v 0.83595401 0.123647042 0
v 0.892339289 0.123647027 0
v 0.892367661 0.152181044 0
v 0.83595401 0.152213886 0
v 0.860692143 0.152213886 0
v 0.476919234 0.152213886 0
v 0.728623211 0.152213886 0
v 0.159868002 0.152213886 0
v 0.159868002 0.249098405 0
v 0.728623211 0.249098405 0
v 0.476919234 0.249098405 0
v 0.860692143 0.249098405 0
v 0.83595401 0.249098405 0
v 0.892339289 0.249098405 0
v 0.892369449 0.276662201 0
v 0.83595401 0.276700735 0
v 0.860692143 0.276700735 0
v 0.476919234 0.276700735 0
v 0.728623211 0.276700735 0
v 0.159868002 0.276700735 0
v 0.892339289 0.385160834 0
v 0.83595401 0.385160893 0
v 0.860692143 0.385160893 0
v 0.476919234 0.385160893 0
v 0.728623211 0.385160893 0
v 0.159868002 0.385160893 0
v 0.159868002 0.410428196 0
v 0.728623211 0.410428196 0
v 0.476919234 0.410428196 0
v 0.860692143 0.410428196 0
v 0.83595401 0.410428196 0
v 0.892376542 0.410386801 0
v 0.99429208 1.56661582 0
v 0.994310498 1.41261685 0
v 0.99333024 0.442702711 0
v 0.99383986 0.878883541 0
v 0.992765665 0.289057195 0
v 0.992765725 0.34649846 0
v 0.992808342 0.316545397 0
v 0.99346 0.162700653 0
v 0.993460059 0.210430622 0
v 0.993497312 0.185474902 0
v 0.992758572 0.0495728403 0
v 0.992715418 0.0112909963 0
v 0.992715478 0.0831288472 0
vn 0 0 1
vn 0 0 1
vn 0 0 1
vn 0 0 1
vn 0 0 1
vn 0 0 1
vn 0 0 1
vn 0 0 1
vn 0 0 1
vn 0 0 1
vn 0 0 1
vn 0 0 1
vn 0 0 1
vn 0 0 1
vn 0 0 1
vn 0 0 1
vn 0 0 1
vn 0 0 1
vn 0 0 1
vn 0 0 1
vn 0 0 1
vn 0 0 1
vn 0 0 1
vn 0 0 1
vn 0 0 1
vn 0 0 1
vn 0 0 1
vn 0 0 1
vn 0 0 1
vn 0 0 1
vn 0 0 1
vn 0 0 1
vn 0 0 1
vn 0 0 1
vn 0 0 1
vn 0 0 1
vn 0 0 1
vn 0 0 1
vn 0 0 1
vn 0 0 1
vn 0 0 1
vn 0 0 1
vn 0 0 1
vn 0 0 1
vn 0 0 1
vn 0 0 1
vn 0 0 1
vn 0 0 1
vn 0 0 1
vn 0 0 1
vn 0 0 1
vn 0 0 1
vn 0 0 1
vn 0 0 1
vn 0 0 1
vn 0 0 1
vn 0 0 1
vn 0 0 1
vn 0 0 1
vn 0 0 1
vn 0 0 1
vn 0 0 1
vn 0 0 1
vn 0 0 1
vn 0 0 1
vn 0 0 1
vn 0 0 1
vn 0 0 1
vn 0 0 1
vn 0 0 1
vn 0 0 1
vn 0 0 1
vn 0 0 1
vn 0 0 1
vn 0 0 1
vn 0 0 1
vn 0 0 1
vn 0 0 1
vn 0 0 1
vn 0 0 1
vn 0 0 1
vn 0 0 1
vn 0 0 1
vn 0 0 1
vn 0 0 1
vn 0 0 1
vn 0 0 1
vn 0 0 1
vn 0 0 1
vn 0 0 1
vn 0 0 1
vn 0 0 1
vn 0 0 1
vn 0 0 1
vn 0 0 1
vn 0 0 1
vn 0 0 1
vn 0 0 1
vn 0 0 1
vn 0 0 1
vn 0 0 1
vn 0 0 1
vn 0 0 1
vn 0 0 1
vn 0 0 1
vn 0 0 1
vn 0 0 1
vn 0 0 1
vn 0 0 1
vn 0 0 1
vn 0 0 1
vn 0 0 1
vn 0 0 1
vn 0 0 1
vn 0 0 1
vn 0 0 1
vn 0 0 1
vn 0 0 1
vn 0 0 1
vn 0 0 1
vn 0 0 1
vn 0 0 1
vn 0 0 1
vn 0 0 1
vn 0 0 1
vn 0 0 1
vn 0 0 1
vn 0 0 1
vn 0 0 1
vn 0 0 1
vn 0 0 1
vn 0 0 1
vn 0 0 1
vn 0 0 1
vn 0 0 1
vn 0 0 1
vn 0 0 1
vn 0 0 1
vn 0 0 1
vn 0 0 1
vn 0 0 1
vn 0 0 1
vn 0 0 1
vn 0 0 1
vn 0 0 1
vn 0 0 1
vn 0 0 1
vn 0 0 1
vn 0 0 1
vn 0 0 1
vn 0 0 1
vn 0 0 1
vn 0 0 1
vn 0 0 1
vn 0 0 1
vn 0 0 1
vn 0 0 1
vn 0 0 1
vn 0 0 1
vn 0 0 1
vn 0 0 1
vn 0 0 1
vn 0 0 1
vn 0 0 1
vn 0 0 1
vn 0 0 1
vn 0 0 1
vn 0 0 1
vn 0 0 1
vn 0 0 1
vn 0 0 1
vn 0 0 1
vn 0 0 1
vn 0 0 1
vn 0 0 1
vn 0 0 1
vn 0 0 1
vn 0 0 1
vn 0 0 1
vn 0 0 1
vn 0 0 1
vn 0 0 1
vn 0 0 1
vn 0 0 1
vn 0 0 1
vn 0 0 1
vn 0 0 1
vn 0 0 1
vn 0 0 1
vn 0 0 1
vn 0 0 1
vn 0 0 1
vn 0 0 1
vn 0 0 1
vn 0 0 1
vn 0 0 1
vn 0 0 1
vn 0 0 1
vn 0 0 1
vn 0 0 1
vn 0 0 1
vn 0 0 1
vn 0 0 1
vn 0 0 1
vn 0 0 1
vn 0 0 1
vn 0 0 1
vn 0 0 1
vn 0 0 1
vn 0 0 1
vn 0 0 1
vn 0 0 1
vn 0 0 1
vn 0 0 1
vn 0 0 1
vn 0 0 1
vn 0 0 1
vn 0 0 1
vn 0 0 1
vn 0 0 1
vn 0 0 1
vn 0 0 1
vn 0 0 1
vn 0 0 1
vn 0 0 1
vn 0 0 1
vn 0 0 1
vn 0 0 1
vn 0 0 1
vn 0 0 1
vn 0 0 1
vn 0 0 1
vn 0 0 1
vn 0 0 1
vn 0 0 1
vn 0 0 1
vn 0 0 1
vn 0 0 1
vn 0 0 1
vn 0 0 1
vn 0 0 1
vn 0 0 1
vn 0 0 1
vn 0 0 1
vn 0 0 1
vn 0 0 1
vn 0 0 1
vn 0 0 1
vn 0 0 1
vn 0 0 1
vn 0 0 1
vn 0 0 1
vn 0 0 1
vn 0 0 1
vn 0 0 1
vn 0 0 1
vn 0 0 1
vn 0 0 1
vn 0 0 1
vn 0 0 1
vn 0 0 1
vn 0 0 1
vn 0 0 1
vn 0 0 1
vn 0 0 1
vn 0 0 1
vn 0 0 1
vn 0 0 1
vn 0 0 1
vn 0 0 1
vn 0 0 1
vn 0 0 1
vn 0 0 1
vn 0 0 1
vn 0 0 1
vn 0 0 1
vn 0 0 1
vn 0 0 1
vn 0 0 1
vn 0 0 1
vn 0 0 1
vn 0 0 1
vn 0 0 1
vn 0 0 1
vn 0 0 1
vn 0 0 1
vn 0 0 1
vn 0 0 1
vn 0 0 1
vn 0 0 1
vn 0 0 1
vn 0 0 1
vn 0 0 1
vn 0 0 1
vn 0 0 1
vn 0 0 1
vn 0 0 1
vn 0 0 1
vn 0 0 1
vn 0 0 1
vn 0 0 1
vn 0 0 1
vn 0 0 1
vn 0 0 1
vn 0 0 1
vn 0 0 1
vn 0 0 1
vn 0 0 1
vn 0 0 1
vn 0 0 1
vn 0 0 1
vn 0 0 1
vn 0 0 1
vn 0 0 1
vn 0 0 1
vn 0 0 1
vn 0 0 1
vn 0 0 1
vn 0 0 1
vn 0 0 1
vn 0 0 1
vn 0 0 1
vn 0 0 1
vn 0 0 1
vn 0 0 1
vn 0 0 1
vn 0 0 1
vn 0 0 1
vn 0 0 1
vn 0 0 1
vn 0 0 1
vn 0 0 1
vn 0 0 1
vn 0 0 1
vn 0 0 1
vn 0 0 1
vn 0 0 1
vn 0 0 1
vn 0 0 1
vn 0 0 1
vn 0 0 1
vn 0 0 1
vn 0 0 1
vn 0 0 1
vn 0 0 1
vn 0 0 1
vn 0 0 1
vn 0 0 1
vn 0 0 1
vn 0 0 1
vn 0 0 1
vn 0 0 1
vn 0 0 1
vn 0 0 1
vn 0 0 1
vn 0 0 1
vn 0 0 1
vn 0 0 1
vn 0 0 1
vn 0 0 1
vn 0 0 1
vn 0 0 1
vn 0 0 1
vn 0 0 1
vn 0 0 1
vn 0 0 1
vn 0 0 1
vn 0 0 1
vn 0 0 1
vn 0 0 1
vn 0 0 1
vn 0 0 1
vn 0 0 1
vn 0 0 1
vn 0 0 1
vn 0 0 1
vn 0 0 1
vn 0 0 1
vn 0 0 1
vn 0 0 1
vn 0 0 1
vn 0 0 1
vn 0 0 1
vn 0 0 1
vn 0 0 1
vn 0 0 1
vn 0 0 1
vn 0 0 1
vn 0 0 1
vn 0 0 1
vn 0 0 1
vn 0 0 1
vn 0 0 1
vn 0 0 1
vn 0 0 1
vn 0 0 1
vn 0 0 1
vn 0 0 1
vn 0 0 1
vn 0 0 1
vn 0 0 1
vn 0 0 1
vn 0 0 1
vn 0 0 1
vn 0 0 1
vn 0 0 1
vn 0 0 1
vn 0 0 1
vn 0 0 1
vn 0 0 1
vn 0 0 1
vn 0 0 1
vn 0 0 1
vn 0 0 1
vn 0 0 1
vn 0 0 1
vn 0 0 1
vn 0 0 1
vn 0 0 1
vn 0 0 1
vn 0 0 1
vn 0 0 1
vn 0 0 1
vn 0 0 1
vn 0 0 1
vn 0 0 1
vn 0 0 1
vn 0 0 1
vn 0 0 1
vn 0 0 1
vn 0 0 1
vn 0 0 1
vn 0 0 1
vn 0 0 1
vn 0 0 1
vn 0 0 1
vn 0 0 1
vn 0 0 1
vn 0 0 1
vn 0 0 1
vn 0 0 1
vn 0 0 1
vn 0 0 1
vn 0 0 1
vn 0 0 1
vn 0 0 1
vn 0 0 1
vn 0 0 1
vn 0 0 1
vn 0 0 1
vn 0 0 1
vn 0 0 1
vn 0 0 1
vn 0 0 1
vn 0 0 1
vn 0 0 1
vn 0 0 1
vn 0 0 1
vn 0 0 1
vn 0 0 1
vn 0 0 1
vn 0 0 1
vn 0 0 1
vn 0 0 1
vn 0 0 1
vn 0 0 1
vn 0 0 1
vn 0 0 1
vn 0 0 1
vn 0 0 1
vn 0 0 1
vn 0 0 1
vn 0 0 1
vn 0 0 1
vn 0 0 1
vn 0 0 1
vn 0 0 1
vn 0 0 1
vn 0 0 1
vn 0 0 1
vn 0 0 1
vn 0 0 1
vn 0 0 1
vn 0 0 1
vn 0 0 1
vn 0 0 1
vn 0 0 1
vn 0 0 1
vn 0 0 1
vn 0 0 1
vn 0 0 1
vn 0 0 1
vn 0 0 1
vn 0 0 1
vn 0 0 1
vn 0 0 1
vn 0 0 1
vn 0 0 1
vn 0 0 1
vn 0 0 1
vn 0 0 1
vn 0 0 1
vn 0 0 1
vn 0 0 1
vn 0 0 1
vn 0 0 1
vn 0 0 1
vn 0 0 1
vn 0 0 1
vn 0 0 1
vn 0 0 1
vn 0 0 1
vn 0 0 1
vn 0 0 1
vn 0 0 1
vn 0 0 1
vn 0 0 1
vn 0 0 1
vn 0 0 1
vn 0 0 1
vn 0 0 1
vn 0 0 1
vn 0 0 1
vn 0 0 1
vn 0 0 1
vn 0 0 1
vn 0 0 1
vn 0 0 1
vn 0 0 1
vn 0 0 1
vn 0 0 1
vn 0 0 1
vn 0 0 1
vn 0 0 1
vn 0 0 1
vn 0 0 1
vn 0 0 1
vn 0 0 1
vn 0 0 1
vn 0 0 1
vn 0 0 1
vn 0 0 1
vn 0 0 1
vn 0 0 1
vn 0 0 1
vn 0 0 1
vn 0 0 1
vn 0 0 1
vn 0 0 1
vn 0 0 1
vn 0 0 1
vn 0 0 1
vn 0 0 1
vn 0 0 1
vn 0 0 1
vn 0 0 1
vn 0 0 1
vn 0 0 1
vn 0 0 1
vn 0 0 1
vn 0 0 1
vn 0 0 1
vn 0 0 1
vn 0 0 1
vn 0 0 1
vn 0 0 1
vn 0 0 1
vn 0 0 1
vn 0 0 1
vn 0 0 1
vn 0 0 1
vn 0 0 1
vn 0 0 1
vn 0 0 1
vn 0 0 1
vn 0 0 1
vn 0 0 1
vn 0 0 1
vn 0 0 1
vn 0 0 1
vn 0 0 1
vn 0 0 1
vn 0 0 1
vn 0 0 1
vn 0 0 1
vn 0 0 1
vn 0 0 1
vn 0 0 1
vn 0 0 1
vn 0 0 1
vn 0 0 1
vn 0 0 1
vn 0 0 1
vn 0 0 1
vn 0 0 1
vn 0 0 1
vn 0 0 1
vn 0 0 1
vn 0 0 1
vn 0 0 1
vn 0 0 1
vn 0 0 1
vn 0 0 1
vn 0 0 1
vn 0 0 1
vn 0 0 1
vn 0 0 1
vn 0 0 1
vn 0 0 1
vn 0 0 1
vn 0 0 1
vn 0 0 1
vn 0 0 1
vn 0 0 1
vn 0 0 1
vn 0 0 1
vn 0 0 1
vn 0 0 1
vn 0 0 1
vn 0 0 1
vn 0 0 1
vn 0 0 1
vn 0 0 1
vn 0 0 1
vn 0 0 1
vn 0 0 1
vn 0 0 1
vn 0 0 1
vn 0 0 1
vn 0 0 1
vn 0 0 1
vn 0 0 1
vn 0 0 1
vn 0 0 1
vn 0 0 1
vn 0 0 1
vn 0 0 1
vn 0 0 1
vn 0 0 1
vn 0 0 1
vn 0 0 1
vn 0 0 1
vn 0 0 1
vn 0 0 1
vn 0 0 1
vn 0 0 1
vn 0 0 1
vn 0 0 1
vn 0 0 1
vn 0 0 1
vn 0 0 1
vn 0 0 1
vn 0 0 1
vn 0 0 1
vn 0 0 1
vn 0 0 1
vn 0 0 1
vn 0 0 1
vn 0 0 1
vn 0 0 1
vn 0 0 1
vn 0 0 1
vn 0 0 1
vn 0 0 1
vn 0 0 1
vn 0 0 1
vn 0 0 1
vn 0 0 1
vn 0 0 1
vn 0 0 1
vn 0 0 1
vn 0 0 1
vn 0 0 1
vn 0 0 1
vn 0 0 1
vn 0 0 1
vn 0 0 1
vn 0 0 1
vn 0 0 1
vn 0 0 1
vn 0 0 1
vn 0 0 1
vn 0 0 1
vn 0 0 1
vn 0 0 1
vn 0 0 1
vn 0 0 1
vn 0 0 1
vn 0 0 1
vn 0 0 1
vn 0 0 1
vn 0 0 1
vn 0 0 1
vn 0 0 1
vn 0 0 1
vn 0 0 1
vn 0 0 1
vn 0 0 1
vn 0 0 1
vn 0 0 1
vn 0 0 1
vn 0 0 1
vn 0 0 1
vn 0 0 1
vn 0 0 1
vn 0 0 1
vn 0 0 1
vn 0 0 1
vn 0 0 1
vn 0 0 1
vn 0 0 1
vn 0 0 1
vn 0 0 1
vn 0 0 1
vn 0 0 1
vn 0 0 1
vn 0 0 1
vn 0 0 1
vn 0 0 1
vn 0 0 1
vn 0 0 1
vn 0 0 1
vn 0 0 1
vn 0 0 1
vn 0 0 1
vn 0 0 1
vn 0 0 1
vn 0 0 1
vn 0 0 1
vn 0 0 1
vn 0 0 1
vn 0 0 1
vn 0 0 1
vn 0 0 1
vn 0 0 1
vn 0 0 1
vn 0 0 1
vn 0 0 1
vn 0 0 1
vn 0 0 1
vn 0 0 1
vn 0 0 1
vn 0 0 1
vn 0 0 1
vn 0 0 1
vn 0 0 1
vn 0 0 1
vn 0 0 1
vn 0 0 1
vn 0 0 1
vn 0 0 1
vn 0 0 1
vn 0 0 1
vn 0 0 1
vn 0 0 1
vn 0 0 1
vn 0 0 1
vn 0 0 1
vn 0 0 1
vn 0 0 1
vn 0 0 1
vn 0 0 1
vn 0 0 1
vn 0 0 1
vn 0 0 1
vn 0 0 1
vn 0 0 1
vn 0 0 1
vn 0 0 1
vn 0 0 1
vn 0 0 1
vn 0 0 1
vn 0 0 1
vn 0 0 1
vn 0 0 1
vn 0 0 1
vn 0 0 1
vn 0 0 1
vn 0 0 1
vn 0 0 1
vn 0 0 1
vn 0 0 1
vn 0 0 1
vn 0 0 1
vn 0 0 1
vn 0 0 1
vn 0 0 1
vn 0 0 1
vn 0 0 1
vn 0 0 1
vn 0 0 1
vn 0 0 1
vn 0 0 1
vn 0 0 1
vn 0 0 1
vn 0 0 1
vn 0 0 1
vn 0 0 1
vn 0 0 1
vn 0 0 1
vn 0 0 1
vn 0 0 1
vn 0 0 1
vn 0 0 1
vn 0 0 1
vn 0 0 1
vn 0 0 1
vn 0 0 1
vn 0 0 1
vn 0 0 1
vn 0 0 1
vn 0 0 1
vn 0 0 1
vn 0 0 1
vn 0 0 1
vn 0 0 1
vn 0 0 1
vn 0 0 1
vn 0 0 1
vn 0 0 1
vn 0 0 1
vn 0 0 1
vn 0 0 1
vn 0 0 1
vn 0 0 1
vn 0 0 1
vn 0 0 1
vn 0 0 1
vn 0 0 1
vn 0 0 1
vn 0 0 1
vn 0 0 1
vn 0 0 1
vn 0 0 1
vn 0 0 1
vn 0 0 1
vn 0 0 1
vn 0 0 1
vn 0 0 1
vn 0 0 1
vn 0 0 1
vn 0 0 1
vn 0 0 1
vn 0 0 1
vn 0 0 1
vn 0 0 1
vn 0 0 1
vn 0 0 1
vn 0 0 1
vn 0 0 1
vn 0 0 1
vn 0 0 1
vn 0 0 1
vn 0 0 1
vn 0 0 1
vn 0 0 1
vn 0 0 1
vn 0 0 1
vn 0 0 1
vn 0 0 1
vn 0 0 1
vn 0 0 1
vn 0 0 1
vn 0 0 1
vn 0 0 1
vn 0 0 1
vn 0 0 1
vn 0 0 1
vn 0 0 1
vn 0 0 1
vn 0 0 1
vn 0 0 1
vn 0 0 1
vn 0 0 1
vn 0 0 1
vn 0 0 1
vn 0 0 1
vn 0 0 1
vn 0 0 1
vn 0 0 1
vn 0 0 1
vn 0 0 1
vn 0 0 1
vn 0 0 1
vn 0 0 1
vn 0 0 1
vn 0 0 1
vn 0 0 1
vn 0 0 1
vn 0 0 1
vn 0 0 1
vn 0 0 1
vn 0 0 1
vn 0 0 1
vn 0 0 1
vn 0 0 1
vn 0 0 1
vn 0 0 1
vn 0 0 1
vn 0 0 1
vn 0 0 1
vn 0 0 1
vn 0 0 1
vn 0 0 1
vn 0 0 1
vn 0 0 1
vn 0 0 1
vn 0 0 1
vn 0 0 1
vn 0 0 1
vn 0 0 1
vn 0 0 1
vn 0 0 1
vn 0 0 1
vn 0 0 1
vn 0 0 1
vn 0 0 1
vn 0 0 1
vn 0 0 1
vn 0 0 1
vn 0 0 1
vn 0 0 1
vn 0 0 1
vn 0 0 1
vn 0 0 1
vn 0 0 1
vn 0 0 1
vn 0 0 1
vn 0 0 1
vn 0 0 1
vn 0 0 1
vn 0 0 1
vn 0 0 1
vn 0 0 1
vn 0 0 1
vn 0 0 1
vn 0 0 1
vn 0 0 1
vn 0 0 1
vn 0 0 1
vn 0 0 1
vn 0 0 1
vn 0 0 1
vn 0 0 1
vn 0 0 1
vn 0 0 1
vn 0 0 1
vn 0 0 1
vn 0 0 1
vn 0 0 1
vn 0 0 1
vn 0 0 1
vn 0 0 1
vn 0 0 1
vn 0 0 1
vn 0 0 1
vn 0 0 1
vn 0 0 1
vn 0 0 1
vn 0 0 1
vn 0 0 1
vn 0 0 1
vn 0 0 1
vn 0 0 1
vn 0 0 1
vn 0 0 1
vn 0 0 1
vn 0 0 1
vn 0 0 1
vn 0 0 1
vn 0 0 1
vn 0 0 1
vn 0 0 1
vn 0 0 1
vn 0 0 1
vn 0 0 1
vn 0 0 1
vn 0 0 1
vn 0 0 1
vn 0 0 1
vn 0 0 1
vn 0 0 1
vn 0 0 1
vn 0 0 1
vn 0 0 1
vn 0 0 1
vn 0 0 1
vn 0 0 1
vn 0 0 1
vn 0 0 1
vn 0 0 1
vn 0 0 1
vn 0 0 1
vn 0 0 1
vn 0 0 1
vn 0 0 1
vn 0 0 1
vn 0 0 1
vn 0 0 1
vn 0 0 1
vn 0 0 1
vn 0 0 1
vn 0 0 1
vn 0 0 1
vn 0 0 1
vn 0 0 1
vn 0 0 1
vn 0 0 1
vn 0 0 1
vn 0 0 1
vn 0 0 1
vn 0 0 1
vn 0 0 1
vn 0 0 1
vn 0 0 1
vn 0 0 1
vn 0 0 1
vn 0 0 1
vn 0 0 1
vn 0 0 1
vn 0 0 1
vn 0 0 1
vn 0 0 1
vn 0 0 1
vn 0 0 1
vn 0 0 1
vn 0 0 1
vn 0 0 1
vn 0 0 1
vn 0 0 1
vn 0 0 1
vn 0 0 1
vn 0 0 1
vn 0 0 1
vn 0 0 1
vn 0 0 1
vn 0 0 1
vn 0 0 1
vn 0 0 1
vn 0 0 1
vn 0 0 1
vn 0 0 1
vn 0 0 1
vn 0 0 1
vn 0 0 1
vn 0 0 1
vn 0 0 1
vn 0 0 1
vn 0 0 1
vn 0 0 1
vn 0 0 1
vn 0 0 1
vn 0 0 1
vn 0 0 1
vn 0 0 1
vn 0 0 1
vn 0 0 1
vn 0 0 1
vn 0 0 1
vn 0 0 1
vn 0 0 1
vn 0 0 1
vn 0 0 1
vn 0 0 1
vn 0 0 1
vn 0 0 1
vn 0 0 1
vn 0 0 1
vn 0 0 1
vn 0 0 1
vn 0 0 1
vn 0 0 1
vn 0 0 1
vn 0 0 1
vn 0 0 1
vn 0 0 1
vn 0 0 1
vn 0 0 1
vn 0 0 1
vn 0 0 1
vn 0 0 1
vn 0 0 1
vn 0 0 1
vn 0 0 1
vn 0 0 1
vn 0 0 1
vn 0 0 1
vn 0 0 1
vn 0 0 1
vn 0 0 1
vn 0 0 1
vn 0 0 1
vn 0 0 1
vn 0 0 1
vn 0 0 1
vn 0 0 1
vn 0 0 1
vn 0 0 1
vn 0 0 1
vn 0 0 1
vn 0 0 1
vn 0 0 1
vn 0 0 1
vn 0 0 1
vn 0 0 1
vn 0 0 1
vn 0 0 1
vn 0 0 1
vn 0 0 1
vn 0 0 1
vn 0 0 1
vn 0 0 1
vn 0 0 1
vn 0 0 1
vn 0 0 1
vn 0 0 1
vn 0 0 1
vn 0 0 1
vn 0 0 1
vn 0 0 1
vn 0 0 1
vn 0 0 1
vn 0 0 1
vn 0 0 1
vn 0 0 1
vn 0 0 1
vn 0 0 1
vn 0 0 1
vn 0 0 1
vn 0 0 1
vn 0 0 1
vn 0 0 1
vn 0 0 1
vn 0 0 1
vn 0 0 1
vn 0 0 1
vn 0 0 1
vn 0 0 1
vn 0 0 1
vn 0 0 1
vn 0 0 1
vn 0 0 1
vn 0 0 1
vn 0 0 1
vn 0 0 1
vn 0 0 1
vn 0 0 1
vn 0 0 1
vn 0 0 1
vn 0 0 1
vn 0 0 1
vn 0 0 1
vn 0 0 1
vn 0 0 1
vn 0 0 1
vn 0 0 1
vn 0 0 1
vn 0 0 1
vn 0 0 1
vn 0 0 1
vn 0 0 1
vn 0 0 1
vn 0 0 1
vn 0 0 1
vn 0 0 1
vn 0 0 1
vn 0 0 1
vn 0 0 1
vn 0 0 1
vn 0 0 1
vn 0 0 1
vn 0 0 1
vn 0 0 1
vn 0 0 1
vn 0 0 1
vn 0 0 1
vn 0 0 1
vn 0 0 1
vn 0 0 1
vn 0 0 1
vn 0 0 1
vn 0 0 1
vn 0 0 1
vn 0 0 1
vn 0 0 1
vn 0 0 1
vn 0 0 1
vn 0 0 1
vn 0 0 1
vn 0 0 1
vn 0 0 1
vn 0 0 1
vn 0 0 1
vn 0 0 1
vn 0 0 1
vn 0 0 1
vn 0 0 1
vn 0 0 1
vn 0 0 1
vn 0 0 1
vn 0 0 1
vn 0 0 1
vn 0 0 1
vn 0 0 1
vn 0 0 1
vn 0 0 1
vn 0 0 1
vn 0 0 1
vn 0 0 1
vn 0 0 1
vn 0 0 1
vn 0 0 1
vn 0 0 1
vn 0 0 1
vn 0 0 1
vn 0 0 1
vn 0 0 1
vn 0 0 1
vn 0 0 1
vn 0 0 1
vn 0 0 1
vn 0 0 1
vn 0 0 1
vn 0 0 1
vn 0 0 1
vn 0 0 1
vn 0 0 1
vn 0 0 1
vn 0 0 1
vn 0 0 1
vn 0 0 1
vn 0 0 1
vn 0 0 1
vn 0 0 1
vn 0 0 1
vn 0 0 1
vn 0 0 1
vn 0 0 1
vn 0 0 1
vn 0 0 1
vn 0 0 1
vn 0 0 1
vn 0 0 1
vn 0 0 1
vn 0 0 1
vn 0 0 1
vn 0 0 1
vn 0 0 1
vn 0 0 1
vn 0 0 1
vn 0 0 1
vn 0 0 1
vn 0 0 1
vn 0 0 1
vn 0 0 1
vn 0 0 1
vn 0 0 1
vn 0 0 1
vn 0 0 1
vn 0 0 1
vn 0 0 1
vn 0 0 1
vn 0 0 1
vn 0 0 1
vn 0 0 1
vn 0 0 1
vn 0 0 1
vn 0 0 1
vn 0 0 1
vn 0 0 1
vn 0 0 1
vn 0 0 1
vn 0 0 1
vn 0 0 1
vn 0 0 1
vn 0 0 1
vn 0 0 1
vn 0 0 1
vn 0 0 1
vn 0 0 1
vn 0 0 1
vn 0 0 1
vn 0 0 1
vn 0 0 1
vn 0 0 1
vn 0 0 1
vn 0 0 1
vn 0 0 1
vn 0 0 1
vn 0 0 1
vn 0 0 1
vn 0 0 1
vn 0 0 1
vn 0 0 1
vn 0 0 1
vn 0 0 1
vn 0 0 1
vn 0 0 1
vn 0 0 1
vn 0 0 1
vn 0 0 1
vn 0 0 1
vn 0 0 1
vn 0 0 1
vn 0 0 1
vn 0 0 1
vn 0 0 1
vn 0 0 1
vn 0 0 1
vn 0 0 1
vn 0 0 1
vn 0 0 1
vn 0 0 1
vn 0 0 1
vn 0 0 1
vn 0 0 1
vn 0 0 1
vn 0 0 1
vn 0 0 1
vn 0 0 1
vn 0 0 1
vn 0 0 1
vn 0 0 1
vn 0 0 1
vn 0 0 1
vn 0 0 1
vn 0 0 1
vn 0 0 1
vn 0 0 1
vn 0 0 1
vn 0 0 1
vn 0 0 1
vn 0 0 1
vn 0 0 1
vn 0 0 1
vn 0 0 1
vn 0 0 1
vn 0 0 1
vn 0 0 1
vn 0 0 1
vn 0 0 1
vn 0 0 1
vn 0 0 1
vn 0 0 1
vn 0 0 1
vn 0 0 1
vn 0 0 1
vn 0 0 1
vn 0 0 1
vn 0 0 1
vn 0 0 1
vn 0 0 1
vn 0 0 1
vn 0 0 1
vn 0 0 1
vn 0 0 1
vn 0 0 1
vn 0 0 1
vn 0 0 1
vn 0 0 1
vn 0 0 1
vn 0 0 1
vn 0 0 1
vn 0 0 1
vn 0 0 1
vn 0 0 1
vn 0 0 1
vn 0 0 1
vn 0 0 1
vn 0 0 1
vn 0 0 1
vn 0 0 1
vn 0 0 1
vn 0 0 1
vn 0 0 1
vn 0 0 1
vn 0 0 1
vn 0 0 1
vn 0 0 1
vn 0 0 1
vn 0 0 1
vn 0 0 1
vn 0 0 1
vn 0 0 1
vn 0 0 1
vn 0 0 1
vn 0 0 1
vn 0 0 1
vn 0 0 1
vn 0 0 1
vn 0 0 1
vn 0 0 1
vn 0 0 1
vn 0 0 1
vn 0 0 1
vn 0 0 1
vn 0 0 1
vn 0 0 1
vn 0 0 1
vn 0 0 1
vn 0 0 1
vn 0 0 1
vn 0 0 1
vn 0 0 1
vn 0 0 1
vn 0 0 1
vn 0 0 1
vn 0 0 1
vn 0 0 1
vn 0 0 1
vn 0 0 1
vn 0 0 1
vn 0 0 1
vn 0 0 1
vn 0 0 1
vn 0 0 1
vn 0 0 1
vn 0 0 1
vn 0 0 1
vn 0 0 1
vn 0 0 1
vn 0 0 1
vn 0 0 1
vn 0 0 1
vn 0 0 1
vn 0 0 1
vn 0 0 1
vn 0 0 1
vn 0 0 1
vn 0 0 1
vn 0 0 1
vn 0 0 1
vn 0 0 1
vn 0 0 1
vn 0 0 1
vn 0 0 1
vn 0 0 1
vn 0 0 1
vn 0 0 1
vn 0 0 1
vn 0 0 1
vn 0 0 1
vn 0 0 1
vn 0 0 1
vn 0 0 1
vn 0 0 1
vn 0 0 1
vn 0 0 1
vn 0 0 1
vn 0 0 1
vn 0 0 1
vn 0 0 1
vn 0 0 1
vn 0 0 1
vn 0 0 1
vn 0 0 1
vn 0 0 1
vn 0 0 1
vn 0 0 1
vn 0 0 1
vn 0 0 1
vn 0 0 1
vn 0 0 1
vn 0 0 1
vn 0 0 1
vn 0 0 1
vn 0 0 1
vn 0 0 1
vn 0 0 1
vn 0 0 1
vn 0 0 1
vn 0 0 1
vn 0 0 1
vn 0 0 1
vn 0 0 1
vn 0 0 1
vn 0 0 1
vn 0 0 1
vn 0 0 1
vn 0 0 1
vn 0 0 1
vn 0 0 1
vn 0 0 1
vn 0 0 1
vn 0 0 1
f 1152//1152 1571//1571 2283//2283
f 1152//1152 2283//2283 1562//1562
f 1571//1571 1150//1150 1560//1560
f 1571//1571 1560//1560 2283//2283
f 2283//2283 1560//1560 1332//1332
f 2283//2283 1332//1332 1544//1544
f 1562//1562 2283//2283 1544//1544
f 1562//1562 1544//1544 1334//1334
f 1254//1254 1569//1569 2284//2284
f 1254//1254 2284//2284 1784//1784
f 1569//1569 1152//1152 1562//1562
f 1569//1569 1562//1562 2284//2284
f 2284//2284 1562//1562 1334//1334
f 2284//2284 1334//1334 1546//1546
f 1784//1784 2284//2284 1546//1546
f 1784//1784 1546//1546 1457//1457
f 1262//1262 1791//1791 2285//2285
f 1262//1262 2285//2285 1788//1788
f 1791//1791 1260//1260 1786//1786
f 1791//1791 1786//1786 2285//2285
f 2285//2285 1786//1786 1145//1145
f 2285//2285 1145//1145 1551//1551
f 1788//1788 2285//2285 1551//1551
f 1788//1788 1551//1551 1252//1252
f 1260//1260 1790//1790 2286//2286
f 1260//1260 2286//2286 1786//1786
f 1790//1790 1259//1259 1785//1785
f 1790//1790 1785//1785 2286//2286
f 2286//2286 1785//1785 1143//1143
f 2286//2286 1143//1143 1552//1552
f 1786//1786 2286//2286 1552//1552
f 1786//1786 1552//1552 1145//1145
f 1271//1271 1814//1814 2287//2287
f 1271//1271 2287//2287 1549//1549
f 1814//1814 1272//1272 1807//1807
f 1814//1814 1807//1807 2287//2287
f 2287//2287 1807//1807 1147//1147
f 2287//2287 1147//1147 1555//1555
f 1549//1549 2287//2287 1555//1555
f 1549//1549 1555//1555 1144//1144
f 1149//1149 1567//1567 2288//2288
f 1149//1149 2288//2288 1543//1543
f 1567//1567 1154//1154 1564//1564
f 1567//1567 1564//1564 2288//2288
f 2288//2288 1564//1564 1339//1339
f 2288//2288 1339//1339 1554//1554
f 1543//1543 2288//2288 1554//1554
f 1543//1543 1554//1554 1331//1331
f 1165//1165 1598//1598 2289//2289
f 1165//1165 2289//2289 1558//1558
f 1598//1598 1168//1168 1593//1593
f 1598//1598 1593//1593 2289//2289
f 2289//2289 1593//1593 1155//1155
f 2289//2289 1155//1155 1566//1566
f 1558//1558 2289//2289 1566//1566
f 1558//1558 1566//1566 1148//1148
f 1148//1148 1566//1566 2290//2290
f 1148//1148 2290//2290 1559//1559
f 1566//1566 1155//1155 1565//1565
f 1566//1566 1565//1565 2290//2290
f 2290//2290 1565//1565 1154//1154
f 2290//2290 1154//1154 1567//1567
f 1559//1559 2290//2290 1567//1567
f 1559//1559 1567//1567 1149//1149
f 1256//1256 1597//1597 2291//2291
f 1256//1256 2291//2291 1782//1782
f 1597//1597 1167//1167 1592//1592
f 1597//1597 1592//1592 2291//2291
f 2291//2291 1592//1592 1153//1153
f 2291//2291 1153//1153 1568//1568
f 1782//1782 2291//2291 1568//1568
f 1782//1782 1568//1568 1253//1253
f 1253//1253 1568//1568 2292//2292
f 1253//1253 2292//2292 1781//1781
f 1568//1568 1153//1153 1563//1563
f 1568//1568 1563//1563 2292//2292
f 2292//2292 1563//1563 1152//1152
f 2292//2292 1152//1152 1569//1569
f 1781//1781 2292//2292 1569//1569
f 1781//1781 1569//1569 1254//1254
f 1167//1167 1596//1596 2293//2293
f 1167//1167 2293//2293 1592//1592
f 1596//1596 1166//1166 1591//1591
f 1596//1596 1591//1591 2293//2293
f 2293//2293 1591//1591 1151//1151
f 2293//2293 1151//1151 1570//1570
f 1592//1592 2293//2293 1570//1570
f 1592//1592 1570//1570 1153//1153
f 1153//1153 1570//1570 2294//2294
f 1153//1153 2294//2294 1563//1563
f 1570//1570 1151//1151 1561//1561
f 1570//1570 1561//1561 2294//2294
f 2294//2294 1561//1561 1150//1150
f 2294//2294 1150//1150 1571//1571
f 1563//1563 2294//2294 1571//1571
f 1563//1563 1571//1571 1152//1152
f 1155//1155 1575//1575 2295//2295
f 1155//1155 2295//2295 1565//1565
f 1575//1575 1158//1158 1577//1577
f 1575//1575 1577//1577 2295//2295
f 2295//2295 1577//1577 1159//1159
f 2295//2295 1159//1159 1576//1576
f 1565//1565 2295//2295 1576//1576
f 1565//1565 1576//1576 1154//1154
f 1168//1168 1595//1595 2296//2296
f 1168//1168 2296//2296 1593//1593
f 1595//1595 1169//1169 1594//1594
f 1595//1595 1594//1594 2296//2296
f 2296//2296 1594//1594 1158//1158
f 2296//2296 1158//1158 1575//1575
f 1593//1593 2296//2296 1575//1575
f 1593//1593 1575//1575 1155//1155
f 1272//1272 1813//1813 2297//2297
f 1272//1272 2297//2297 1807//1807
f 1813//1813 1273//1273 1808//1808
f 1813//1813 1808//1808 2297//2297
f 2297//2297 1808//1808 1156//1156
f 2297//2297 1156//1156 1573//1573
f 1807//1807 2297//2297 1573//1573
f 1807//1807 1573//1573 1147//1147
f 1154//1154 1576//1576 2298//2298
f 1154//1154 2298//2298 1564//1564
f 1576//1576 1159//1159 1580//1580
f 1576//1576 1580//1580 2298//2298
f 2298//2298 1580//1580 1349//1349
f 2298//2298 1349//1349 1572//1572
f 1564//1564 2298//2298 1572//1572
f 1564//1564 1572//1572 1339//1339
f 1172//1172 1607//1607 2299//2299
f 1172//1172 2299//2299 1601//1601
f 1607//1607 1173//1173 1602//1602
f 1607//1607 1602//1602 2299//2299
f 2299//2299 1602//1602 1164//1164
f 2299//2299 1164//1164 1586//1586
f 1601//1601 2299//2299 1586//1586
f 1601//1601 1586//1586 1162//1162
f 1171//1171 1606//1606 2300//2300
f 1171//1171 2300//2300 1600//1600
f 1606//1606 1170//1170 1599//1599
f 1606//1606 1599//1599 2300//2300
f 2300//2300 1599//1599 1160//1160
f 2300//2300 1160//1160 1587//1587
f 1600//1600 2300//2300 1587//1587
f 1600//1600 1587//1587 1161//1161
f 1257//1257 1605//1605 2301//2301
f 1257//1257 2301//2301 1780//1780
f 1605//1605 1171//1171 1600//1600
f 1605//1605 1600//1600 2301//2301
f 2301//2301 1600//1600 1161//1161
f 2301//2301 1161//1161 1588//1588
f 1780//1780 2301//2301 1588//1588
f 1780//1780 1588//1588 1255//1255
f 1174//1174 1604//1604 2302//2302
f 1174//1174 2302//2302 1584//1584
f 1604//1604 1172//1172 1601//1601
f 1604//1604 1601//1601 2302//2302
f 2302//2302 1601//1601 1162//1162
f 2302//2302 1162//1162 1589//1589
f 1584//1584 2302//2302 1589//1589
f 1584//1584 1589//1589 1163//1163
f 1162//1162 1586//1586 2303//2303
f 1162//1162 2303//2303 1583//1583
f 1586//1586 1164//1164 1585//1585
f 1586//1586 1585//1585 2303//2303
f 2303//2303 1585//1585 1169//1169
f 2303//2303 1169//1169 1595//1595
f 1583//1583 2303//2303 1595//1595
f 1583//1583 1595//1595 1168//1168
f 1161//1161 1587//1587 2304//2304
f 1161//1161 2304//2304 1582//1582
f 1587//1587 1160//1160 1581//1581
f 1587//1587 1581//1581 2304//2304
f 2304//2304 1581//1581 1166//1166
f 2304//2304 1166//1166 1596//1596
f 1582//1582 2304//2304 1596//1596
f 1582//1582 1596//1596 1167//1167
f 1255//1255 1588//1588 2305//2305
f 1255//1255 2305//2305 1779//1779
f 1588//1588 1161//1161 1582//1582
f 1588//1588 1582//1582 2305//2305
f 2305//2305 1582//1582 1167//1167
f 2305//2305 1167//1167 1597//1597
f 1779//1779 2305//2305 1597//1597
f 1779//1779 1597//1597 1256//1256
f 1163//1163 1589//1589 2306//2306
f 1163//1163 2306//2306 1590//1590
f 1589//1589 1162//1162 1583//1583
f 1589//1589 1583//1583 2306//2306
f 2306//2306 1583//1583 1168//1168
f 2306//2306 1168//1168 1598//1598
f 1590//1590 2306//2306 1598//1598
f 1590//1590 1598//1598 1165//1165
f 1144//1144 1555//1555 2307//2307
f 1144//1144 2307//2307 1603//1603
f 1555//1555 1147//1147 1557//1557
f 1555//1555 1557//1557 2307//2307
f 2307//2307 1557//1557 1172//1172
f 2307//2307 1172//1172 1604//1604
f 1603//1603 2307//2307 1604//1604
f 1603//1603 1604//1604 1174//1174
f 1252//1252 1551//1551 2308//2308
f 1252//1252 2308//2308 1778//1778
f 1551//1551 1145//1145 1550//1550
f 1551//1551 1550//1550 2308//2308
f 2308//2308 1550//1550 1171//1171
f 2308//2308 1171//1171 1605//1605
f 1778//1778 2308//2308 1605//1605
f 1778//1778 1605//1605 1257//1257
f 1145//1145 1552//1552 2309//2309
f 1145//1145 2309//2309 1550//1550
f 1552//1552 1143//1143 1548//1548
f 1552//1552 1548//1548 2309//2309
f 2309//2309 1548//1548 1170//1170
f 2309//2309 1170//1170 1606//1606
f 1550//1550 2309//2309 1606//1606
f 1550//1550 1606//1606 1171//1171
f 1147//1147 1573//1573 2310//2310
f 1147//1147 2310//2310 1557//1557
f 1573//1573 1156//1156 1578//1578
f 1573//1573 1578//1578 2310//2310
f 2310//2310 1578//1578 1173//1173
f 2310//2310 1173//1173 1607//1607
f 1557//1557 2310//2310 1607//1607
f 1557//1557 1607//1607 1172//1172
f 1276//1276 1609//1609 2311//2311
f 1276//1276 2311//2311 1827//1827
f 1609//1609 1175//1175 1616//1616
f 1609//1609 1616//1616 2311//2311
f 2311//2311 1616//1616 1181//1181
f 2311//2311 1181//1181 1615//1615
f 1827//1827 2311//2311 1615//1615
f 1827//1827 1615//1615 1281//1281
f 1279//1279 1613//1613 2312//2312
f 1279//1279 2312//2312 1826//1826
f 1613//1613 1179//1179 1617//1617
f 1613//1613 1617//1617 2312//2312
f 2312//2312 1617//1617 1180//1180
f 2312//2312 1180//1180 1614//1614
f 1826//1826 2312//2312 1614//1614
f 1826//1826 1614//1614 1280//1280
f 1281//1281 1615//1615 2313//2313
f 1281//1281 2313//2313 1825//1825
f 1615//1615 1181//1181 1618//1618
f 1615//1615 1618//1618 2313//2313
f 2313//2313 1618//1618 1179//1179
f 2313//2313 1179//1179 1613//1613
f 1825//1825 2313//2313 1613//1613
f 1825//1825 1613//1613 1279//1279
f 1277//1277 1610//1610 2314//2314
f 1277//1277 2314//2314 1824//1824
f 1610//1610 1176//1176 1619//1619
f 1610//1610 1619//1619 2314//2314
f 2314//2314 1619//1619 1177//1177
f 2314//2314 1177//1177 1611//1611
f 1824//1824 2314//2314 1611//1611
f 1824//1824 1611//1611 1278//1278
f 1280//1280 1614//1614 2315//2315
f 1280//1280 2315//2315 1823//1823
f 1614//1614 1180//1180 1620//1620
f 1614//1614 1620//1620 2315//2315
f 2315//2315 1620//1620 1176//1176
f 2315//2315 1176//1176 1610//1610
f 1823//1823 2315//2315 1610//1610
f 1823//1823 1610//1610 1277//1277
f 1278//1278 1611//1611 2316//2316
f 1278//1278 2316//2316 1822//1822
f 1611//1611 1177//1177 1622//1622
f 1611//1611 1622//1622 2316//2316
f 2316//2316 1622//1622 1369//1369
f 2316//2316 1369//1369 1608//1608
f 1822//1822 2316//2316 1608//1608
f 1822//1822 1608//1608 1482//1482
f 1220//1220 1626//1626 2317//2317
f 1220//1220 2317//2317 1709//1709
f 1626//1626 1185//1185 1630//1630
f 1626//1626 1630//1630 2317//2317
f 2317//2317 1630//1630 1378//1378
f 2317//2317 1378//1378 1623//1623
f 1709//1709 2317//2317 1623//1623
f 1709//1709 1623//1623 1418//1418
f 1275//1275 1812//1812 2318//2318
f 1275//1275 2318//2318 1810//1810
f 1812//1812 1274//1274 1809//1809
f 1812//1812 1809//1809 2318//2318
f 2318//2318 1809//1809 1183//1183
f 2318//2318 1183//1183 1624//1624
f 1810//1810 2318//2318 1624//1624
f 1810//1810 1624//1624 1218//1218
f 1222//1222 1628//1628 2319//2319
f 1222//1222 2319//2319 1707//1707
f 1628//1628 1187//1187 1632//1632
f 1628//1628 1632//1632 2319//2319
f 2319//2319 1632//1632 1184//1184
f 2319//2319 1184//1184 1625//1625
f 1707//1707 2319//2319 1625//1625
f 1707//1707 1625//1625 1219//1219
f 1219//1219 1625//1625 2320//2320
f 1219//1219 2320//2320 1706//1706
f 1625//1625 1184//1184 1633//1633
f 1625//1625 1633//1633 2320//2320
f 2320//2320 1633//1633 1185//1185
f 2320//2320 1185//1185 1626//1626
f 1706//1706 2320//2320 1626//1626
f 1706//1706 1626//1626 1220//1220
f 1223//1223 1629//1629 2321//2321
f 1223//1223 2321//2321 1705//1705
f 1629//1629 1188//1188 1634//1634
f 1629//1629 1634//1634 2321//2321
f 2321//2321 1634//1634 1186//1186
f 2321//2321 1186//1186 1627//1627
f 1705//1705 2321//2321 1627//1627
f 1705//1705 1627//1627 1221//1221
f 1221//1221 1627//1627 2322//2322
f 1221//1221 2322//2322 1704//1704
f 1627//1627 1186//1186 1635//1635
f 1627//1627 1635//1635 2322//2322
f 2322//2322 1635//1635 1187//1187
f 2322//2322 1187//1187 1628//1628
f 1704//1704 2322//2322 1628//1628
f 1704//1704 1628//1628 1222//1222
f 1218//1218 1624//1624 2323//2323
f 1218//1218 2323//2323 1703//1703
f 1624//1624 1183//1183 1636//1636
f 1624//1624 1636//1636 2323//2323
f 2323//2323 1636//1636 1188//1188
f 2323//2323 1188//1188 1629//1629
f 1703//1703 2323//2323 1629//1629
f 1703//1703 1629//1629 1223//1223
f 1302//1302 1640//1640 2324//2324
f 1302//1302 2324//2324 1879//1879
f 1640//1640 1191//1191 1645//1645
f 1640//1640 1645//1645 2324//2324
f 2324//2324 1645//1645 1385//1385
f 2324//2324 1385//1385 1637//1637
f 1879//1879 2324//2324 1637//1637
f 1879//1879 1637//1637 1510//1510
f 1304//1304 1642//1642 2325//2325
f 1304//1304 2325//2325 1878//1878
f 1642//1642 1193//1193 1647//1647
f 1642//1642 1647//1647 2325//2325
f 2325//2325 1647//1647 1190//1190
f 2325//2325 1190//1190 1639//1639
f 1878//1878 2325//2325 1639//1639
f 1878//1878 1639//1639 1301//1301
f 1301//1301 1639//1639 2326//2326
f 1301//1301 2326//2326 1877//1877
f 1639//1639 1190//1190 1648//1648
f 1639//1639 1648//1648 2326//2326
f 2326//2326 1648//1648 1191//1191
f 2326//2326 1191//1191 1640//1640
f 1877//1877 2326//2326 1640//1640
f 1877//1877 1640//1640 1302//1302
f 1305//1305 1643//1643 2327//2327
f 1305//1305 2327//2327 1876//1876
f 1643//1643 1194//1194 1649//1649
f 1643//1643 1649//1649 2327//2327
f 2327//2327 1649//1649 1192//1192
f 2327//2327 1192//1192 1641//1641
f 1876//1876 2327//2327 1641//1641
f 1876//1876 1641//1641 1303//1303
f 1303//1303 1641//1641 2328//2328
f 1303//1303 2328//2328 1875//1875
f 1641//1641 1192//1192 1650//1650
f 1641//1641 1650//1650 2328//2328
f 2328//2328 1650//1650 1193//1193
f 2328//2328 1193//1193 1642//1642
f 1875//1875 2328//2328 1642//1642
f 1875//1875 1642//1642 1304//1304
f 1300//1300 1638//1638 2329//2329
f 1300//1300 2329//2329 1874//1874
f 1638//1638 1189//1189 1651//1651
f 1638//1638 1651//1651 2329//2329
f 2329//2329 1651//1651 1194//1194
f 2329//2329 1194//1194 1643//1643
f 1874//1874 2329//2329 1643//1643
f 1874//1874 1643//1643 1305//1305
f 1247//1247 1655//1655 2330//2330
f 1247//1247 2330//2330 1769//1769
f 1655//1655 1198//1198 1659//1659
f 1655//1655 1659//1659 2330//2330
f 2330//2330 1659//1659 1393//1393
f 2330//2330 1393//1393 1652//1652
f 1769//1769 2330//2330 1652//1652
f 1769//1769 1652//1652 1449//1449
f 1266//1266 1798//1798 2331//2331
f 1266//1266 2331//2331 1795//1795
f 1798//1798 1263//1263 1792//1792
f 1798//1798 1792//1792 2331//2331
f 2331//2331 1792//1792 1196//1196
f 2331//2331 1196//1196 1653//1653
f 1795//1795 2331//2331 1653//1653
f 1795//1795 1653//1653 1245//1245
f 1249//1249 1657//1657 2332//2332
f 1249//1249 2332//2332 1767//1767
f 1657//1657 1200//1200 1661//1661
f 1657//1657 1661//1661 2332//2332
f 2332//2332 1661//1661 1197//1197
f 2332//2332 1197//1197 1654//1654
f 1767//1767 2332//2332 1654//1654
f 1767//1767 1654//1654 1246//1246
f 1246//1246 1654//1654 2333//2333
f 1246//1246 2333//2333 1766//1766
f 1654//1654 1197//1197 1662//1662
f 1654//1654 1662//1662 2333//2333
f 2333//2333 1662//1662 1198//1198
f 2333//2333 1198//1198 1655//1655
f 1766//1766 2333//2333 1655//1655
f 1766//1766 1655//1655 1247//1247
f 1250//1250 1658//1658 2334//2334
f 1250//1250 2334//2334 1765//1765
f 1658//1658 1201//1201 1663//1663
f 1658//1658 1663//1663 2334//2334
f 2334//2334 1663//1663 1199//1199
f 2334//2334 1199//1199 1656//1656
f 1765//1765 2334//2334 1656//1656
f 1765//1765 1656//1656 1248//1248
f 1248//1248 1656//1656 2335//2335
f 1248//1248 2335//2335 1764//1764
f 1656//1656 1199//1199 1664//1664
f 1656//1656 1664//1664 2335//2335
f 2335//2335 1664//1664 1200//1200
f 2335//2335 1200//1200 1657//1657
f 1764//1764 2335//2335 1657//1657
f 1764//1764 1657//1657 1249//1249
f 1245//1245 1653//1653 2336//2336
f 1245//1245 2336//2336 1763//1763
f 1653//1653 1196//1196 1665//1665
f 1653//1653 1665//1665 2336//2336
f 2336//2336 1665//1665 1201//1201
f 2336//2336 1201//1201 1658//1658
f 1763//1763 2336//2336 1658//1658
f 1763//1763 1658//1658 1250//1250
f 1288//1288 1668//1668 2337//2337
f 1288//1288 2337//2337 1853//1853
f 1668//1668 1204//1204 1674//1674
f 1668//1668 1674//1674 2337//2337
f 2337//2337 1674//1674 1209//1209
f 2337//2337 1209//1209 1673//1673
f 1853//1853 2337//2337 1673//1673
f 1853//1853 1673//1673 1293//1293
f 1291//1291 1671//1671 2338//2338
f 1291//1291 2338//2338 1852//1852
f 1671//1671 1207//1207 1675//1675
f 1671//1671 1675//1675 2338//2338
f 2338//2338 1675//1675 1208//1208
f 2338//2338 1208//1208 1672//1672
f 1852//1852 2338//2338 1672//1672
f 1852//1852 1672//1672 1292//1292
f 1293//1293 1673//1673 2339//2339
f 1293//1293 2339//2339 1851//1851
f 1673//1673 1209//1209 1676//1676
f 1673//1673 1676//1676 2339//2339
f 2339//2339 1676//1676 1207//1207
f 2339//2339 1207//1207 1671//1671
f 1851//1851 2339//2339 1671//1671
f 1851//1851 1671//1671 1291//1291
f 1289//1289 1669//1669 2340//2340
f 1289//1289 2340//2340 1850//1850
f 1669//1669 1205//1205 1677//1677
f 1669//1669 1677//1677 2340//2340
f 2340//2340 1677//1677 1206//1206
f 2340//2340 1206//1206 1670//1670
f 1850//1850 2340//2340 1670//1670
f 1850//1850 1670//1670 1290//1290
f 1292//1292 1672//1672 2341//2341
f 1292//1292 2341//2341 1849//1849
f 1672//1672 1208//1208 1678//1678
f 1672//1672 1678//1678 2341//2341
f 2341//2341 1678//1678 1205//1205
f 2341//2341 1205//1205 1669//1669
f 1849//1849 2341//2341 1669//1669
f 1849//1849 1669//1669 1289//1289
f 1290//1290 1670//1670 2342//2342
f 1290//1290 2342//2342 1848//1848
f 1670//1670 1206//1206 1680//1680
f 1670//1670 1680//1680 2342//2342
f 2342//2342 1680//1680 1402//1402
f 2342//2342 1402//1402 1667//1667
f 1848//1848 2342//2342 1667//1667
f 1848//1848 1667//1667 1496//1496
f 1233//1233 1684//1684 2343//2343
f 1233//1233 2343//2343 1739//1739
f 1684//1684 1213//1213 1688//1688
f 1684//1684 1688//1688 2343//2343
f 2343//2343 1688//1688 1410//1410
f 2343//2343 1410//1410 1681//1681
f 1739//1739 2343//2343 1681//1681
f 1739//1739 1681//1681 1433//1433
f 1270//1270 1805//1805 2344//2344
f 1270//1270 2344//2344 1802//1802
f 1805//1805 1268//1268 1800//1800
f 1805//1805 1800//1800 2344//2344
f 2344//2344 1800//1800 1211//1211
f 2344//2344 1211//1211 1682//1682
f 1802//1802 2344//2344 1682//1682
f 1802//1802 1682//1682 1231//1231
f 1235//1235 1686//1686 2345//2345
f 1235//1235 2345//2345 1737//1737
f 1686//1686 1215//1215 1690//1690
f 1686//1686 1690//1690 2345//2345
f 2345//2345 1690//1690 1212//1212
f 2345//2345 1212//1212 1683//1683
f 1737//1737 2345//2345 1683//1683
f 1737//1737 1683//1683 1232//1232
f 1232//1232 1683//1683 2346//2346
f 1232//1232 2346//2346 1736//1736
f 1683//1683 1212//1212 1691//1691
f 1683//1683 1691//1691 2346//2346
f 2346//2346 1691//1691 1213//1213
f 2346//2346 1213//1213 1684//1684
f 1736//1736 2346//2346 1684//1684
f 1736//1736 1684//1684 1233//1233
f 1236//1236 1687//1687 2347//2347
f 1236//1236 2347//2347 1735//1735
f 1687//1687 1216//1216 1692//1692
f 1687//1687 1692//1692 2347//2347
f 2347//2347 1692//1692 1214//1214
f 2347//2347 1214//1214 1685//1685
f 1735//1735 2347//2347 1685//1685
f 1735//1735 1685//1685 1234//1234
f 1234//1234 1685//1685 2348//2348
f 1234//1234 2348//2348 1734//1734
f 1685//1685 1214//1214 1693//1693
f 1685//1685 1693//1693 2348//2348
f 2348//2348 1693//1693 1215//1215
f 2348//2348 1215//1215 1686//1686
f 1734//1734 2348//2348 1686//1686
f 1734//1734 1686//1686 1235//1235
f 1231//1231 1682//1682 2349//2349
f 1231//1231 2349//2349 1733//1733
f 1682//1682 1211//1211 1694//1694
f 1682//1682 1694//1694 2349//2349
f 2349//2349 1694//1694 1216//1216
f 2349//2349 1216//1216 1687//1687
f 1733//1733 2349//2349 1687//1687
f 1733//1733 1687//1687 1236//1236
f 1156//1156 1697//1697 2350//2350
f 1156//1156 2350//2350 1578//1578
f 1697//1697 1218//1218 1703//1703
f 1697//1697 1703//1703 2350//2350
f 2350//2350 1703//1703 1223//1223
f 2350//2350 1223//1223 1702//1702
f 1578//1578 2350//2350 1702//1702
f 1578//1578 1702//1702 1173//1173
f 1164//1164 1700//1700 2351//2351
f 1164//1164 2351//2351 1585//1585
f 1700//1700 1221//1221 1704//1704
f 1700//1700 1704//1704 2351//2351
f 2351//2351 1704//1704 1222//1222
f 2351//2351 1222//1222 1701//1701
f 1585//1585 2351//2351 1701//1701
f 1585//1585 1701//1701 1169//1169
f 1173//1173 1702//1702 2352//2352
f 1173//1173 2352//2352 1602//1602
f 1702//1702 1223//1223 1705//1705
f 1702//1702 1705//1705 2352//2352
f 2352//2352 1705//1705 1221//1221
f 2352//2352 1221//1221 1700//1700
f 1602//1602 2352//2352 1700//1700
f 1602//1602 1700//1700 1164//1164
f 1158//1158 1698//1698 2353//2353
f 1158//1158 2353//2353 1577//1577
f 1698//1698 1219//1219 1706//1706
f 1698//1698 1706//1706 2353//2353
f 2353//2353 1706//1706 1220//1220
f 2353//2353 1220//1220 1699//1699
f 1577//1577 2353//2353 1699//1699
f 1577//1577 1699//1699 1159//1159
f 1169//1169 1701//1701 2354//2354
f 1169//1169 2354//2354 1594//1594
f 1701//1701 1222//1222 1707//1707
f 1701//1701 1707//1707 2354//2354
f 2354//2354 1707//1707 1219//1219
f 2354//2354 1219//1219 1698//1698
f 1594//1594 2354//2354 1698//1698
f 1594//1594 1698//1698 1158//1158
f 1273//1273 1811//1811 2355//2355
f 1273//1273 2355//2355 1808//1808
f 1811//1811 1275//1275 1810//1810
f 1811//1811 1810//1810 2355//2355
f 2355//2355 1810//1810 1218//1218
f 2355//2355 1218//1218 1697//1697
f 1808//1808 2355//2355 1697//1697
f 1808//1808 1697//1697 1156//1156
f 1159//1159 1699//1699 2356//2356
f 1159//1159 2356//2356 1580//1580
f 1699//1699 1220//1220 1709//1709
f 1699//1699 1709//1709 2356//2356
f 2356//2356 1709//1709 1418//1418
f 2356//2356 1418//1418 1696//1696
f 1580//1580 2356//2356 1696//1696
f 1580//1580 1696//1696 1349//1349
f 1189//1189 1712//1712 2357//2357
f 1189//1189 2357//2357 1651//1651
f 1712//1712 1225//1225 1718//1718
f 1712//1712 1718//1718 2357//2357
f 2357//2357 1718//1718 1230//1230
f 2357//2357 1230//1230 1717//1717
f 1651//1651 2357//2357 1717//1717
f 1651//1651 1717//1717 1194//1194
f 1192//1192 1715//1715 2358//2358
f 1192//1192 2358//2358 1650//1650
f 1715//1715 1228//1228 1719//1719
f 1715//1715 1719//1719 2358//2358
f 2358//2358 1719//1719 1229//1229
f 2358//2358 1229//1229 1716//1716
f 1650//1650 2358//2358 1716//1716
f 1650//1650 1716//1716 1193//1193
f 1194//1194 1717//1717 2359//2359
f 1194//1194 2359//2359 1649//1649
f 1717//1717 1230//1230 1720//1720
f 1717//1717 1720//1720 2359//2359
f 2359//2359 1720//1720 1228//1228
f 2359//2359 1228//1228 1715//1715
f 1649//1649 2359//2359 1715//1715
f 1649//1649 1715//1715 1192//1192
f 1190//1190 1713//1713 2360//2360
f 1190//1190 2360//2360 1648//1648
f 1713//1713 1226//1226 1721//1721
f 1713//1713 1721//1721 2360//2360
f 2360//2360 1721//1721 1227//1227
f 2360//2360 1227//1227 1714//1714
f 1648//1648 2360//2360 1714//1714
f 1648//1648 1714//1714 1191//1191
f 1193//1193 1716//1716 2361//2361
f 1193//1193 2361//2361 1647//1647
f 1716//1716 1229//1229 1722//1722
f 1716//1716 1722//1722 2361//2361
f 2361//2361 1722//1722 1226//1226
f 2361//2361 1226//1226 1713//1713
f 1647//1647 2361//2361 1713//1713
f 1647//1647 1713//1713 1190//1190
f 1267//1267 1804//1804 2362//2362
f 1267//1267 2362//2362 1799//1799
f 1804//1804 1269//1269 1801//1801
f 1804//1804 1801//1801 2362//2362
f 2362//2362 1801//1801 1225//1225
f 2362//2362 1225//1225 1712//1712
f 1799//1799 2362//2362 1712//1712
f 1799//1799 1712//1712 1189//1189
f 1191//1191 1714//1714 2363//2363
f 1191//1191 2363//2363 1645//1645
f 1714//1714 1227//1227 1724//1724
f 1714//1714 1724//1724 2363//2363
f 2363//2363 1724//1724 1426//1426
f 2363//2363 1426//1426 1711//1711
f 1645//1645 2363//2363 1711//1711
f 1645//1645 1711//1711 1385//1385
f 1225//1225 1726//1726 2364//2364
f 1225//1225 2364//2364 1718//1718
f 1726//1726 1231//1231 1733//1733
f 1726//1726 1733//1733 2364//2364
f 2364//2364 1733//1733 1236//1236
f 2364//2364 1236//1236 1731//1731
f 1718//1718 2364//2364 1731//1731
f 1718//1718 1731//1731 1230//1230
f 1228//1228 1729//1729 2365//2365
f 1228//1228 2365//2365 1719//1719
f 1729//1729 1234//1234 1734//1734
f 1729//1729 1734//1734 2365//2365
f 2365//2365 1734//1734 1235//1235
f 2365//2365 1235//1235 1730//1730
f 1719//1719 2365//2365 1730//1730
f 1719//1719 1730//1730 1229//1229
f 1230//1230 1731//1731 2366//2366
f 1230//1230 2366//2366 1720//1720
f 1731//1731 1236//1236 1735//1735
f 1731//1731 1735//1735 2366//2366
f 2366//2366 1735//1735 1234//1234
f 2366//2366 1234//1234 1729//1729
f 1720//1720 2366//2366 1729//1729
f 1720//1720 1729//1729 1228//1228
f 1226//1226 1727//1727 2367//2367
f 1226//1226 2367//2367 1721//1721
f 1727//1727 1232//1232 1736//1736
f 1727//1727 1736//1736 2367//2367
f 2367//2367 1736//1736 1233//1233
f 2367//2367 1233//1233 1728//1728
f 1721//1721 2367//2367 1728//1728
f 1721//1721 1728//1728 1227//1227
f 1229//1229 1730//1730 2368//2368
f 1229//1229 2368//2368 1722//1722
f 1730//1730 1235//1235 1737//1737
f 1730//1730 1737//1737 2368//2368
f 2368//2368 1737//1737 1232//1232
f 2368//2368 1232//1232 1727//1727
f 1722//1722 2368//2368 1727//1727
f 1722//1722 1727//1727 1226//1226
f 1269//1269 1803//1803 2369//2369
f 1269//1269 2369//2369 1801//1801
f 1803//1803 1270//1270 1802//1802
f 1803//1803 1802//1802 2369//2369
f 2369//2369 1802//1802 1231//1231
f 2369//2369 1231//1231 1726//1726
f 1801//1801 2369//2369 1726//1726
f 1801//1801 1726//1726 1225//1225
f 1227//1227 1728//1728 2370//2370
f 1227//1227 2370//2370 1724//1724
f 1728//1728 1233//1233 1739//1739
f 1728//1728 1739//1739 2370//2370
f 2370//2370 1739//1739 1433//1433
f 2370//2370 1433//1433 1725//1725
f 1724//1724 2370//2370 1725//1725
f 1724//1724 1725//1725 1426//1426
f 1204//1204 1741//1741 2371//2371
f 1204//1204 2371//2371 1674//1674
f 1741//1741 1238//1238 1748//1748
f 1741//1741 1748//1748 2371//2371
f 2371//2371 1748//1748 1243//1243
f 2371//2371 1243//1243 1746//1746
f 1674//1674 2371//2371 1746//1746
f 1674//1674 1746//1746 1209//1209
f 1207//1207 1744//1744 2372//2372
f 1207//1207 2372//2372 1675//1675
f 1744//1744 1241//1241 1749//1749
f 1744//1744 1749//1749 2372//2372
f 2372//2372 1749//1749 1242//1242
f 2372//2372 1242//1242 1745//1745
f 1675//1675 2372//2372 1745//1745
f 1675//1675 1745//1745 1208//1208
f 1209//1209 1746//1746 2373//2373
f 1209//1209 2373//2373 1676//1676
f 1746//1746 1243//1243 1750//1750
f 1746//1746 1750//1750 2373//2373
f 2373//2373 1750//1750 1241//1241
f 2373//2373 1241//1241 1744//1744
f 1676//1676 2373//2373 1744//1744
f 1676//1676 1744//1744 1207//1207
f 1205//1205 1742//1742 2374//2374
f 1205//1205 2374//2374 1677//1677
f 1742//1742 1239//1239 1751//1751
f 1742//1742 1751//1751 2374//2374
f 2374//2374 1751//1751 1240//1240
f 2374//2374 1240//1240 1743//1743
f 1677//1677 2374//2374 1743//1743
f 1677//1677 1743//1743 1206//1206
f 1208//1208 1745//1745 2375//2375
f 1208//1208 2375//2375 1678//1678
f 1745//1745 1242//1242 1752//1752
f 1745//1745 1752//1752 2375//2375
f 2375//2375 1752//1752 1239//1239
f 2375//2375 1239//1239 1742//1742
f 1678//1678 2375//2375 1742//1742
f 1678//1678 1742//1742 1205//1205
f 1264//1264 1797//1797 2376//2376
f 1264//1264 2376//2376 1793//1793
f 1797//1797 1265//1265 1794//1794
f 1797//1797 1794//1794 2376//2376
f 2376//2376 1794//1794 1238//1238
f 2376//2376 1238//1238 1741//1741
f 1793//1793 2376//2376 1741//1741
f 1793//1793 1741//1741 1204//1204
f 1206//1206 1743//1743 2377//2377
f 1206//1206 2377//2377 1680//1680
f 1743//1743 1240//1240 1754//1754
f 1743//1743 1754//1754 2377//2377
f 2377//2377 1754//1754 1441//1441
f 2377//2377 1441//1441 1740//1740
f 1680//1680 2377//2377 1740//1740
f 1680//1680 1740//1740 1402//1402
f 1238//1238 1756//1756 2378//2378
f 1238//1238 2378//2378 1748//1748
f 1756//1756 1245//1245 1763//1763
f 1756//1756 1763//1763 2378//2378
f 2378//2378 1763//1763 1250//1250
f 2378//2378 1250//1250 1761//1761
f 1748//1748 2378//2378 1761//1761
f 1748//1748 1761//1761 1243//1243
f 1241//1241 1759//1759 2379//2379
f 1241//1241 2379//2379 1749//1749
f 1759//1759 1248//1248 1764//1764
f 1759//1759 1764//1764 2379//2379
f 2379//2379 1764//1764 1249//1249
f 2379//2379 1249//1249 1760//1760
f 1749//1749 2379//2379 1760//1760
f 1749//1749 1760//1760 1242//1242
f 1243//1243 1761//1761 2380//2380
f 1243//1243 2380//2380 1750//1750
f 1761//1761 1250//1250 1765//1765
f 1761//1761 1765//1765 2380//2380
f 2380//2380 1765//1765 1248//1248
f 2380//2380 1248//1248 1759//1759
f 1750//1750 2380//2380 1759//1759
f 1750//1750 1759//1759 1241//1241
f 1239//1239 1757//1757 2381//2381
f 1239//1239 2381//2381 1751//1751
f 1757//1757 1246//1246 1766//1766
f 1757//1757 1766//1766 2381//2381
f 2381//2381 1766//1766 1247//1247
f 2381//2381 1247//1247 1758//1758
f 1751//1751 2381//2381 1758//1758
f 1751//1751 1758//1758 1240//1240
f 1242//1242 1760//1760 2382//2382
f 1242//1242 2382//2382 1752//1752
f 1760//1760 1249//1249 1767//1767
f 1760//1760 1767//1767 2382//2382
f 2382//2382 1767//1767 1246//1246
f 2382//2382 1246//1246 1757//1757
f 1752//1752 2382//2382 1757//1757
f 1752//1752 1757//1757 1239//1239
f 1265//1265 1796//1796 2383//2383
f 1265//1265 2383//2383 1794//1794
f 1796//1796 1266//1266 1795//1795
f 1796//1796 1795//1795 2383//2383
f 2383//2383 1795//1795 1245//1245
f 2383//2383 1245//1245 1756//1756
f 1794//1794 2383//2383 1756//1756
f 1794//1794 1756//1756 1238//1238
f 1240//1240 1758//1758 2384//2384
f 1240//1240 2384//2384 1754//1754
f 1758//1758 1247//1247 1769//1769
f 1758//1758 1769//1769 2384//2384
f 2384//2384 1769//1769 1449//1449
f 2384//2384 1449//1449 1755//1755
f 1754//1754 2384//2384 1755//1755
f 1754//1754 1755//1755 1441//1441
f 1175//1175 1771//1771 2385//2385
f 1175//1175 2385//2385 1616//1616
f 1771//1771 1252//1252 1778//1778
f 1771//1771 1778//1778 2385//2385
f 2385//2385 1778//1778 1257//1257
f 2385//2385 1257//1257 1776//1776
f 1616//1616 2385//2385 1776//1776
f 1616//1616 1776//1776 1181//1181
f 1179//1179 1774//1774 2386//2386
f 1179//1179 2386//2386 1617//1617
f 1774//1774 1255//1255 1779//1779
f 1774//1774 1779//1779 2386//2386
f 2386//2386 1779//1779 1256//1256
f 2386//2386 1256//1256 1775//1775
f 1617//1617 2386//2386 1775//1775
f 1617//1617 1775//1775 1180//1180
f 1181//1181 1776//1776 2387//2387
f 1181//1181 2387//2387 1618//1618
f 1776//1776 1257//1257 1780//1780
f 1776//1776 1780//1780 2387//2387
f 2387//2387 1780//1780 1255//1255
f 2387//2387 1255//1255 1774//1774
f 1618//1618 2387//2387 1774//1774
f 1618//1618 1774//1774 1179//1179
f 1176//1176 1772//1772 2388//2388
f 1176//1176 2388//2388 1619//1619
f 1772//1772 1253//1253 1781//1781
f 1772//1772 1781//1781 2388//2388
f 2388//2388 1781//1781 1254//1254
f 2388//2388 1254//1254 1773//1773
f 1619//1619 2388//2388 1773//1773
f 1619//1619 1773//1773 1177//1177
f 1180//1180 1775//1775 2389//2389
f 1180//1180 2389//2389 1620//1620
f 1775//1775 1256//1256 1782//1782
f 1775//1775 1782//1782 2389//2389
f 2389//2389 1782//1782 1253//1253
f 2389//2389 1253//1253 1772//1772
f 1620//1620 2389//2389 1772//1772
f 1620//1620 1772//1772 1176//1176
f 1261//1261 1789//1789 2390//2390
f 1261//1261 2390//2390 1787//1787
f 1789//1789 1262//1262 1788//1788
f 1789//1789 1788//1788 2390//2390
f 2390//2390 1788//1788 1252//1252
f 2390//2390 1252//1252 1771//1771
f 1787//1787 2390//2390 1771//1771
f 1787//1787 1771//1771 1175//1175
f 1177//1177 1773//1773 2391//2391
f 1177//1177 2391//2391 1622//1622
f 1773//1773 1254//1254 1784//1784
f 1773//1773 1784//1784 2391//2391
f 2391//2391 1784//1784 1457//1457
f 2391//2391 1457//1457 1770//1770
f 1622//1622 2391//2391 1770//1770
f 1622//1622 1770//1770 1369//1369
f 1327//1327 1922//1922 2392//2392
f 1327//1327 2392//2392 1918//1918
f 1922//1922 1328//1328 1919//1919
f 1922//1922 1919//1919 2392//2392
f 2392//2392 1919//1919 1262//1262
f 2392//2392 1262//1262 1789//1789
f 1918//1918 2392//2392 1789//1789
f 1918//1918 1789//1789 1261//1261
f 1326//1326 1921//1921 2393//2393
f 1326//1326 2393//2393 1917//1917
f 1921//1921 1325//1325 1916//1916
f 1921//1921 1916//1916 2393//2393
f 2393//2393 1916//1916 1259//1259
f 2393//2393 1259//1259 1790//1790
f 1917//1917 2393//2393 1790//1790
f 1917//1917 1790//1790 1260//1260
f 1328//1328 1920//1920 2394//2394
f 1328//1328 2394//2394 1919//1919
f 1920//1920 1326//1326 1917//1917
f 1920//1920 1917//1917 2394//2394
f 2394//2394 1917//1917 1260//1260
f 2394//2394 1260//1260 1791//1791
f 1919//1919 2394//2394 1791//1791
f 1919//1919 1791//1791 1262//1262
f 1323//1323 1915//1915 2395//2395
f 1323//1323 2395//2395 1911//1911
f 1915//1915 1324//1324 1912//1912
f 1915//1915 1912//1912 2395//2395
f 2395//2395 1912//1912 1266//1266
f 2395//2395 1266//1266 1796//1796
f 1911//1911 2395//2395 1796//1796
f 1911//1911 1796//1796 1265//1265
f 1322//1322 1914//1914 2396//2396
f 1322//1322 2396//2396 1910//1910
f 1914//1914 1323//1323 1911//1911
f 1914//1914 1911//1911 2396//2396
f 2396//2396 1911//1911 1265//1265
f 2396//2396 1265//1265 1797//1797
f 1910//1910 2396//2396 1797//1797
f 1910//1910 1797//1797 1264//1264
f 1324//1324 1913//1913 2397//2397
f 1324//1324 2397//2397 1912//1912
f 1913//1913 1321//1321 1909//1909
f 1913//1913 1909//1909 2397//2397
f 2397//2397 1909//1909 1263//1263
f 2397//2397 1263//1263 1798//1798
f 1912//1912 2397//2397 1798//1798
f 1912//1912 1798//1798 1266//1266
f 1319//1319 1908//1908 2398//2398
f 1319//1319 2398//2398 1904//1904
f 1908//1908 1320//1320 1905//1905
f 1908//1908 1905//1905 2398//2398
f 2398//2398 1905//1905 1270//1270
f 2398//2398 1270//1270 1803//1803
f 1904//1904 2398//2398 1803//1803
f 1904//1904 1803//1803 1269//1269
f 1317//1317 1907//1907 2399//2399
f 1317//1317 2399//2399 1902//1902
f 1907//1907 1319//1319 1904//1904
f 1907//1907 1904//1904 2399//2399
f 2399//2399 1904//1904 1269//1269
f 2399//2399 1269//1269 1804//1804
f 1902//1902 2399//2399 1804//1804
f 1902//1902 1804//1804 1267//1267
f 1320//1320 1906//1906 2400//2400
f 1320//1320 2400//2400 1905//1905
f 1906//1906 1318//1318 1903//1903
f 1906//1906 1903//1903 2400//2400
f 2400//2400 1903//1903 1268//1268
f 2400//2400 1268//1268 1805//1805
f 1905//1905 2400//2400 1805//1805
f 1905//1905 1805//1805 1270//1270
f 1313//1313 1901//1901 2401//2401
f 1313//1313 2401//2401 1894//1894
f 1901//1901 1315//1315 1896//1896
f 1901//1901 1896//1896 2401//2401
f 2401//2401 1896//1896 1275//1275
f 2401//2401 1275//1275 1811//1811
f 1894//1894 2401//2401 1811//1811
f 1894//1894 1811//1811 1273//1273
f 1315//1315 1900//1900 2402//2402
f 1315//1315 2402//2402 1896//1896
f 1900//1900 1314//1314 1895//1895
f 1900//1900 1895//1895 2402//2402
f 2402//2402 1895//1895 1274//1274
f 2402//2402 1274//1274 1812//1812
f 1896//1896 2402//2402 1812//1812
f 1896//1896 1812//1812 1275//1275
f 1312//1312 1899//1899 2403//2403
f 1312//1312 2403//2403 1893//1893
f 1899//1899 1313//1313 1894//1894
f 1899//1899 1894//1894 2403//2403
f 2403//2403 1894//1894 1273//1273
f 2403//2403 1273//1273 1813//1813
f 1893//1893 2403//2403 1813//1813
f 1893//1893 1813//1813 1272//1272
f 1316//1316 1898//1898 2404//2404
f 1316//1316 2404//2404 1806//1806
f 1898//1898 1312//1312 1893//1893
f 1898//1898 1893//1893 2404//2404
f 2404//2404 1893//1893 1272//1272
f 2404//2404 1272//1272 1814//1814
f 1806//1806 2404//2404 1814//1814
f 1806//1806 1814//1814 1271//1271
f 1284//1284 1818//1818 2405//2405
f 1284//1284 2405//2405 1840//1840
f 1818//1818 1278//1278 1822//1822
f 1818//1818 1822//1822 2405//2405
f 2405//2405 1822//1822 1482//1482
f 2405//2405 1482//1482 1815//1815
f 1840//1840 2405//2405 1815//1815
f 1840//1840 1815//1815 1489//1489
f 1286//1286 1820//1820 2406//2406
f 1286//1286 2406//2406 1839//1839
f 1820//1820 1280//1280 1823//1823
f 1820//1820 1823//1823 2406//2406
f 2406//2406 1823//1823 1277//1277
f 2406//2406 1277//1277 1817//1817
f 1839//1839 2406//2406 1817//1817
f 1839//1839 1817//1817 1283//1283
f 1283//1283 1817//1817 2407//2407
f 1283//1283 2407//2407 1838//1838
f 1817//1817 1277//1277 1824//1824
f 1817//1817 1824//1824 2407//2407
f 2407//2407 1824//1824 1278//1278
f 2407//2407 1278//1278 1818//1818
f 1838//1838 2407//2407 1818//1818
f 1838//1838 1818//1818 1284//1284
f 1287//1287 1821//1821 2408//2408
f 1287//1287 2408//2408 1837//1837
f 1821//1821 1281//1281 1825//1825
f 1821//1821 1825//1825 2408//2408
f 2408//2408 1825//1825 1279//1279
f 2408//2408 1279//1279 1819//1819
f 1837//1837 2408//2408 1819//1819
f 1837//1837 1819//1819 1285//1285
f 1285//1285 1819//1819 2409//2409
f 1285//1285 2409//2409 1836//1836
f 1819//1819 1279//1279 1826//1826
f 1819//1819 1826//1826 2409//2409
f 2409//2409 1826//1826 1280//1280
f 2409//2409 1280//1280 1820//1820
f 1836//1836 2409//2409 1820//1820
f 1836//1836 1820//1820 1286//1286
f 1282//1282 1816//1816 2410//2410
f 1282//1282 2410//2410 1835//1835
f 1816//1816 1276//1276 1827//1827
f 1816//1816 1827//1827 2410//2410
f 2410//2410 1827//1827 1281//1281
f 2410//2410 1281//1281 1821//1821
f 1835//1835 2410//2410 1821//1821
f 1835//1835 1821//1821 1287//1287
f 1196//1196 1829//1829 2411//2411
f 1196//1196 2411//2411 1665//1665
f 1829//1829 1282//1282 1835//1835
f 1829//1829 1835//1835 2411//2411
f 2411//2411 1835//1835 1287//1287
f 2411//2411 1287//1287 1834//1834
f 1665//1665 2411//2411 1834//1834
f 1665//1665 1834//1834 1201//1201
f 1199//1199 1832//1832 2412//2412
f 1199//1199 2412//2412 1664//1664
f 1832//1832 1285//1285 1836//1836
f 1832//1832 1836//1836 2412//2412
f 2412//2412 1836//1836 1286//1286
f 2412//2412 1286//1286 1833//1833
f 1664//1664 2412//2412 1833//1833
f 1664//1664 1833//1833 1200//1200
f 1201//1201 1834//1834 2413//2413
f 1201//1201 2413//2413 1663//1663
f 1834//1834 1287//1287 1837//1837
f 1834//1834 1837//1837 2413//2413
f 2413//2413 1837//1837 1285//1285
f 2413//2413 1285//1285 1832//1832
f 1663//1663 2413//2413 1832//1832
f 1663//1663 1832//1832 1199//1199
f 1197//1197 1830//1830 2414//2414
f 1197//1197 2414//2414 1662//1662
f 1830//1830 1283//1283 1838//1838
f 1830//1830 1838//1838 2414//2414
f 2414//2414 1838//1838 1284//1284
f 2414//2414 1284//1284 1831//1831
f 1662//1662 2414//2414 1831//1831
f 1662//1662 1831//1831 1198//1198
f 1200//1200 1833//1833 2415//2415
f 1200//1200 2415//2415 1661//1661
f 1833//1833 1286//1286 1839//1839
f 1833//1833 1839//1839 2415//2415
f 2415//2415 1839//1839 1283//1283
f 2415//2415 1283//1283 1830//1830
f 1661//1661 2415//2415 1830//1830
f 1661//1661 1830//1830 1197//1197
f 1198//1198 1831//1831 2416//2416
f 1198//1198 2416//2416 1659//1659
f 1831//1831 1284//1284 1840//1840
f 1831//1831 1840//1840 2416//2416
f 2416//2416 1840//1840 1489//1489
f 2416//2416 1489//1489 1828//1828
f 1659//1659 2416//2416 1828//1828
f 1659//1659 1828//1828 1393//1393
f 1296//1296 1844//1844 2417//2417
f 1296//1296 2417//2417 1866//1866
f 1844//1844 1290//1290 1848//1848
f 1844//1844 1848//1848 2417//2417
f 2417//2417 1848//1848 1496//1496
f 2417//2417 1496//1496 1841//1841
f 1866//1866 2417//2417 1841//1841
f 1866//1866 1841//1841 1503//1503
f 1298//1298 1846//1846 2418//2418
f 1298//1298 2418//2418 1865//1865
f 1846//1846 1292//1292 1849//1849
f 1846//1846 1849//1849 2418//2418
f 2418//2418 1849//1849 1289//1289
f 2418//2418 1289//1289 1843//1843
f 1865//1865 2418//2418 1843//1843
f 1865//1865 1843//1843 1295//1295
f 1295//1295 1843//1843 2419//2419
f 1295//1295 2419//2419 1864//1864
f 1843//1843 1289//1289 1850//1850
f 1843//1843 1850//1850 2419//2419
f 2419//2419 1850//1850 1290//1290
f 2419//2419 1290//1290 1844//1844
f 1864//1864 2419//2419 1844//1844
f 1864//1864 1844//1844 1296//1296
f 1299//1299 1847//1847 2420//2420
f 1299//1299 2420//2420 1863//1863
f 1847//1847 1293//1293 1851//1851
f 1847//1847 1851//1851 2420//2420
f 2420//2420 1851//1851 1291//1291
f 2420//2420 1291//1291 1845//1845
f 1863//1863 2420//2420 1845//1845
f 1863//1863 1845//1845 1297//1297
f 1297//1297 1845//1845 2421//2421
f 1297//1297 2421//2421 1862//1862
f 1845//1845 1291//1291 1852//1852
f 1845//1845 1852//1852 2421//2421
f 2421//2421 1852//1852 1292//1292
f 2421//2421 1292//1292 1846//1846
f 1862//1862 2421//2421 1846//1846
f 1862//1862 1846//1846 1298//1298
f 1294//1294 1842//1842 2422//2422
f 1294//1294 2422//2422 1861//1861
f 1842//1842 1288//1288 1853//1853
f 1842//1842 1853//1853 2422//2422
f 2422//2422 1853//1853 1293//1293
f 2422//2422 1293//1293 1847//1847
f 1861//1861 2422//2422 1847//1847
f 1861//1861 1847//1847 1299//1299
f 1211//1211 1855//1855 2423//2423
f 1211//1211 2423//2423 1694//1694
f 1855//1855 1294//1294 1861//1861
f 1855//1855 1861//1861 2423//2423
f 2423//2423 1861//1861 1299//1299
f 2423//2423 1299//1299 1860//1860
f 1694//1694 2423//2423 1860//1860
f 1694//1694 1860//1860 1216//1216
f 1214//1214 1858//1858 2424//2424
f 1214//1214 2424//2424 1693//1693
f 1858//1858 1297//1297 1862//1862
f 1858//1858 1862//1862 2424//2424
f 2424//2424 1862//1862 1298//1298
f 2424//2424 1298//1298 1859//1859
f 1693//1693 2424//2424 1859//1859
f 1693//1693 1859//1859 1215//1215
f 1216//1216 1860//1860 2425//2425
f 1216//1216 2425//2425 1692//1692
f 1860//1860 1299//1299 1863//1863
f 1860//1860 1863//1863 2425//2425
f 2425//2425 1863//1863 1297//1297
f 2425//2425 1297//1297 1858//1858
f 1692//1692 2425//2425 1858//1858
f 1692//1692 1858//1858 1214//1214
f 1212//1212 1856//1856 2426//2426
f 1212//1212 2426//2426 1691//1691
f 1856//1856 1295//1295 1864//1864
f 1856//1856 1864//1864 2426//2426
f 2426//2426 1864//1864 1296//1296
f 2426//2426 1296//1296 1857//1857
f 1691//1691 2426//2426 1857//1857
f 1691//1691 1857//1857 1213//1213
f 1215//1215 1859//1859 2427//2427
f 1215//1215 2427//2427 1690//1690
f 1859//1859 1298//1298 1865//1865
f 1859//1859 1865//1865 2427//2427
f 2427//2427 1865//1865 1295//1295
f 2427//2427 1295//1295 1856//1856
f 1690//1690 2427//2427 1856//1856
f 1690//1690 1856//1856 1212//1212
f 1213//1213 1857//1857 2428//2428
f 1213//1213 2428//2428 1688//1688
f 1857//1857 1296//1296 1866//1866
f 1857//1857 1866//1866 2428//2428
f 2428//2428 1866//1866 1503//1503
f 2428//2428 1503//1503 1854//1854
f 1688//1688 2428//2428 1854//1854
f 1688//1688 1854//1854 1410//1410
f 1306//1306 1868//1868 2429//2429
f 1306//1306 2429//2429 1892//1892
f 1868//1868 1300//1300 1874//1874
f 1868//1868 1874//1874 2429//2429
f 2429//2429 1874//1874 1305//1305
f 2429//2429 1305//1305 1873//1873
f 1892//1892 2429//2429 1873//1873
f 1892//1892 1873//1873 1311//1311
f 1309//1309 1871//1871 2430//2430
f 1309//1309 2430//2430 1891//1891
f 1871//1871 1303//1303 1875//1875
f 1871//1871 1875//1875 2430//2430
f 2430//2430 1875//1875 1304//1304
f 2430//2430 1304//1304 1872//1872
f 1891//1891 2430//2430 1872//1872
f 1891//1891 1872//1872 1310//1310
f 1311//1311 1873//1873 2431//2431
f 1311//1311 2431//2431 1890//1890
f 1873//1873 1305//1305 1876//1876
f 1873//1873 1876//1876 2431//2431
f 2431//2431 1876//1876 1303//1303
f 2431//2431 1303//1303 1871//1871
f 1890//1890 2431//2431 1871//1871
f 1890//1890 1871//1871 1309//1309
f 1307//1307 1869//1869 2432//2432
f 1307//1307 2432//2432 1889//1889
f 1869//1869 1301//1301 1877//1877
f 1869//1869 1877//1877 2432//2432
f 2432//2432 1877//1877 1302//1302
f 2432//2432 1302//1302 1870//1870
f 1889//1889 2432//2432 1870//1870
f 1889//1889 1870//1870 1308//1308
f 1310//1310 1872//1872 2433//2433
f 1310//1310 2433//2433 1888//1888
f 1872//1872 1304//1304 1878//1878
f 1872//1872 1878//1878 2433//2433
f 2433//2433 1878//1878 1301//1301
f 2433//2433 1301//1301 1869//1869
f 1888//1888 2433//2433 1869//1869
f 1888//1888 1869//1869 1307//1307
f 1308//1308 1870//1870 2434//2434
f 1308//1308 2434//2434 1887//1887
f 1870//1870 1302//1302 1879//1879
f 1870//1870 1879//1879 2434//2434
f 2434//2434 1879//1879 1510//1510
f 2434//2434 1510//1510 1867//1867
f 1887//1887 2434//2434 1867//1867
f 1887//1887 1867//1867 1517//1517
f 1185//1185 1883//1883 2435//2435
f 1185//1185 2435//2435 1630//1630
f 1883//1883 1308//1308 1887//1887
f 1883//1883 1887//1887 2435//2435
f 2435//2435 1887//1887 1517//1517
f 2435//2435 1517//1517 1880//1880
f 1630//1630 2435//2435 1880//1880
f 1630//1630 1880//1880 1378//1378
f 1187//1187 1885//1885 2436//2436
f 1187//1187 2436//2436 1632//1632
f 1885//1885 1310//1310 1888//1888
f 1885//1885 1888//1888 2436//2436
f 2436//2436 1888//1888 1307//1307
f 2436//2436 1307//1307 1882//1882
f 1632//1632 2436//2436 1882//1882
f 1632//1632 1882//1882 1184//1184
f 1184//1184 1882//1882 2437//2437
f 1184//1184 2437//2437 1633//1633
f 1882//1882 1307//1307 1889//1889
f 1882//1882 1889//1889 2437//2437
f 2437//2437 1889//1889 1308//1308
f 2437//2437 1308//1308 1883//1883
f 1633//1633 2437//2437 1883//1883
f 1633//1633 1883//1883 1185//1185
f 1188//1188 1886//1886 2438//2438
f 1188//1188 2438//2438 1634//1634
f 1886//1886 1311//1311 1890//1890
f 1886//1886 1890//1890 2438//2438
f 2438//2438 1890//1890 1309//1309
f 2438//2438 1309//1309 1884//1884
f 1634//1634 2438//2438 1884//1884
f 1634//1634 1884//1884 1186//1186
f 1186//1186 1884//1884 2439//2439
f 1186//1186 2439//2439 1635//1635
f 1884//1884 1309//1309 1891//1891
f 1884//1884 1891//1891 2439//2439
f 2439//2439 1891//1891 1310//1310
f 2439//2439 1310//1310 1885//1885
f 1635//1635 2439//2439 1885//1885
f 1635//1635 1885//1885 1187//1187
f 1183//1183 1881//1881 2440//2440
f 1183//1183 2440//2440 1636//1636
f 1881//1881 1306//1306 1892//1892
f 1881//1881 1892//1892 2440//2440
f 2440//2440 1892//1892 1311//1311
f 2440//2440 1311//1311 1886//1886
f 1636//1636 2440//2440 1886//1886
f 1636//1636 1886//1886 1188//1188
f 1140//1140 1541//1541 2441//2441
f 1140//1140 2441//2441 1897//1897
f 1541//1541 1146//1146 1556//1556
f 1541//1541 1556//1556 2441//2441
f 2441//2441 1556//1556 1312//1312
f 2441//2441 1312//1312 1898//1898
f 1897//1897 2441//2441 1898//1898
f 1897//1897 1898//1898 1316//1316
f 1146//1146 1553//1553 2442//2442
f 1146//1146 2442//2442 1556//1556
f 1553//1553 1157//1157 1579//1579
f 1553//1553 1579//1579 2442//2442
f 2442//2442 1579//1579 1313//1313
f 2442//2442 1313//1313 1899//1899
f 1556//1556 2442//2442 1899//1899
f 1556//1556 1899//1899 1312//1312
f 1217//1217 1695//1695 2443//2443
f 1217//1217 2443//2443 1708//1708
f 1695//1695 1182//1182 1631//1631
f 1695//1695 1631//1631 2443//2443
f 2443//2443 1631//1631 1314//1314
f 2443//2443 1314//1314 1900//1900
f 1708//1708 2443//2443 1900//1900
f 1708//1708 1900//1900 1315//1315
f 1157//1157 1574//1574 2444//2444
f 1157//1157 2444//2444 1579//1579
f 1574//1574 1217//1217 1708//1708
f 1574//1574 1708//1708 2444//2444
f 2444//2444 1708//1708 1315//1315
f 2444//2444 1315//1315 1901//1901
f 1579//1579 2444//2444 1901//1901
f 1579//1579 1901//1901 1313//1313
f 1237//1237 1732//1732 2445//2445
f 1237//1237 2445//2445 1738//1738
f 1732//1732 1210//1210 1689//1689
f 1732//1732 1689//1689 2445//2445
f 2445//2445 1689//1689 1318//1318
f 2445//2445 1318//1318 1906//1906
f 1738//1738 2445//2445 1906//1906
f 1738//1738 1906//1906 1320//1320
f 1195//1195 1644//1644 2446//2446
f 1195//1195 2446//2446 1646//1646
f 1644//1644 1224//1224 1723//1723
f 1644//1644 1723//1723 2446//2446
f 2446//2446 1723//1723 1319//1319
f 2446//2446 1319//1319 1907//1907
f 1646//1646 2446//2446 1907//1907
f 1646//1646 1907//1907 1317//1317
f 1224//1224 1710//1710 2447//2447
f 1224//1224 2447//2447 1723//1723
f 1710//1710 1237//1237 1738//1738
f 1710//1710 1738//1738 2447//2447
f 2447//2447 1738//1738 1320//1320
f 2447//2447 1320//1320 1908//1908
f 1723//1723 2447//2447 1908//1908
f 1723//1723 1908//1908 1319//1319
f 1251//1251 1762//1762 2448//2448
f 1251//1251 2448//2448 1768//1768
f 1762//1762 1202//1202 1660//1660
f 1762//1762 1660//1660 2448//2448
f 2448//2448 1660//1660 1321//1321
f 2448//2448 1321//1321 1913//1913
f 1768//1768 2448//2448 1913//1913
f 1768//1768 1913//1913 1324//1324
f 1203//1203 1666//1666 2449//2449
f 1203//1203 2449//2449 1679//1679
f 1666//1666 1244//1244 1753//1753
f 1666//1666 1753//1753 2449//2449
f 2449//2449 1753//1753 1323//1323
f 2449//2449 1323//1323 1914//1914
f 1679//1679 2449//2449 1914//1914
f 1679//1679 1914//1914 1322//1322
f 1244//1244 1747//1747 2450//2450
f 1244//1244 2450//2450 1753//1753
f 1747//1747 1251//1251 1768//1768
f 1747//1747 1768//1768 2450//2450
f 2450//2450 1768//1768 1324//1324
f 2450//2450 1324//1324 1915//1915
f 1753//1753 2450//2450 1915//1915
f 1753//1753 1915//1915 1323//1323
f 1258//1258 1777//1777 2451//2451
f 1258//1258 2451//2451 1783//1783
f 1777//1777 1142//1142 1547//1547
f 1777//1777 1547//1547 2451//2451
f 2451//2451 1547//1547 1326//1326
f 2451//2451 1326//1326 1920//1920
f 1783//1783 2451//2451 1920//1920
f 1783//1783 1920//1920 1328//1328
f 1142//1142 1545//1545 2452//2452
f 1142//1142 2452//2452 1547//1547
f 1545//1545 1141//1141 1542//1542
f 1545//1545 1542//1542 2452//2452
f 2452//2452 1542//1542 1325//1325
f 2452//2452 1325//1325 1921//1921
f 1547//1547 2452//2452 1921//1921
f 1547//1547 1921//1921 1326//1326
f 1178//1178 1612//1612 2453//2453
f 1178//1178 2453//2453 1621//1621
f 1612//1612 1258//1258 1783//1783
f 1612//1612 1783//1783 2453//2453
f 2453//2453 1783//1783 1328//1328
f 2453//2453 1328//1328 1922//1922
f 1621//1621 2453//2453 1922//1922
f 1621//1621 1922//1922 1327//1327
f 1345//1345 1941//1941 2454//2454
f 1345//1345 2454//2454 1950//1950
f 1941//1941 1334//1334 1544//1544
f 1941//1941 1544//1544 2454//2454
f 2454//2454 1544//1544 1332//1332
f 2454//2454 1332//1332 1939//1939
f 1950//1950 2454//2454 1939//1939
f 1950//1950 1939//1939 1343//1343
f 1460//1460 2150//2150 2455//2455
f 1460//1460 2455//2455 1948//1948
f 2150//2150 1457//1457 1546//1546
f 2150//2150 1546//1546 2455//2455
f 2455//2455 1546//1546 1334//1334
f 2455//2455 1334//1334 1941//1941
f 1948//1948 2455//2455 1941//1941
f 1948//1948 1941//1941 1345//1345
f 1468//1468 2154//2154 2456//2456
f 1468//1468 2456//2456 2157//2157
f 2154//2154 1458//1458 1931//1931
f 2154//2154 1931//1931 2456//2456
f 2456//2456 1931//1931 1337//1337
f 2456//2456 1337//1337 2152//2152
f 2157//2157 2456//2456 2152//2152
f 2157//2157 2152//2152 1466//1466
f 1466//1466 2152//2152 2457//2457
f 1466//1466 2457//2457 2156//2156
f 2152//2152 1337//1337 1932//1932
f 2152//2152 1932//1932 2457//2457
f 2457//2457 1932//1932 1335//1335
f 2457//2457 1335//1335 2151//2151
f 2156//2156 2457//2457 2151//2151
f 2156//2156 2151//2151 1465//1465
f 1477//1477 1929//1929 2458//2458
f 1477//1477 2458//2458 2180//2180
f 1929//1929 1336//1336 1934//1934
f 1929//1929 1934//1934 2458//2458
f 2458//2458 1934//1934 1340//1340
f 2458//2458 1340//1340 2173//2173
f 2180//2180 2458//2458 2173//2173
f 2180//2180 2173//2173 1478//1478
f 1342//1342 1925//1925 2459//2459
f 1342//1342 2459//2459 1946//1946
f 1925//1925 1331//1331 1554//1554
f 1925//1925 1554//1554 2459//2459
f 2459//2459 1554//1554 1339//1339
f 2459//2459 1339//1339 1943//1943
f 1946//1946 2459//2459 1943//1943
f 1946//1946 1943//1943 1347//1347
f 1359//1359 1937//1937 2460//2460
f 1359//1359 2460//2460 1976//1976
f 1937//1937 1341//1341 1945//1945
f 1937//1937 1945//1945 2460//2460
f 2460//2460 1945//1945 1348//1348
f 2460//2460 1348//1348 1971//1971
f 1976//1976 2460//2460 1971//1971
f 1976//1976 1971//1971 1362//1362
f 1341//1341 1938//1938 2461//2461
f 1341//1341 2461//2461 1945//1945
f 1938//1938 1342//1342 1946//1946
f 1938//1938 1946//1946 2461//2461
f 2461//2461 1946//1946 1347//1347
f 2461//2461 1347//1347 1944//1944
f 1945//1945 2461//2461 1944//1944
f 1945//1945 1944//1944 1348//1348
f 1462//1462 2148//2148 2462//2462
f 1462//1462 2462//2462 1975//1975
f 2148//2148 1459//1459 1947//1947
f 2148//2148 1947//1947 2462//2462
f 2462//2462 1947//1947 1346//1346
f 2462//2462 1346//1346 1970//1970
f 1975//1975 2462//2462 1970//1970
f 1975//1975 1970//1970 1361//1361
f 1459//1459 2147//2147 2463//2463
f 1459//1459 2463//2463 1947//1947
f 2147//2147 1460//1460 1948//1948
f 2147//2147 1948//1948 2463//2463
f 2463//2463 1948//1948 1345//1345
f 2463//2463 1345//1345 1942//1942
f 1947//1947 2463//2463 1942//1942
f 1947//1947 1942//1942 1346//1346
f 1361//1361 1970//1970 2464//2464
f 1361//1361 2464//2464 1974//1974
f 1970//1970 1346//1346 1949//1949
f 1970//1970 1949//1949 2464//2464
f 2464//2464 1949//1949 1344//1344
f 2464//2464 1344//1344 1969//1969
f 1974//1974 2464//2464 1969//1969
f 1974//1974 1969//1969 1360//1360
f 1346//1346 1942//1942 2465//2465
f 1346//1346 2465//2465 1949//1949
f 1942//1942 1345//1345 1950//1950
f 1942//1942 1950//1950 2465//2465
f 2465//2465 1950//1950 1343//1343
f 2465//2465 1343//1343 1940//1940
f 1949//1949 2465//2465 1940//1940
f 1949//1949 1940//1940 1344//1344
f 1348//1348 1944//1944 2466//2466
f 1348//1348 2466//2466 1953//1953
f 1944//1944 1347//1347 1954//1954
f 1944//1944 1954//1954 2466//2466
f 2466//2466 1954//1954 1353//1353
f 2466//2466 1353//1353 1955//1955
f 1953//1953 2466//2466 1955//1955
f 1953//1953 1955//1955 1352//1352
f 1362//1362 1971//1971 2467//2467
f 1362//1362 2467//2467 1973//1973
f 1971//1971 1348//1348 1953//1953
f 1971//1971 1953//1953 2467//2467
f 2467//2467 1953//1953 1352//1352
f 2467//2467 1352//1352 1972//1972
f 1973//1973 2467//2467 1972//1972
f 1973//1973 1972//1972 1363//1363
f 1478//1478 2173//2173 2468//2468
f 1478//1478 2468//2468 2179//2179
f 2173//2173 1340//1340 1951//1951
f 2173//2173 1951//1951 2468//2468
f 2468//2468 1951//1951 1350//1350
f 2468//2468 1350//1350 2174//2174
f 2179//2179 2468//2468 2174//2174
f 2179//2179 2174//2174 1479//1479
f 1347//1347 1943//1943 2469//2469
f 1347//1347 2469//2469 1954//1954
f 1943//1943 1339//1339 1572//1572
f 1943//1943 1572//1572 2469//2469
f 2469//2469 1572//1572 1349//1349
f 2469//2469 1349//1349 1958//1958
f 1954//1954 2469//2469 1958//1958
f 1954//1954 1958//1958 1353//1353
f 1366//1366 1979//1979 2470//2470
f 1366//1366 2470//2470 1985//1985
f 1979//1979 1356//1356 1964//1964
f 1979//1979 1964//1964 2470//2470
f 2470//2470 1964//1964 1358//1358
f 2470//2470 1358//1358 1980//1980
f 1985//1985 2470//2470 1980//1980
f 1985//1985 1980//1980 1367//1367
f 1365//1365 1978//1978 2471//2471
f 1365//1365 2471//2471 1984//1984
f 1978//1978 1355//1355 1965//1965
f 1978//1978 1965//1965 2471//2471
f 2471//2471 1965//1965 1354//1354
f 2471//2471 1354//1354 1977//1977
f 1984//1984 2471//2471 1977//1977
f 1984//1984 1977//1977 1364//1364
f 1463//1463 2146//2146 2472//2472
f 1463//1463 2472//2472 1983//1983
f 2146//2146 1461//1461 1966//1966
f 2146//2146 1966//1966 2472//2472
f 2472//2472 1966//1966 1355//1355
f 2472//2472 1355//1355 1978//1978
f 1983//1983 2472//2472 1978//1978
f 1983//1983 1978//1978 1365//1365
f 1368//1368 1962//1962 2473//2473
f 1368//1368 2473//2473 1982//1982
f 1962//1962 1357//1357 1967//1967
f 1962//1962 1967//1967 2473//2473
f 2473//2473 1967//1967 1356//1356
f 2473//2473 1356//1356 1979//1979
f 1982//1982 2473//2473 1979//1979
f 1982//1982 1979//1979 1366//1366
f 1356//1356 1961//1961 2474//2474
f 1356//1356 2474//2474 1964//1964
f 1961//1961 1362//1362 1973//1973
f 1961//1961 1973//1973 2474//2474
f 2474//2474 1973//1973 1363//1363
f 2474//2474 1363//1363 1963//1963
f 1964//1964 2474//2474 1963//1963
f 1964//1964 1963//1963 1358//1358
f 1355//1355 1960//1960 2475//2475
f 1355//1355 2475//2475 1965//1965
f 1960//1960 1361//1361 1974//1974
f 1960//1960 1974//1974 2475//2475
f 2475//2475 1974//1974 1360//1360
f 2475//2475 1360//1360 1959//1959
f 1965//1965 2475//2475 1959//1959
f 1965//1965 1959//1959 1354//1354
f 1461//1461 2145//2145 2476//2476
f 1461//1461 2476//2476 1966//1966
f 2145//2145 1462//1462 1975//1975
f 2145//2145 1975//1975 2476//2476
f 2476//2476 1975//1975 1361//1361
f 2476//2476 1361//1361 1960//1960
f 1966//1966 2476//2476 1960//1960
f 1966//1966 1960//1960 1355//1355
f 1357//1357 1968//1968 2477//2477
f 1357//1357 2477//2477 1967//1967
f 1968//1968 1359//1359 1976//1976
f 1968//1968 1976//1976 2477//2477
f 2477//2477 1976//1976 1362//1362
f 2477//2477 1362//1362 1961//1961
f 1967//1967 2477//2477 1961//1961
f 1967//1967 1961//1961 1356//1356
f 1336//1336 1981//1981 2478//2478
f 1336//1336 2478//2478 1934//1934
f 1981//1981 1368//1368 1982//1982
f 1981//1981 1982//1982 2478//2478
f 2478//2478 1982//1982 1366//1366
f 2478//2478 1366//1366 1936//1936
f 1934//1934 2478//2478 1936//1936
f 1934//1934 1936//1936 1340//1340
f 1458//1458 2144//2144 2479//2479
f 1458//1458 2479//2479 1931//1931
f 2144//2144 1463//1463 1983//1983
f 2144//2144 1983//1983 2479//2479
f 2479//2479 1983//1983 1365//1365
f 2479//2479 1365//1365 1930//1930
f 1931//1931 2479//2479 1930//1930
f 1931//1931 1930//1930 1337//1337
f 1337//1337 1930//1930 2480//2480
f 1337//1337 2480//2480 1932//1932
f 1930//1930 1365//1365 1984//1984
f 1930//1930 1984//1984 2480//2480
f 2480//2480 1984//1984 1364//1364
f 2480//2480 1364//1364 1928//1928
f 1932//1932 2480//2480 1928//1928
f 1932//1932 1928//1928 1335//1335
f 1340//1340 1936//1936 2481//2481
f 1340//1340 2481//2481 1951//1951
f 1936//1936 1366//1366 1985//1985
f 1936//1936 1985//1985 2481//2481
f 2481//2481 1985//1985 1367//1367
f 2481//2481 1367//1367 1956//1956
f 1951//1951 2481//2481 1956//1956
f 1951//1951 1956//1956 1350//1350
f 1483//1483 2192//2192 2482//2482
f 1483//1483 2482//2482 1986//1986
f 2192//2192 1488//1488 1992//1992
f 2192//2192 1992//1992 2482//2482
f 2482//2482 1992//1992 1376//1376
f 2482//2482 1376//1376 1993//1993
f 1986//1986 2482//2482 1993//1993
f 1986//1986 1993//1993 1370//1370
f 1486//1486 2191//2191 2483//2483
f 1486//1486 2483//2483 1990//1990
f 2191//2191 1487//1487 1991//1991
f 2191//2191 1991//1991 2483//2483
f 2483//2483 1991//1991 1375//1375
f 2483//2483 1375//1375 1994//1994
f 1990//1990 2483//2483 1994//1994
f 1990//1990 1994//1994 1374//1374
f 1488//1488 2190//2190 2484//2484
f 1488//1488 2484//2484 1992//1992
f 2190//2190 1486//1486 1990//1990
f 2190//2190 1990//1990 2484//2484
f 2484//2484 1990//1990 1374//1374
f 2484//2484 1374//1374 1995//1995
f 1992//1992 2484//2484 1995//1995
f 1992//1992 1995//1995 1376//1376
f 1484//1484 2189//2189 2485//2485
f 1484//1484 2485//2485 1987//1987
f 2189//2189 1485//1485 1988//1988
f 2189//2189 1988//1988 2485//2485
f 2485//2485 1988//1988 1372//1372
f 2485//2485 1372//1372 1996//1996
f 1987//1987 2485//2485 1996//1996
f 1987//1987 1996//1996 1371//1371
f 1487//1487 2188//2188 2486//2486
f 1487//1487 2486//2486 1991//1991
f 2188//2188 1484//1484 1987//1987
f 2188//2188 1987//1987 2486//2486
f 2486//2486 1987//1987 1371//1371
f 2486//2486 1371//1371 1997//1997
f 1991//1991 2486//2486 1997//1997
f 1991//1991 1997//1997 1375//1375
f 1485//1485 2187//2187 2487//2487
f 1485//1485 2487//2487 1988//1988
f 2187//2187 1482//1482 1608//1608
f 2187//2187 1608//1608 2487//2487
f 2487//2487 1608//1608 1369//1369
f 2487//2487 1369//1369 1999//1999
f 1988//1988 2487//2487 1999//1999
f 1988//1988 1999//1999 1372//1372
f 1421//1421 2080//2080 2488//2488
f 1421//1421 2488//2488 2002//2002
f 2080//2080 1418//1418 1623//1623
f 2080//2080 1623//1623 2488//2488
f 2488//2488 1623//1623 1378//1378
f 2488//2488 1378//1378 2006//2006
f 2002//2002 2488//2488 2006//2006
f 2002//2002 2006//2006 1381//1381
f 1481//1481 2176//2176 2489//2489
f 1481//1481 2489//2489 2178//2178
f 2176//2176 1419//1419 2000//2000
f 2176//2176 2000//2000 2489//2489
f 2489//2489 2000//2000 1379//1379
f 2489//2489 1379//1379 2175//2175
f 2178//2178 2489//2489 2175//2175
f 2178//2178 2175//2175 1480//1480
f 1423//1423 2078//2078 2490//2490
f 1423//1423 2490//2490 2004//2004
f 2078//2078 1420//1420 2001//2001
f 2078//2078 2001//2001 2490//2490
f 2490//2490 2001//2001 1380//1380
f 2490//2490 1380//1380 2008//2008
f 2004//2004 2490//2490 2008//2008
f 2004//2004 2008//2008 1383//1383
f 1420//1420 2077//2077 2491//2491
f 1420//1420 2491//2491 2001//2001
f 2077//2077 1421//1421 2002//2002
f 2077//2077 2002//2002 2491//2491
f 2491//2491 2002//2002 1381//1381
f 2491//2491 1381//1381 2009//2009
f 2001//2001 2491//2491 2009//2009
f 2001//2001 2009//2009 1380//1380
f 1424//1424 2076//2076 2492//2492
f 1424//1424 2492//2492 2005//2005
f 2076//2076 1422//1422 2003//2003
f 2076//2076 2003//2003 2492//2492
f 2492//2492 2003//2003 1382//1382
f 2492//2492 1382//1382 2010//2010
f 2005//2005 2492//2492 2010//2010
f 2005//2005 2010//2010 1384//1384
f 1422//1422 2075//2075 2493//2493
f 1422//1422 2493//2493 2003//2003
f 2075//2075 1423//1423 2004//2004
f 2075//2075 2004//2004 2493//2493
f 2493//2493 2004//2004 1383//1383
f 2493//2493 1383//1383 2011//2011
f 2003//2003 2493//2493 2011//2011
f 2003//2003 2011//2011 1382//1382
f 1419//1419 2074//2074 2494//2494
f 1419//1419 2494//2494 2000//2000
f 2074//2074 1424//1424 2005//2005
f 2074//2074 2005//2005 2494//2494
f 2494//2494 2005//2005 1384//1384
f 2494//2494 1384//1384 2012//2012
f 2000//2000 2494//2494 2012//2012
f 2000//2000 2012//2012 1379//1379
f 1513//1513 2240//2240 2495//2495
f 1513//1513 2495//2495 2015//2015
f 2240//2240 1510//1510 1637//1637
f 2240//2240 1637//1637 2495//2495
f 2495//2495 1637//1637 1385//1385
f 2495//2495 1385//1385 2020//2020
f 2015//2015 2495//2495 2020//2020
f 2015//2015 2020//2020 1388//1388
f 1515//1515 2239//2239 2496//2496
f 1515//1515 2496//2496 2017//2017
f 2239//2239 1512//1512 2014//2014
f 2239//2239 2014//2014 2496//2496
f 2496//2496 2014//2014 1387//1387
f 2496//2496 1387//1387 2022//2022
f 2017//2017 2496//2496 2022//2022
f 2017//2017 2022//2022 1390//1390
f 1512//1512 2238//2238 2497//2497
f 1512//1512 2497//2497 2014//2014
f 2238//2238 1513//1513 2015//2015
f 2238//2238 2015//2015 2497//2497
f 2497//2497 2015//2015 1388//1388
f 2497//2497 1388//1388 2023//2023
f 2014//2014 2497//2497 2023//2023
f 2014//2014 2023//2023 1387//1387
f 1516//1516 2237//2237 2498//2498
f 1516//1516 2498//2498 2018//2018
f 2237//2237 1514//1514 2016//2016
f 2237//2237 2016//2016 2498//2498
f 2498//2498 2016//2016 1389//1389
f 2498//2498 1389//1389 2024//2024
f 2018//2018 2498//2498 2024//2024
f 2018//2018 2024//2024 1391//1391
f 1514//1514 2236//2236 2499//2499
f 1514//1514 2499//2499 2016//2016
f 2236//2236 1515//1515 2017//2017
f 2236//2236 2017//2017 2499//2499
f 2499//2499 2017//2017 1390//1390
f 2499//2499 1390//1390 2025//2025
f 2016//2016 2499//2499 2025//2025
f 2016//2016 2025//2025 1389//1389
f 1511//1511 2235//2235 2500//2500
f 1511//1511 2500//2500 2013//2013
f 2235//2235 1516//1516 2018//2018
f 2235//2235 2018//2018 2500//2500
f 2500//2500 2018//2018 1391//1391
f 2500//2500 1391//1391 2026//2026
f 2013//2013 2500//2500 2026//2026
f 2013//2013 2026//2026 1386//1386
f 1452//1452 2136//2136 2501//2501
f 1452//1452 2501//2501 2029//2029
f 2136//2136 1449//1449 1652//1652
f 2136//2136 1652//1652 2501//2501
f 2501//2501 1652//1652 1393//1393
f 2501//2501 1393//1393 2033//2033
f 2029//2029 2501//2501 2033//2033
f 2029//2029 2033//2033 1396//1396
f 1472//1472 2161//2161 2502//2502
f 1472//1472 2502//2502 2164//2164
f 2161//2161 1450//1450 2027//2027
f 2161//2161 2027//2027 2502//2502
f 2502//2502 2027//2027 1394//1394
f 2502//2502 1394//1394 2158//2158
f 2164//2164 2502//2502 2158//2158
f 2164//2164 2158//2158 1469//1469
f 1454//1454 2134//2134 2503//2503
f 1454//1454 2503//2503 2031//2031
f 2134//2134 1451//1451 2028//2028
f 2134//2134 2028//2028 2503//2503
f 2503//2503 2028//2028 1395//1395
f 2503//2503 1395//1395 2035//2035
f 2031//2031 2503//2503 2035//2035
f 2031//2031 2035//2035 1398//1398
f 1451//1451 2133//2133 2504//2504
f 1451//1451 2504//2504 2028//2028
f 2133//2133 1452//1452 2029//2029
f 2133//2133 2029//2029 2504//2504
f 2504//2504 2029//2029 1396//1396
f 2504//2504 1396//1396 2036//2036
f 2028//2028 2504//2504 2036//2036
f 2028//2028 2036//2036 1395//1395
f 1455//1455 2132//2132 2505//2505
f 1455//1455 2505//2505 2032//2032
f 2132//2132 1453//1453 2030//2030
f 2132//2132 2030//2030 2505//2505
f 2505//2505 2030//2030 1397//1397
f 2505//2505 1397//1397 2037//2037
f 2032//2032 2505//2505 2037//2037
f 2032//2032 2037//2037 1399//1399
f 1453//1453 2131//2131 2506//2506
f 1453//1453 2506//2506 2030//2030
f 2131//2131 1454//1454 2031//2031
f 2131//2131 2031//2031 2506//2506
f 2506//2506 2031//2031 1398//1398
f 2506//2506 1398//1398 2038//2038
f 2030//2030 2506//2506 2038//2038
f 2030//2030 2038//2038 1397//1397
f 1450//1450 2130//2130 2507//2507
f 1450//1450 2507//2507 2027//2027
f 2130//2130 1455//1455 2032//2032
f 2130//2130 2032//2032 2507//2507
f 2507//2507 2032//2032 1399//1399
f 2507//2507 1399//1399 2039//2039
f 2027//2027 2507//2507 2039//2039
f 2027//2027 2039//2039 1394//1394
f 1497//1497 2216//2216 2508//2508
f 1497//1497 2508//2508 2041//2041
f 2216//2216 1502//1502 2046//2046
f 2216//2216 2046//2046 2508//2508
f 2508//2508 2046//2046 1408//1408
f 2508//2508 1408//1408 2047//2047
f 2041//2041 2508//2508 2047//2047
f 2041//2041 2047//2047 1403//1403
f 1500//1500 2215//2215 2509//2509
f 1500//1500 2509//2509 2044//2044
f 2215//2215 1501//1501 2045//2045
f 2215//2215 2045//2045 2509//2509
f 2509//2509 2045//2045 1407//1407
f 2509//2509 1407//1407 2048//2048
f 2044//2044 2509//2509 2048//2048
f 2044//2044 2048//2048 1406//1406
f 1502//1502 2214//2214 2510//2510
f 1502//1502 2510//2510 2046//2046
f 2214//2214 1500//1500 2044//2044
f 2214//2214 2044//2044 2510//2510
f 2510//2510 2044//2044 1406//1406
f 2510//2510 1406//1406 2049//2049
f 2046//2046 2510//2510 2049//2049
f 2046//2046 2049//2049 1408//1408
f 1498//1498 2213//2213 2511//2511
f 1498//1498 2511//2511 2042//2042
f 2213//2213 1499//1499 2043//2043
f 2213//2213 2043//2043 2511//2511
f 2511//2511 2043//2043 1405//1405
f 2511//2511 1405//1405 2050//2050
f 2042//2042 2511//2511 2050//2050
f 2042//2042 2050//2050 1404//1404
f 1501//1501 2212//2212 2512//2512
f 1501//1501 2512//2512 2045//2045
f 2212//2212 1498//1498 2042//2042
f 2212//2212 2042//2042 2512//2512
f 2512//2512 2042//2042 1404//1404
f 2512//2512 1404//1404 2051//2051
f 2045//2045 2512//2512 2051//2051
f 2045//2045 2051//2051 1407//1407
f 1499//1499 2211//2211 2513//2513
f 1499//1499 2513//2513 2043//2043
f 2211//2211 1496//1496 1667//1667
f 2211//2211 1667//1667 2513//2513
f 2513//2513 1667//1667 1402//1402
f 2513//2513 1402//1402 2053//2053
f 2043//2043 2513//2513 2053//2053
f 2043//2043 2053//2053 1405//1405
f 1436//1436 2108//2108 2514//2514
f 1436//1436 2514//2514 2056//2056
f 2108//2108 1433//1433 1681//1681
f 2108//2108 1681//1681 2514//2514
f 2514//2514 1681//1681 1410//1410
f 2514//2514 1410//1410 2060//2060
f 2056//2056 2514//2514 2060//2060
f 2056//2056 2060//2060 1413//1413
f 1476//1476 2168//2168 2515//2515
f 1476//1476 2515//2515 2171//2171
f 2168//2168 1434//1434 2054//2054
f 2168//2168 2054//2054 2515//2515
f 2515//2515 2054//2054 1411//1411
f 2515//2515 1411//1411 2166//2166
f 2171//2171 2515//2515 2166//2166
f 2171//2171 2166//2166 1474//1474
f 1438//1438 2106//2106 2516//2516
f 1438//1438 2516//2516 2058//2058
f 2106//2106 1435//1435 2055//2055
f 2106//2106 2055//2055 2516//2516
f 2516//2516 2055//2055 1412//1412
f 2516//2516 1412//1412 2062//2062
f 2058//2058 2516//2516 2062//2062
f 2058//2058 2062//2062 1415//1415
f 1435//1435 2105//2105 2517//2517
f 1435//1435 2517//2517 2055//2055
f 2105//2105 1436//1436 2056//2056
f 2105//2105 2056//2056 2517//2517
f 2517//2517 2056//2056 1413//1413
f 2517//2517 1413//1413 2063//2063
f 2055//2055 2517//2517 2063//2063
f 2055//2055 2063//2063 1412//1412
f 1439//1439 2104//2104 2518//2518
f 1439//1439 2518//2518 2059//2059
f 2104//2104 1437//1437 2057//2057
f 2104//2104 2057//2057 2518//2518
f 2518//2518 2057//2057 1414//1414
f 2518//2518 1414//1414 2064//2064
f 2059//2059 2518//2518 2064//2064
f 2059//2059 2064//2064 1416//1416
f 1437//1437 2103//2103 2519//2519
f 1437//1437 2519//2519 2057//2057
f 2103//2103 1438//1438 2058//2058
f 2103//2103 2058//2058 2519//2519
f 2519//2519 2058//2058 1415//1415
f 2519//2519 1415//1415 2065//2065
f 2057//2057 2519//2519 2065//2065
f 2057//2057 2065//2065 1414//1414
f 1434//1434 2102//2102 2520//2520
f 1434//1434 2520//2520 2054//2054
f 2102//2102 1439//1439 2059//2059
f 2102//2102 2059//2059 2520//2520
f 2520//2520 2059//2059 1416//1416
f 2520//2520 1416//1416 2066//2066
f 2054//2054 2520//2520 2066//2066
f 2054//2054 2066//2066 1411//1411
f 1350//1350 1956//1956 2521//2521
f 1350//1350 2521//2521 2068//2068
f 1956//1956 1367//1367 2073//2073
f 1956//1956 2073//2073 2521//2521
f 2521//2521 2073//2073 1424//1424
f 2521//2521 1424//1424 2074//2074
f 2068//2068 2521//2521 2074//2074
f 2068//2068 2074//2074 1419//1419
f 1358//1358 1963//1963 2522//2522
f 1358//1358 2522//2522 2071//2071
f 1963//1963 1363//1363 2072//2072
f 1963//1963 2072//2072 2522//2522
f 2522//2522 2072//2072 1423//1423
f 2522//2522 1423//1423 2075//2075
f 2071//2071 2522//2522 2075//2075
f 2071//2071 2075//2075 1422//1422
f 1367//1367 1980//1980 2523//2523
f 1367//1367 2523//2523 2073//2073
f 1980//1980 1358//1358 2071//2071
f 1980//1980 2071//2071 2523//2523
f 2523//2523 2071//2071 1422//1422
f 2523//2523 1422//1422 2076//2076
f 2073//2073 2523//2523 2076//2076
f 2073//2073 2076//2076 1424//1424
f 1352//1352 1955//1955 2524//2524
f 1352//1352 2524//2524 2069//2069
f 1955//1955 1353//1353 2070//2070
f 1955//1955 2070//2070 2524//2524
f 2524//2524 2070//2070 1421//1421
f 2524//2524 1421//1421 2077//2077
f 2069//2069 2524//2524 2077//2077
f 2069//2069 2077//2077 1420//1420
f 1363//1363 1972//1972 2525//2525
f 1363//1363 2525//2525 2072//2072
f 1972//1972 1352//1352 2069//2069
f 1972//1972 2069//2069 2525//2525
f 2525//2525 2069//2069 1420//1420
f 2525//2525 1420//1420 2078//2078
f 2072//2072 2525//2525 2078//2078
f 2072//2072 2078//2078 1423//1423
f 1479//1479 2174//2174 2526//2526
f 1479//1479 2526//2526 2177//2177
f 2174//2174 1350//1350 2068//2068
f 2174//2174 2068//2068 2526//2526
f 2526//2526 2068//2068 1419//1419
f 2526//2526 1419//1419 2176//2176
f 2177//2177 2526//2526 2176//2176
f 2177//2177 2176//2176 1481//1481
f 1353//1353 1958//1958 2527//2527
f 1353//1353 2527//2527 2070//2070
f 1958//1958 1349//1349 1696//1696
f 1958//1958 1696//1696 2527//2527
f 2527//2527 1696//1696 1418//1418
f 2527//2527 1418//1418 2080//2080
f 2070//2070 2527//2527 2080//2080
f 2070//2070 2080//2080 1421//1421
f 1386//1386 2026//2026 2528//2528
f 1386//1386 2528//2528 2082//2082
f 2026//2026 1391//1391 2087//2087
f 2026//2026 2087//2087 2528//2528
f 2528//2528 2087//2087 1432//1432
f 2528//2528 1432//1432 2088//2088
f 2082//2082 2528//2528 2088//2088
f 2082//2082 2088//2088 1427//1427
f 1389//1389 2025//2025 2529//2529
f 1389//1389 2529//2529 2085//2085
f 2025//2025 1390//1390 2086//2086
f 2025//2025 2086//2086 2529//2529
f 2529//2529 2086//2086 1431//1431
f 2529//2529 1431//1431 2089//2089
f 2085//2085 2529//2529 2089//2089
f 2085//2085 2089//2089 1430//1430
f 1391//1391 2024//2024 2530//2530
f 1391//1391 2530//2530 2087//2087
f 2024//2024 1389//1389 2085//2085
f 2024//2024 2085//2085 2530//2530
f 2530//2530 2085//2085 1430//1430
f 2530//2530 1430//1430 2090//2090
f 2087//2087 2530//2530 2090//2090
f 2087//2087 2090//2090 1432//1432
f 1387//1387 2023//2023 2531//2531
f 1387//1387 2531//2531 2083//2083
f 2023//2023 1388//1388 2084//2084
f 2023//2023 2084//2084 2531//2531
f 2531//2531 2084//2084 1429//1429
f 2531//2531 1429//1429 2091//2091
f 2083//2083 2531//2531 2091//2091
f 2083//2083 2091//2091 1428//1428
f 1390//1390 2022//2022 2532//2532
f 1390//1390 2532//2532 2086//2086
f 2022//2022 1387//1387 2083//2083
f 2022//2022 2083//2083 2532//2532
f 2532//2532 2083//2083 1428//1428
f 2532//2532 1428//1428 2092//2092
f 2086//2086 2532//2532 2092//2092
f 2086//2086 2092//2092 1431//1431
f 1473//1473 2165//2165 2533//2533
f 1473//1473 2533//2533 2170//2170
f 2165//2165 1386//1386 2082//2082
f 2165//2165 2082//2082 2533//2533
f 2533//2533 2082//2082 1427//1427
f 2533//2533 1427//1427 2167//2167
f 2170//2170 2533//2533 2167//2167
f 2170//2170 2167//2167 1475//1475
f 1388//1388 2020//2020 2534//2534
f 1388//1388 2534//2534 2084//2084
f 2020//2020 1385//1385 1711//1711
f 2020//2020 1711//1711 2534//2534
f 2534//2534 1711//1711 1426//1426
f 2534//2534 1426//1426 2094//2094
f 2084//2084 2534//2534 2094//2094
f 2084//2084 2094//2094 1429//1429
f 1427//1427 2088//2088 2535//2535
f 1427//1427 2535//2535 2095//2095
f 2088//2088 1432//1432 2100//2100
f 2088//2088 2100//2100 2535//2535
f 2535//2535 2100//2100 1439//1439
f 2535//2535 1439//1439 2102//2102
f 2095//2095 2535//2535 2102//2102
f 2095//2095 2102//2102 1434//1434
f 1430//1430 2089//2089 2536//2536
f 1430//1430 2536//2536 2098//2098
f 2089//2089 1431//1431 2099//2099
f 2089//2089 2099//2099 2536//2536
f 2536//2536 2099//2099 1438//1438
f 2536//2536 1438//1438 2103//2103
f 2098//2098 2536//2536 2103//2103
f 2098//2098 2103//2103 1437//1437
f 1432//1432 2090//2090 2537//2537
f 1432//1432 2537//2537 2100//2100
f 2090//2090 1430//1430 2098//2098
f 2090//2090 2098//2098 2537//2537
f 2537//2537 2098//2098 1437//1437
f 2537//2537 1437//1437 2104//2104
f 2100//2100 2537//2537 2104//2104
f 2100//2100 2104//2104 1439//1439
f 1428//1428 2091//2091 2538//2538
f 1428//1428 2538//2538 2096//2096
f 2091//2091 1429//1429 2097//2097
f 2091//2091 2097//2097 2538//2538
f 2538//2538 2097//2097 1436//1436
f 2538//2538 1436//1436 2105//2105
f 2096//2096 2538//2538 2105//2105
f 2096//2096 2105//2105 1435//1435
f 1431//1431 2092//2092 2539//2539
f 1431//1431 2539//2539 2099//2099
f 2092//2092 1428//1428 2096//2096
f 2092//2092 2096//2096 2539//2539
f 2539//2539 2096//2096 1435//1435
f 2539//2539 1435//1435 2106//2106
f 2099//2099 2539//2539 2106//2106
f 2099//2099 2106//2106 1438//1438
f 1475//1475 2167//2167 2540//2540
f 1475//1475 2540//2540 2169//2169
f 2167//2167 1427//1427 2095//2095
f 2167//2167 2095//2095 2540//2540
f 2540//2540 2095//2095 1434//1434
f 2540//2540 1434//1434 2168//2168
f 2169//2169 2540//2540 2168//2168
f 2169//2169 2168//2168 1476//1476
f 1429//1429 2094//2094 2541//2541
f 1429//1429 2541//2541 2097//2097
f 2094//2094 1426//1426 1725//1725
f 2094//2094 1725//1725 2541//2541
f 2541//2541 1725//1725 1433//1433
f 2541//2541 1433//1433 2108//2108
f 2097//2097 2541//2541 2108//2108
f 2097//2097 2108//2108 1436//1436
f 1403//1403 2047//2047 2542//2542
f 1403//1403 2542//2542 2109//2109
f 2047//2047 1408//1408 2114//2114
f 2047//2047 2114//2114 2542//2542
f 2542//2542 2114//2114 1447//1447
f 2542//2542 1447//1447 2116//2116
f 2109//2109 2542//2542 2116//2116
f 2109//2109 2116//2116 1442//1442
f 1406//1406 2048//2048 2543//2543
f 1406//1406 2543//2543 2112//2112
f 2048//2048 1407//1407 2113//2113
f 2048//2048 2113//2113 2543//2543
f 2543//2543 2113//2113 1446//1446
f 2543//2543 1446//1446 2117//2117
f 2112//2112 2543//2543 2117//2117
f 2112//2112 2117//2117 1445//1445
f 1408//1408 2049//2049 2544//2544
f 1408//1408 2544//2544 2114//2114
f 2049//2049 1406//1406 2112//2112
f 2049//2049 2112//2112 2544//2544
f 2544//2544 2112//2112 1445//1445
f 2544//2544 1445//1445 2118//2118
f 2114//2114 2544//2544 2118//2118
f 2114//2114 2118//2118 1447//1447
f 1404//1404 2050//2050 2545//2545
f 1404//1404 2545//2545 2110//2110
f 2050//2050 1405//1405 2111//2111
f 2050//2050 2111//2111 2545//2545
f 2545//2545 2111//2111 1444//1444
f 2545//2545 1444//1444 2119//2119
f 2110//2110 2545//2545 2119//2119
f 2110//2110 2119//2119 1443//1443
f 1407//1407 2051//2051 2546//2546
f 1407//1407 2546//2546 2113//2113
f 2051//2051 1404//1404 2110//2110
f 2051//2051 2110//2110 2546//2546
f 2546//2546 2110//2110 1443//1443
f 2546//2546 1443//1443 2120//2120
f 2113//2113 2546//2546 2120//2120
f 2113//2113 2120//2120 1446//1446
f 1470//1470 2159//2159 2547//2547
f 1470//1470 2547//2547 2163//2163
f 2159//2159 1403//1403 2109//2109
f 2159//2159 2109//2109 2547//2547
f 2547//2547 2109//2109 1442//1442
f 2547//2547 1442//1442 2160//2160
f 2163//2163 2547//2547 2160//2160
f 2163//2163 2160//2160 1471//1471
f 1405//1405 2053//2053 2548//2548
f 1405//1405 2548//2548 2111//2111
f 2053//2053 1402//1402 1740//1740
f 2053//2053 1740//1740 2548//2548
f 2548//2548 1740//1740 1441//1441
f 2548//2548 1441//1441 2122//2122
f 2111//2111 2548//2548 2122//2122
f 2111//2111 2122//2122 1444//1444
f 1442//1442 2116//2116 2549//2549
f 1442//1442 2549//2549 2123//2123
f 2116//2116 1447//1447 2128//2128
f 2116//2116 2128//2128 2549//2549
f 2549//2549 2128//2128 1455//1455
f 2549//2549 1455//1455 2130//2130
f 2123//2123 2549//2549 2130//2130
f 2123//2123 2130//2130 1450//1450
f 1445//1445 2117//2117 2550//2550
f 1445//1445 2550//2550 2126//2126
f 2117//2117 1446//1446 2127//2127
f 2117//2117 2127//2127 2550//2550
f 2550//2550 2127//2127 1454//1454
f 2550//2550 1454//1454 2131//2131
f 2126//2126 2550//2550 2131//2131
f 2126//2126 2131//2131 1453//1453
f 1447//1447 2118//2118 2551//2551
f 1447//1447 2551//2551 2128//2128
f 2118//2118 1445//1445 2126//2126
f 2118//2118 2126//2126 2551//2551
f 2551//2551 2126//2126 1453//1453
f 2551//2551 1453//1453 2132//2132
f 2128//2128 2551//2551 2132//2132
f 2128//2128 2132//2132 1455//1455
f 1443//1443 2119//2119 2552//2552
f 1443//1443 2552//2552 2124//2124
f 2119//2119 1444//1444 2125//2125
f 2119//2119 2125//2125 2552//2552
f 2552//2552 2125//2125 1452//1452
f 2552//2552 1452//1452 2133//2133
f 2124//2124 2552//2552 2133//2133
f 2124//2124 2133//2133 1451//1451
f 1446//1446 2120//2120 2553//2553
f 1446//1446 2553//2553 2127//2127
f 2120//2120 1443//1443 2124//2124
f 2120//2120 2124//2124 2553//2553
f 2553//2553 2124//2124 1451//1451
f 2553//2553 1451//1451 2134//2134
f 2127//2127 2553//2553 2134//2134
f 2127//2127 2134//2134 1454//1454
f 1471//1471 2160//2160 2554//2554
f 1471//1471 2554//2554 2162//2162
f 2160//2160 1442//1442 2123//2123
f 2160//2160 2123//2123 2554//2554
f 2554//2554 2123//2123 1450//1450
f 2554//2554 1450//1450 2161//2161
f 2162//2162 2554//2554 2161//2161
f 2162//2162 2161//2161 1472//1472
f 1444//1444 2122//2122 2555//2555
f 1444//1444 2555//2555 2125//2125
f 2122//2122 1441//1441 1755//1755
f 2122//2122 1755//1755 2555//2555
f 2555//2555 1755//1755 1449//1449
f 2555//2555 1449//1449 2136//2136
f 2125//2125 2555//2555 2136//2136
f 2125//2125 2136//2136 1452//1452
f 1370//1370 1993//1993 2556//2556
f 1370//1370 2556//2556 2137//2137
f 1993//1993 1376//1376 2142//2142
f 1993//1993 2142//2142 2556//2556
f 2556//2556 2142//2142 1463//1463
f 2556//2556 1463//1463 2144//2144
f 2137//2137 2556//2556 2144//2144
f 2137//2137 2144//2144 1458//1458
f 1374//1374 1994//1994 2557//2557
f 1374//1374 2557//2557 2140//2140
f 1994//1994 1375//1375 2141//2141
f 1994//1994 2141//2141 2557//2557
f 2557//2557 2141//2141 1462//1462
f 2557//2557 1462//1462 2145//2145
f 2140//2140 2557//2557 2145//2145
f 2140//2140 2145//2145 1461//1461
f 1376//1376 1995//1995 2558//2558
f 1376//1376 2558//2558 2142//2142
f 1995//1995 1374//1374 2140//2140
f 1995//1995 2140//2140 2558//2558
f 2558//2558 2140//2140 1461//1461
f 2558//2558 1461//1461 2146//2146
f 2142//2142 2558//2558 2146//2146
f 2142//2142 2146//2146 1463//1463
f 1371//1371 1996//1996 2559//2559
f 1371//1371 2559//2559 2138//2138
f 1996//1996 1372//1372 2139//2139
f 1996//1996 2139//2139 2559//2559
f 2559//2559 2139//2139 1460//1460
f 2559//2559 1460//1460 2147//2147
f 2138//2138 2559//2559 2147//2147
f 2138//2138 2147//2147 1459//1459
f 1375//1375 1997//1997 2560//2560
f 1375//1375 2560//2560 2141//2141
f 1997//1997 1371//1371 2138//2138
f 1997//1997 2138//2138 2560//2560
f 2560//2560 2138//2138 1459//1459
f 2560//2560 1459//1459 2148//2148
f 2141//2141 2560//2560 2148//2148
f 2141//2141 2148//2148 1462//1462
f 1467//1467 2153//2153 2561//2561
f 1467//1467 2561//2561 2155//2155
f 2153//2153 1370//1370 2137//2137
f 2153//2153 2137//2137 2561//2561
f 2561//2561 2137//2137 1458//1458
f 2561//2561 1458//1458 2154//2154
f 2155//2155 2561//2561 2154//2154
f 2155//2155 2154//2154 1468//1468
f 1372//1372 1999//1999 2562//2562
f 1372//1372 2562//2562 2139//2139
f 1999//1999 1369//1369 1770//1770
f 1999//1999 1770//1770 2562//2562
f 2562//2562 1770//1770 1457//1457
f 2562//2562 1457//1457 2150//2150
f 2139//2139 2562//2562 2150//2150
f 2139//2139 2150//2150 1460//1460
f 1539//1539 2278//2278 2563//2563
f 1539//1539 2563//2563 2282//2282
f 2278//2278 1467//1467 2155//2155
f 2278//2278 2155//2155 2563//2563
f 2563//2563 2155//2155 1468//1468
f 2563//2563 1468//1468 2279//2279
f 2282//2282 2563//2563 2279//2279
f 2282//2282 2279//2279 1540//1540
f 1538//1538 2277//2277 2564//2564
f 1538//1538 2564//2564 2281//2281
f 2277//2277 1466//1466 2156//2156
f 2277//2277 2156//2156 2564//2564
f 2564//2564 2156//2156 1465//1465
f 2564//2564 1465//1465 2276//2276
f 2281//2281 2564//2564 2276//2276
f 2281//2281 2276//2276 1537//1537
f 1540//1540 2279//2279 2565//2565
f 1540//1540 2565//2565 2280//2280
f 2279//2279 1468//1468 2157//2157
f 2279//2279 2157//2157 2565//2565
f 2565//2565 2157//2157 1466//1466
f 2565//2565 1466//1466 2277//2277
f 2280//2280 2565//2565 2277//2277
f 2280//2280 2277//2277 1538//1538
f 1535//1535 2271//2271 2566//2566
f 1535//1535 2566//2566 2275//2275
f 2271//2271 1471//1471 2162//2162
f 2271//2271 2162//2162 2566//2566
f 2566//2566 2162//2162 1472//1472
f 2566//2566 1472//1472 2272//2272
f 2275//2275 2566//2566 2272//2272
f 2275//2275 2272//2272 1536//1536
f 1534//1534 2270//2270 2567//2567
f 1534//1534 2567//2567 2274//2274
f 2270//2270 1470//1470 2163//2163
f 2270//2270 2163//2163 2567//2567
f 2567//2567 2163//2163 1471//1471
f 2567//2567 1471//1471 2271//2271
f 2274//2274 2567//2567 2271//2271
f 2274//2274 2271//2271 1535//1535
f 1536//1536 2272//2272 2568//2568
f 1536//1536 2568//2568 2273//2273
f 2272//2272 1472//1472 2164//2164
f 2272//2272 2164//2164 2568//2568
f 2568//2568 2164//2164 1469//1469
f 2568//2568 1469//1469 2269//2269
f 2273//2273 2568//2568 2269//2269
f 2273//2273 2269//2269 1533//1533
f 1531//1531 2264//2264 2569//2569
f 1531//1531 2569//2569 2268//2268
f 2264//2264 1475//1475 2169//2169
f 2264//2264 2169//2169 2569//2569
f 2569//2569 2169//2169 1476//1476
f 2569//2569 1476//1476 2265//2265
f 2268//2268 2569//2569 2265//2265
f 2268//2268 2265//2265 1532//1532
f 1529//1529 2262//2262 2570//2570
f 1529//1529 2570//2570 2267//2267
f 2262//2262 1473//1473 2170//2170
f 2262//2262 2170//2170 2570//2570
f 2570//2570 2170//2170 1475//1475
f 2570//2570 1475//1475 2264//2264
f 2267//2267 2570//2570 2264//2264
f 2267//2267 2264//2264 1531//1531
f 1532//1532 2265//2265 2571//2571
f 1532//1532 2571//2571 2266//2266
f 2265//2265 1476//1476 2171//2171
f 2265//2265 2171//2171 2571//2571
f 2571//2571 2171//2171 1474//1474
f 2571//2571 1474//1474 2263//2263
f 2266//2266 2571//2571 2263//2263
f 2266//2266 2263//2263 1530//1530
f 1525//1525 2254//2254 2572//2572
f 1525//1525 2572//2572 2261//2261
f 2254//2254 1479//1479 2177//2177
f 2254//2254 2177//2177 2572//2572
f 2572//2572 2177//2177 1481//1481
f 2572//2572 1481//1481 2256//2256
f 2261//2261 2572//2572 2256//2256
f 2261//2261 2256//2256 1527//1527
f 1527//1527 2256//2256 2573//2573
f 1527//1527 2573//2573 2260//2260
f 2256//2256 1481//1481 2178//2178
f 2256//2256 2178//2178 2573//2573
f 2573//2573 2178//2178 1480//1480
f 2573//2573 1480//1480 2255//2255
f 2260//2260 2573//2573 2255//2255
f 2260//2260 2255//2255 1526//1526
f 1524//1524 2253//2253 2574//2574
f 1524//1524 2574//2574 2259//2259
f 2253//2253 1478//1478 2179//2179
f 2253//2253 2179//2179 2574//2574
f 2574//2574 2179//2179 1479//1479
f 2574//2574 1479//1479 2254//2254
f 2259//2259 2574//2574 2254//2254
f 2259//2259 2254//2254 1525//1525
f 1528//1528 2172//2172 2575//2575
f 1528//1528 2575//2575 2258//2258
f 2172//2172 1477//1477 2180//2180
f 2172//2172 2180//2180 2575//2575
f 2575//2575 2180//2180 1478//1478
f 2575//2575 1478//1478 2253//2253
f 2258//2258 2575//2575 2253//2253
f 2258//2258 2253//2253 1524//1524
f 1492//1492 2204//2204 2576//2576
f 1492//1492 2576//2576 2183//2183
f 2204//2204 1489//1489 1815//1815
f 2204//2204 1815//1815 2576//2576
f 2576//2576 1815//1815 1482//1482
f 2576//2576 1482//1482 2187//2187
f 2183//2183 2576//2576 2187//2187
f 2183//2183 2187//2187 1485//1485
f 1494//1494 2203//2203 2577//2577
f 1494//1494 2577//2577 2185//2185
f 2203//2203 1491//1491 2182//2182
f 2203//2203 2182//2182 2577//2577
f 2577//2577 2182//2182 1484//1484
f 2577//2577 1484//1484 2188//2188
f 2185//2185 2577//2577 2188//2188
f 2185//2185 2188//2188 1487//1487
f 1491//1491 2202//2202 2578//2578
f 1491//1491 2578//2578 2182//2182
f 2202//2202 1492//1492 2183//2183
f 2202//2202 2183//2183 2578//2578
f 2578//2578 2183//2183 1485//1485
f 2578//2578 1485//1485 2189//2189
f 2182//2182 2578//2578 2189//2189
f 2182//2182 2189//2189 1484//1484
f 1495//1495 2201//2201 2579//2579
f 1495//1495 2579//2579 2186//2186
f 2201//2201 1493//1493 2184//2184
f 2201//2201 2184//2184 2579//2579
f 2579//2579 2184//2184 1486//1486
f 2579//2579 1486//1486 2190//2190
f 2186//2186 2579//2579 2190//2190
f 2186//2186 2190//2190 1488//1488
f 1493//1493 2200//2200 2580//2580
f 1493//1493 2580//2580 2184//2184
f 2200//2200 1494//1494 2185//2185
f 2200//2200 2185//2185 2580//2580
f 2580//2580 2185//2185 1487//1487
f 2580//2580 1487//1487 2191//2191
f 2184//2184 2580//2580 2191//2191
f 2184//2184 2191//2191 1486//1486
f 1490//1490 2199//2199 2581//2581
f 1490//1490 2581//2581 2181//2181
f 2199//2199 1495//1495 2186//2186
f 2199//2199 2186//2186 2581//2581
f 2581//2581 2186//2186 1488//1488
f 2581//2581 1488//1488 2192//2192
f 2181//2181 2581//2581 2192//2192
f 2181//2181 2192//2192 1483//1483
f 1394//1394 2039//2039 2582//2582
f 1394//1394 2582//2582 2193//2193
f 2039//2039 1399//1399 2198//2198
f 2039//2039 2198//2198 2582//2582
f 2582//2582 2198//2198 1495//1495
f 2582//2582 1495//1495 2199//2199
f 2193//2193 2582//2582 2199//2199
f 2193//2193 2199//2199 1490//1490
f 1397//1397 2038//2038 2583//2583
f 1397//1397 2583//2583 2196//2196
f 2038//2038 1398//1398 2197//2197
f 2038//2038 2197//2197 2583//2583
f 2583//2583 2197//2197 1494//1494
f 2583//2583 1494//1494 2200//2200
f 2196//2196 2583//2583 2200//2200
f 2196//2196 2200//2200 1493//1493
f 1399//1399 2037//2037 2584//2584
f 1399//1399 2584//2584 2198//2198
f 2037//2037 1397//1397 2196//2196
f 2037//2037 2196//2196 2584//2584
f 2584//2584 2196//2196 1493//1493
f 2584//2584 1493//1493 2201//2201
f 2198//2198 2584//2584 2201//2201
f 2198//2198 2201//2201 1495//1495
f 1395//1395 2036//2036 2585//2585
f 1395//1395 2585//2585 2194//2194
f 2036//2036 1396//1396 2195//2195
f 2036//2036 2195//2195 2585//2585
f 2585//2585 2195//2195 1492//1492
f 2585//2585 1492//1492 2202//2202
f 2194//2194 2585//2585 2202//2202
f 2194//2194 2202//2202 1491//1491
f 1398//1398 2035//2035 2586//2586
f 1398//1398 2586//2586 2197//2197
f 2035//2035 1395//1395 2194//2194
f 2035//2035 2194//2194 2586//2586
f 2586//2586 2194//2194 1491//1491
f 2586//2586 1491//1491 2203//2203
f 2197//2197 2586//2586 2203//2203
f 2197//2197 2203//2203 1494//1494
f 1396//1396 2033//2033 2587//2587
f 1396//1396 2587//2587 2195//2195
f 2033//2033 1393//1393 1828//1828
f 2033//2033 1828//1828 2587//2587
f 2587//2587 1828//1828 1489//1489
f 2587//2587 1489//1489 2204//2204
f 2195//2195 2587//2587 2204//2204
f 2195//2195 2204//2204 1492//1492
f 1506//1506 2228//2228 2588//2588
f 1506//1506 2588//2588 2207//2207
f 2228//2228 1503//1503 1841//1841
f 2228//2228 1841//1841 2588//2588
f 2588//2588 1841//1841 1496//1496
f 2588//2588 1496//1496 2211//2211
f 2207//2207 2588//2588 2211//2211
f 2207//2207 2211//2211 1499//1499
f 1508//1508 2227//2227 2589//2589
f 1508//1508 2589//2589 2209//2209
f 2227//2227 1505//1505 2206//2206
f 2227//2227 2206//2206 2589//2589
f 2589//2589 2206//2206 1498//1498
f 2589//2589 1498//1498 2212//2212
f 2209//2209 2589//2589 2212//2212
f 2209//2209 2212//2212 1501//1501
f 1505//1505 2226//2226 2590//2590
f 1505//1505 2590//2590 2206//2206
f 2226//2226 1506//1506 2207//2207
f 2226//2226 2207//2207 2590//2590
f 2590//2590 2207//2207 1499//1499
f 2590//2590 1499//1499 2213//2213
f 2206//2206 2590//2590 2213//2213
f 2206//2206 2213//2213 1498//1498
f 1509//1509 2225//2225 2591//2591
f 1509//1509 2591//2591 2210//2210
f 2225//2225 1507//1507 2208//2208
f 2225//2225 2208//2208 2591//2591
f 2591//2591 2208//2208 1500//1500
f 2591//2591 1500//1500 2214//2214
f 2210//2210 2591//2591 2214//2214
f 2210//2210 2214//2214 1502//1502
f 1507//1507 2224//2224 2592//2592
f 1507//1507 2592//2592 2208//2208
f 2224//2224 1508//1508 2209//2209
f 2224//2224 2209//2209 2592//2592
f 2592//2592 2209//2209 1501//1501
f 2592//2592 1501//1501 2215//2215
f 2208//2208 2592//2592 2215//2215
f 2208//2208 2215//2215 1500//1500
f 1504//1504 2223//2223 2593//2593
f 1504//1504 2593//2593 2205//2205
f 2223//2223 1509//1509 2210//2210
f 2223//2223 2210//2210 2593//2593
f 2593//2593 2210//2210 1502//1502
f 2593//2593 1502//1502 2216//2216
f 2205//2205 2593//2593 2216//2216
f 2205//2205 2216//2216 1497//1497
f 1411//1411 2066//2066 2594//2594
f 1411//1411 2594//2594 2217//2217
f 2066//2066 1416//1416 2222//2222
f 2066//2066 2222//2222 2594//2594
f 2594//2594 2222//2222 1509//1509
f 2594//2594 1509//1509 2223//2223
f 2217//2217 2594//2594 2223//2223
f 2217//2217 2223//2223 1504//1504
f 1414//1414 2065//2065 2595//2595
f 1414//1414 2595//2595 2220//2220
f 2065//2065 1415//1415 2221//2221
f 2065//2065 2221//2221 2595//2595
f 2595//2595 2221//2221 1508//1508
f 2595//2595 1508//1508 2224//2224
f 2220//2220 2595//2595 2224//2224
f 2220//2220 2224//2224 1507//1507
f 1416//1416 2064//2064 2596//2596
f 1416//1416 2596//2596 2222//2222
f 2064//2064 1414//1414 2220//2220
f 2064//2064 2220//2220 2596//2596
f 2596//2596 2220//2220 1507//1507
f 2596//2596 1507//1507 2225//2225
f 2222//2222 2596//2596 2225//2225
f 2222//2222 2225//2225 1509//1509
f 1412//1412 2063//2063 2597//2597
f 1412//1412 2597//2597 2218//2218
f 2063//2063 1413//1413 2219//2219
f 2063//2063 2219//2219 2597//2597
f 2597//2597 2219//2219 1506//1506
f 2597//2597 1506//1506 2226//2226
f 2218//2218 2597//2597 2226//2226
f 2218//2218 2226//2226 1505//1505
f 1415//1415 2062//2062 2598//2598
f 1415//1415 2598//2598 2221//2221
f 2062//2062 1412//1412 2218//2218
f 2062//2062 2218//2218 2598//2598
f 2598//2598 2218//2218 1505//1505
f 2598//2598 1505//1505 2227//2227
f 2221//2221 2598//2598 2227//2227
f 2221//2221 2227//2227 1508//1508
f 1413//1413 2060//2060 2599//2599
f 1413//1413 2599//2599 2219//2219
f 2060//2060 1410//1410 1854//1854
f 2060//2060 1854//1854 2599//2599
f 2599//2599 1854//1854 1503//1503
f 2599//2599 1503//1503 2228//2228
f 2219//2219 2599//2599 2228//2228
f 2219//2219 2228//2228 1506//1506
f 1518//1518 2252//2252 2600//2600
f 1518//1518 2600//2600 2229//2229
f 2252//2252 1523//1523 2234//2234
f 2252//2252 2234//2234 2600//2600
f 2600//2600 2234//2234 1516//1516
f 2600//2600 1516//1516 2235//2235
f 2229//2229 2600//2600 2235//2235
f 2229//2229 2235//2235 1511//1511
f 1521//1521 2251//2251 2601//2601
f 1521//1521 2601//2601 2232//2232
f 2251//2251 1522//1522 2233//2233
f 2251//2251 2233//2233 2601//2601
f 2601//2601 2233//2233 1515//1515
f 2601//2601 1515//1515 2236//2236
f 2232//2232 2601//2601 2236//2236
f 2232//2232 2236//2236 1514//1514
f 1523//1523 2250//2250 2602//2602
f 1523//1523 2602//2602 2234//2234
f 2250//2250 1521//1521 2232//2232
f 2250//2250 2232//2232 2602//2602
f 2602//2602 2232//2232 1514//1514
f 2602//2602 1514//1514 2237//2237
f 2234//2234 2602//2602 2237//2237
f 2234//2234 2237//2237 1516//1516
f 1519//1519 2249//2249 2603//2603
f 1519//1519 2603//2603 2230//2230
f 2249//2249 1520//1520 2231//2231
f 2249//2249 2231//2231 2603//2603
f 2603//2603 2231//2231 1513//1513
f 2603//2603 1513//1513 2238//2238
f 2230//2230 2603//2603 2238//2238
f 2230//2230 2238//2238 1512//1512
f 1522//1522 2248//2248 2604//2604
f 1522//1522 2604//2604 2233//2233
f 2248//2248 1519//1519 2230//2230
f 2248//2248 2230//2230 2604//2604
f 2604//2604 2230//2230 1512//1512
f 2604//2604 1512//1512 2239//2239
f 2233//2233 2604//2604 2239//2239
f 2233//2233 2239//2239 1515//1515
f 1520//1520 2247//2247 2605//2605
f 1520//1520 2605//2605 2231//2231
f 2247//2247 1517//1517 1867//1867
f 2247//2247 1867//1867 2605//2605
f 2605//2605 1867//1867 1510//1510
f 2605//2605 1510//1510 2240//2240
f 2231//2231 2605//2605 2240//2240
f 2231//2231 2240//2240 1513//1513
f 1381//1381 2006//2006 2606//2606
f 1381//1381 2606//2606 2243//2243
f 2006//2006 1378//1378 1880//1880
f 2006//2006 1880//1880 2606//2606
f 2606//2606 1880//1880 1517//1517
f 2606//2606 1517//1517 2247//2247
f 2243//2243 2606//2606 2247//2247
f 2243//2243 2247//2247 1520//1520
f 1383//1383 2008//2008 2607//2607
f 1383//1383 2607//2607 2245//2245
f 2008//2008 1380//1380 2242//2242
f 2008//2008 2242//2242 2607//2607
f 2607//2607 2242//2242 1519//1519
f 2607//2607 1519//1519 2248//2248
f 2245//2245 2607//2607 2248//2248
f 2245//2245 2248//2248 1522//1522
f 1380//1380 2009//2009 2608//2608
f 1380//1380 2608//2608 2242//2242
f 2009//2009 1381//1381 2243//2243
f 2009//2009 2243//2243 2608//2608
f 2608//2608 2243//2243 1520//1520
f 2608//2608 1520//1520 2249//2249
f 2242//2242 2608//2608 2249//2249
f 2242//2242 2249//2249 1519//1519
f 1384//1384 2010//2010 2609//2609
f 1384//1384 2609//2609 2246//2246
f 2010//2010 1382//1382 2244//2244
f 2010//2010 2244//2244 2609//2609
f 2609//2609 2244//2244 1521//1521
f 2609//2609 1521//1521 2250//2250
f 2246//2246 2609//2609 2250//2250
f 2246//2246 2250//2250 1523//1523
f 1382//1382 2011//2011 2610//2610
f 1382//1382 2610//2610 2244//2244
f 2011//2011 1383//1383 2245//2245
f 2011//2011 2245//2245 2610//2610
f 2610//2610 2245//2245 1522//1522
f 2610//2610 1522//1522 2251//2251
f 2244//2244 2610//2610 2251//2251
f 2244//2244 2251//2251 1521//1521
f 1379//1379 2012//2012 2611//2611
f 1379//1379 2611//2611 2241//2241
f 2012//2012 1384//1384 2246//2246
f 2012//2012 2246//2246 2611//2611
f 2611//2611 2246//2246 1523//1523
f 2611//2611 1523//1523 2252//2252
f 2241//2241 2611//2611 2252//2252
f 2241//2241 2252//2252 1518//1518
f 1329//1329 2257//2257 2612//2612
f 1329//1329 2612//2612 1923//1923
f 2257//2257 1528//1528 2258//2258
f 2257//2257 2258//2258 2612//2612
f 2612//2612 2258//2258 1524//1524
f 2612//2612 1524//1524 1935//1935
f 1923//1923 2612//2612 1935//1935
f 1923//1923 1935//1935 1338//1338
f 1338//1338 1935//1935 2613//2613
f 1338//1338 2613//2613 1933//1933
f 1935//1935 1524//1524 2259//2259
f 1935//1935 2259//2259 2613//2613
f 2613//2613 2259//2259 1525//1525
f 2613//2613 1525//1525 1957//1957
f 1933//1933 2613//2613 1957//1957
f 1933//1933 1957//1957 1351//1351
f 1417//1417 2079//2079 2614//2614
f 1417//1417 2614//2614 2067//2067
f 2079//2079 1527//1527 2260//2260
f 2079//2079 2260//2260 2614//2614
f 2614//2614 2260//2260 1526//1526
f 2614//2614 1526//1526 2007//2007
f 2067//2067 2614//2614 2007//2007
f 2067//2067 2007//2007 1377//1377
f 1351//1351 1957//1957 2615//2615
f 1351//1351 2615//2615 1952//1952
f 1957//1957 1525//1525 2261//2261
f 1957//1957 2261//2261 2615//2615
f 2615//2615 2261//2261 1527//1527
f 2615//2615 1527//1527 2079//2079
f 1952//1952 2615//2615 2079//2079
f 1952//1952 2079//2079 1417//1417
f 1440//1440 2107//2107 2616//2616
f 1440//1440 2616//2616 2101//2101
f 2107//2107 1532//1532 2266//2266
f 2107//2107 2266//2266 2616//2616
f 2616//2616 2266//2266 1530//1530
f 2616//2616 1530//1530 2061//2061
f 2101//2101 2616//2616 2061//2061
f 2101//2101 2061//2061 1409//1409
f 1392//1392 2021//2021 2617//2617
f 1392//1392 2617//2617 2019//2019
f 2021//2021 1529//1529 2267//2267
f 2021//2021 2267//2267 2617//2617
f 2617//2617 2267//2267 1531//1531
f 2617//2617 1531//1531 2093//2093
f 2019//2019 2617//2617 2093//2093
f 2019//2019 2093//2093 1425//1425
f 1425//1425 2093//2093 2618//2618
f 1425//1425 2618//2618 2081//2081
f 2093//2093 1531//1531 2268//2268
f 2093//2093 2268//2268 2618//2618
f 2618//2618 2268//2268 1532//1532
f 2618//2618 1532//1532 2107//2107
f 2081//2081 2618//2618 2107//2107
f 2081//2081 2107//2107 1440//1440
f 1456//1456 2135//2135 2619//2619
f 1456//1456 2619//2619 2129//2129
f 2135//2135 1536//1536 2273//2273
f 2135//2135 2273//2273 2619//2619
f 2619//2619 2273//2273 1533//1533
f 2619//2619 1533//1533 2034//2034
f 2129//2129 2619//2619 2034//2034
f 2129//2129 2034//2034 1400//1400
f 1401//1401 2052//2052 2620//2620
f 1401//1401 2620//2620 2040//2040
f 2052//2052 1534//1534 2274//2274
f 2052//2052 2274//2274 2620//2620
f 2620//2620 2274//2274 1535//1535
f 2620//2620 1535//1535 2121//2121
f 2040//2040 2620//2620 2121//2121
f 2040//2040 2121//2121 1448//1448
f 1448//1448 2121//2121 2621//2621
f 1448//1448 2621//2621 2115//2115
f 2121//2121 1535//1535 2275//2275
f 2121//2121 2275//2275 2621//2621
f 2621//2621 2275//2275 1536//1536
f 2621//2621 1536//1536 2135//2135
f 2115//2115 2621//2621 2135//2135
f 2115//2115 2135//2135 1456//1456
f 1464//1464 2149//2149 2622//2622
f 1464//1464 2622//2622 2143//2143
f 2149//2149 1540//1540 2280//2280
f 2149//2149 2280//2280 2622//2622
f 2622//2622 2280//2280 1538//1538
f 2622//2622 1538//1538 1927//1927
f 2143//2143 2622//2622 1927//1927
f 2143//2143 1927//1927 1333//1333
f 1333//1333 1927//1927 2623//2623
f 1333//1333 2623//2623 1926//1926
f 1927//1927 1538//1538 2281//2281
f 1927//1927 2281//2281 2623//2623
f 2623//2623 2281//2281 1537//1537
f 2623//2623 1537//1537 1924//1924
f 1926//1926 2623//2623 1924//1924
f 1926//1926 1924//1924 1330//1330
f 1373//1373 1998//1998 2624//2624
f 1373//1373 2624//2624 1989//1989
f 1998//1998 1539//1539 2282//2282
f 1998//1998 2282//2282 2624//2624
f 2624//2624 2282//2282 1540//1540
f 2624//2624 1540//1540 2149//2149
f 1989//1989 2624//2624 2149//2149
f 1989//1989 2149//2149 1464//1464
o CylinderHead
v -1.4010253 0.0029575231 0
v -1.39557528 0.405574501 0
v -0.271037936 0.384281725 0
v -0.796250343 0.272243172 0
v -0.716177344 0.938681722 0
v -0.590506017 1.457389 0
v -0.909100711 0.397642255 0
v -0.387035221 0.776467264 0
v -0.876893163 0.942018151 0
v -0.843401134 1.45681226 0
v -0.645029843 1.21758163 0
v -0.855418682 1.22158706 0
v -1.40410829 0.946264267 0
v -1.40143478 1.45334494 0
v -1.40643322 1.2214551 0
v -1.09641612 1.22209167 0
v -1.095487 1.45681226 0
v -1.10134232 0.943210125 0
v -0.10060662 0.374558002 0
v -0.107668012 0.00206459337 0
v -0.160401031 0.7815786 0
v -0.216730297 1.20770454 0
v -0.162767068 1.48705733 0
v -1.40643322 0.0770965219 0
v -0.782305658 0.113172352 0
v -0.995396495 3.64205662e-05 0
v -1.00587094 0.0388938226 0
v -0.825809062 0.350857735 0
v -0.823064566 0.125052169 0
v -0.864157081 0.38328138 0
v -1.0297215 0.403050601 0
v -1.38095772 0.405983061 0
v -1.30498421 0 0
v -1.3482765 0.300169617 0
v -0.832605839 0.261675209 0
v -0.856251478 0.325952172 0
v -0.887966871 0.350406706 0
v -0.925159037 0.362880677 0
v -1.03243148 0.367270797 0
v -1.31099451 0.375024498 0
v -1.40480149 0.402299225 0
v -1.30446482 0.405559838 0
v -1.40643322 0.331371576 0
v -1.34772551 0.359243602 0
v -1.34277356 0.0460335948 0
v -1.26685238 0.0413253382 0
v -1.34642375 0.103686787 0
v -1.03474689 0.132111371 0
v -0.946463406 0.168992653 0
v -1.18543649 0.244544655 0
v -0.945983052 0.229899883 0
v -0.956236064 0.260029286 0
v -0.969256341 0.269930482 0
v -0.983973444 0.274741977 0
v -1.0348618 0.276536196 0
v -1.1500349 0.276551217 0
v -1.18522263 0.273018599 0
v -1.18097091 0.135841712 0
v -1.14514852 0.133431613 0
v -1.1831708 0.162939042 0
v -0.248413891 0.382518768 0
v -0.360753477 0.784765363 0
v -0.228183299 0.125416428 0
v -0.0974908099 0.080560796 0
v -0.219954967 0.151245072 0
v -0.158367276 0.373519629 0
v -0.152779818 0.00168163294 0
v -0.223539218 0.788412273 0
v -0.384538651 1.20976388 0
v -0.295500427 1.46527565 0
v -0.15129222 0.0785480887 0
v -0.199542582 0.0155388135 0
v -0.290058583 0.787235558 0
v -0.475188792 1.21076047 0
v -0.384778619 1.45995462 0
v -0.199990869 0.375249773 0
v -0.194458306 0.0893592685 0
v -0.174907103 0.779609799 0
v -0.239419386 1.20708132 0
v -0.179853931 1.48624051 0
v -0.111531854 0.0789349973 0
v -0.111779943 0.373970538 0
v -0.11946813 0.00182393356 0
v -0.117072202 0.788077414 0
v -0.156644747 1.209692 0
v -0.11759755 1.4882611 0
v -0.0723399222 0.375133842 0
v -0.0694418922 0.00208413578 0
v -0.0680213571 0.080658108 0
v -0.875843346 0.975960851 0
v -0.712000787 0.970762014 0
v -1.40643322 0.976064503 0
v -1.1011194 0.976495326 0
v -0.599797666 1.39897704 0
v -0.845273495 1.40031576 0
v -1.40643322 1.40092015 0
v -1.09555626 1.40091634 0
v -1.33403933 1.22132194 0
v -1.34383512 0.943375409 0
v -1.33297122 1.45681226 0
v -1.34349573 0.974012613 0
v -1.3329711 1.40092003 0
v -0.690982342 1.06646764 0
v -0.593080819 0.926867247 0
v -0.253923386 0.992638528 0
v -0.580221772 0.949638784 0
v -0.433068424 1.02689457 0
v -0.533152878 1.02193606 0
v -0.278847873 0.991197109 0
v -0.185290575 0.999165952 0
v -0.171673402 1.42589605 0
v -0.310699284 1.40760458 0
v -0.400389791 1.40263712 0
v -0.189760461 1.42518723 0
v -0.123951651 1.42696249 0
v -0.494533062 0.881260335 0
v -0.216268986 0.883772373 0
v -0.337886184 0.918277144 0
v -0.236197487 0.882075489 0
v -0.158402532 0.89115566 0
v -0.471488655 0.895763934 0
v -0.408104628 0.916243017 0
v -0.307099015 0.596781909 0
v -0.113873266 0.604038179 0
v -0.279275507 0.598792672 0
v -0.161680356 0.601964533 0
v -0.210278556 0.600222826 0
v -0.125052929 0.602894425 0
v -0.0821287706 0.60742718 0
v -0.799478829 0.016978642 0
v -0.846131444 0.0501132905 0
v -0.966259539 0.136914924 0
v -0.124598801 0.373732209 0
v -0.130042702 0.00195067481 0
v -0.186289355 0.78183049 0
v -1.09916461 1.07643378 0
v -0.277892381 1.20774972 0
v -0.209770665 1.48079169 0
v -0.125846788 0.0784020051 0
v -1.3391552 1.07286823 0
v -0.320213914 1.00048006 0
v -0.221176535 1.42061007 0
v -0.262464345 0.891494989 0
v -0.134024307 0.602610946 0
v -1.40643322 1.07388055 0
v -0.868969321 1.07625806 0
v -0.877151012 0.000402419217 0
v -0.911739647 0.0384876132 0
v -0.992515981 0.13195914 0
v 1.79117443e-10 0.375792593 0
v -2.27437291e-10 0.000874321966 0
v 1.4010253 0.0029575231 0
v 1.39557517 0.405574501 0
v 0.271037936 0.384281725 0
v 0.796250343 0.272243172 0
v 0.716177344 0.938681722 0
v 0.590506077 1.457389 0
v 0.909100711 0.397642255 0
v 0.387035191 0.776467264 0
v -2.23360441e-10 0.798455119 0
v 5.04463138e-12 1.21279728 0
v 2.8545033e-10 1.49019551 0
v 0.876893163 0.942018151 0
v 0.843401134 1.45681226 0
v 0.645029843 1.21758151 0
v 0.855418742 1.22158694 0
v 1.40410829 0.946264267 0
v 1.40143478 1.45334494 0
v 1.40643322 1.2214551 0
v 1.09641612 1.22209156 0
v 1.09548688 1.45681226 0
v 1.10134232 0.943210125 0
v 0.100606613 0.374558002 0
v 0.107668012 0.00206459337 0
v 0.160401016 0.78157866 0
v 0.216730297 1.20770442 0
v 0.162767068 1.48705733 0
v 1.40643322 0.0770965219 0
v 0.782305658 0.113172352 0
v 0.995396495 3.64205662e-05 0
v 1.00587094 0.0388938226 0
v 0.825809062 0.350857705 0
v 0.823064566 0.125052169 0
v 0.864157081 0.38328138 0
v 1.0297215 0.403050601 0
v 1.3809576 0.405983061 0
v 1.30498421 0 0
v 1.3482765 0.300169587 0
v 0.832605839 0.261675209 0
v 0.856251478 0.325952172 0
v 0.887966871 0.350406677 0
v 0.925159037 0.362880677 0
v 1.03243136 0.367270797 0
v 1.31099451 0.375024498 0
v 1.40480149 0.402299225 0
v 1.30446482 0.405559838 0
v 1.40643322 0.331371576 0
v 1.34772551 0.359243631 0
v 1.34277356 0.0460335948 0
v 1.2668525 0.0413253382 0
v 1.34642363 0.103686787 0
v 1.03474689 0.132111371 0
v 0.946463287 0.168992624 0
v 1.18543673 0.24454464 0
v 0.945982993 0.229899913 0
v 0.956235945 0.260029346 0
v 0.969256341 0.269930542 0
v 0.983973503 0.274742007 0
v 1.03486204 0.276536226 0
v 1.15003514 0.276551157 0
v 1.18522263 0.273018628 0
v 1.18097091 0.135841727 0
v 1.14514852 0.133431628 0
v 1.1831708 0.162939057 0
v 0.248413891 0.382518739 0
v 0.360753447 0.784765363 0
v -2.86543844e-10 0.0795821473 0
v 0.228183299 0.125416428 0
v 0.0974908099 0.0805607885 0
v 0.219954982 0.151245072 0
v 0.158367291 0.373519629 0
v 0.152779818 0.00168163294 0
v 0.223539203 0.788412333 0
v 0.384538621 1.20976377 0
v 0.295500427 1.46527565 0
v 0.15129222 0.0785480812 0
v 0.199542582 0.0155388135 0
v 0.290058613 0.787235498 0
v 0.475188792 1.21076059 0
v 0.384778589 1.45995462 0
v 0.199990883 0.375249743 0
v 0.194458291 0.0893592685 0
v 0.174907103 0.779609799 0
v 0.239419401 1.20708144 0
v 0.179853946 1.48624051 0
v 0.111531854 0.0789349973 0
v 0.111779943 0.373970568 0
v 0.11946813 0.00182393345 0
v 0.117072202 0.788077414 0
v 0.156644747 1.209692 0
v 0.11759755 1.4882611 0
v 0.0723399222 0.375133812 0
v 0.0694418922 0.00208413578 0
v 0.0680213496 0.080658108 0
v 0.875843406 0.97596091 0
v 0.712000787 0.970761955 0
v 1.40643322 0.976064503 0
v 1.10111928 0.976495385 0
v 0.599797785 1.39897692 0
v 0.845273495 1.40031576 0
v 1.40643322 1.40092015 0
v 1.09555626 1.40091646 0
v 1.33403933 1.22132182 0
v 1.34383512 0.943375409 0
v 1.33297122 1.45681226 0
v 1.34349573 0.974012613 0
v 1.3329711 1.40092003 0
v 0.690982401 1.06646776 0
v 0.593080819 0.926867247 0
v -2.66272615e-10 1.00956941 0
v 0.253923416 0.992638469 0
v 0.580221832 0.949638784 0
v 0.433068424 1.02689445 0
v 0.533152938 1.02193606 0
v 0.278847873 0.991197109 0
v 0.185290575 0.999165893 0
v -3.4672365e-10 1.42865753 0
v 0.171673402 1.42589605 0
v 0.310699284 1.40760458 0
v 0.40038985 1.40263712 0
v 0.189760447 1.42518723 0
v 0.123951651 1.42696238 0
v 0.494533062 0.881260335 0
v 0.216269001 0.883772373 0
v 0.337886155 0.918277085 0
v 0.236197487 0.882075429 0
v 0.158402547 0.89115566 0
v -1.2001099e-09 0.90295893 0
v 0.471488655 0.895763993 0
v 0.408104628 0.916243076 0
v 0.307099015 0.59678185 0
v 5.93516347e-11 0.612820745 0
v 0.113873266 0.604038179 0
v 0.279275507 0.598792672 0
v 0.161680356 0.601964533 0
v 0.210278541 0.600222766 0
v 0.125052929 0.602894485 0
v 0.0821287706 0.60742718 0
v 0.799478829 0.016978642 0
v 0.846131384 0.0501132943 0
v 0.966259539 0.136914939 0
v 0.124598801 0.373732209 0
v 0.130042717 0.00195067492 0
v 0.186289355 0.78183049 0
v 1.09916461 1.07643378 0
v 0.277892381 1.20774972 0
v 0.209770665 1.48079169 0
v 0.125846788 0.0784020051 0
v 1.3391552 1.07286823 0
v 0.320213914 1.00048006 0
v 0.221176535 1.42061007 0
v 0.262464315 0.891494989 0
v 0.134024322 0.602610886 0
v 1.40643322 1.07388055 0
v 0.868969321 1.07625806 0
v 0.877151012 0.000402419217 0
v 0.911739647 0.0384876132 0
v 0.992516041 0.131959155 0
v -1.40634882 0.0383939296 0
v -1.40575719 0.0166611839 0
v -1.40415168 0.00661135511 0
v 2.91038305e-10 0.140396476 0
v -2.1044097e-10 0.215795666 0
v 5.92151272e-10 0.297140688 0
v -0.874100447 0.388164014 0
v -0.884534597 0.392094195 0
v -0.896015882 0.39520821 0
v -0.784220457 0.152595758 0
v -0.787179232 0.19480899 0
v -0.791187346 0.2359716 0
v -0.25648272 0.383561701 0
v -0.262483388 0.384088457 0
v -0.267105341 0.384271145 0
v -0.594462037 1.42485738 0
v -0.591708779 1.44107163 0
v -0.590677023 1.45084131 0
v -0.220604226 0.0817761943 0
v -0.21427305 0.0504728742 0
v -0.20773682 0.0291719325 0
v -0.163836047 0.00180992868 0
v -0.176324934 0.00327385962 0
v -0.188731954 0.00740597257 0
v -0.322149187 0.64517349 0
v -0.340853095 0.692391753 0
v -0.362664044 0.736726344 0
v -0.468079329 0.861981928 0
v -0.440689653 0.838573337 0
v -0.413347244 0.810310066 0
v 1.16415322e-10 0.664048433 0
v -4.58242333e-10 0.713313162 0
v -3.70146469e-10 0.758740067 0
v -0.0936607718 0.791363835 0
v -0.0652293786 0.794746101 0
v -0.0334513485 0.797388434 0
v -0.125123531 1.21067846 0
v -0.0870537683 1.21169019 0
v -0.0446183085 1.21247911 0
v 6.69703404e-10 1.45733559 0
v -6.97230773e-10 1.47461927 0
v -5.16770848e-10 1.48430657 0
v -0.0939288586 1.48887324 0
v -0.0653481409 1.48950374 0
v -0.033492744 1.48999643 0
v -0.876452267 0.962300241 0
v -0.876764119 0.953075171 0
v -0.876878083 0.946807325 0
v -1.10080826 0.995486796 0
v -1.10036993 1.01924562 0
v -1.09981751 1.04661393 0
v -0.847011685 1.36319506 0
v -0.849350095 1.31785917 0
v -0.852186441 1.26906919 0
v -1.40639639 0.962989748 0
v -1.40613806 0.954431534 0
v -1.40543687 0.949251235 0
v -1.40643322 1.36383522 0
v -1.40643322 1.31842399 0
v -1.40643322 1.26939464 0
v -1.36642087 1.22126031 0
v -1.38655984 1.2212801 0
v -1.3985368 1.22135401 0
v -1.03066075 1.45681226 0
v -0.967750371 1.45681226 0
v -0.905686736 1.45681226 0
v -1.37533796 0.943421185 0
v -1.39299929 0.943742216 0
v -1.40113759 0.944613457 0
v -0.912074864 1.22195268 0
v -0.970858634 1.22214031 0
v -1.03217173 1.22217739 0
v -1.28584266 1.45681226 0
v -1.22736764 1.45681226 0
v -1.16232347 1.45681226 0
v -0.926088154 0.942474902 0
v -0.979732096 0.942813277 0
v -1.03806889 0.943052053 0
v -0.708937705 0.988453329 0
v -0.704565823 1.01077461 0
v -0.698656797 1.03701591 0
v -1.09551632 1.42629671 0
v -1.0954957 1.44190001 0
v -1.09548795 1.45098567 0
v -0.08324489 0.374960274 0
v -0.0910166651 0.37481907 0
v -0.0965167359 0.374691159 0
v -0.0823466927 0.00224394957 0
v -0.0929354653 0.00225705933 0
v -0.101333976 0.00217882171 0
v -0.172349572 0.779831231 0
v -0.169127375 0.780245006 0
v -0.165168524 0.780833364 0
v -0.234685972 1.20715523 0
v -0.229514718 1.20728683 0
v -0.223623499 1.20747149 0
v -0.176297411 1.48654413 0
v -0.172403008 1.48675525 0
v -0.167962357 1.48691308 0
v -0.179892123 1.38354039 0
v -0.190665036 1.33024979 0
v -0.203206331 1.27023435 0
v -0.202215075 0.862614512 0
v -0.188212499 0.839699626 0
v -0.174271122 0.813272536 0
v -0.107908316 0.554184556 0
v -0.104257219 0.501258373 0
v -0.102097467 0.442351997 0
v -0.0989110768 0.0406787172 0
v -0.101294793 0.018160671 0
v -0.104320832 0.00721862866 0
v -1.35290313 4.62113021e-05 0
v -1.38090837 0.000369690417 0
v -1.39496183 0.00124770508 0
v -1.40643322 0.273654312 0
v -1.40643322 0.204562396 0
v -1.40643322 0.135306314 0
v -1.33895612 0.044258099 0
v -1.32860994 0.0429969542 0
v -1.30636537 0.0420770682 0
v -0.894456983 0.000242042675 0
v -0.914996028 0.000136801245 0
v -0.946173966 7.28691521e-05 0
v -0.924866974 0.0384552814 0
v -0.940538168 0.0384845398 0
v -0.96534276 0.0386168882 0
v -1.00130332 0.0224675182 0
v -0.998406172 0.0117943175 0
v -0.99662292 0.0049565183 0
v -0.938811719 0.364563793 0
v -0.958556831 0.365780592 0
v -0.988421202 0.366645008 0
v -0.802352607 0.300708979 0
v -0.809394002 0.322157294 0
v -0.817253292 0.338302195 0
v -0.896110117 0.354400665 0
v -0.904652894 0.357809961 0
v -0.914150834 0.360636145 0
v -0.834933639 0.361284941 0
v -0.844473243 0.370033503 0
v -0.854267895 0.377300113 0
v -0.863742828 0.333804131 0
v -0.871653676 0.340333551 0
v -0.879792333 0.345785886 0
v -0.835286617 0.060920462 0
v -0.82829988 0.0765968338 0
v -0.824462175 0.0977661535 0
v -0.924987733 0.399528563 0
v -0.947445989 0.400983661 0
v -0.980886757 0.402120143 0
v -0.837490618 0.285790563 0
v -0.84308064 0.303457201 0
v -0.84934485 0.316302091 0
v -1.34410572 0.405820727 0
v -1.36610639 0.405951709 0
v -1.37641144 0.405992478 0
v -1.06574094 0.0393419713 0
v -1.13668633 0.0399284363 0
v -1.20746946 0.040605478 0
v -1.39537263 0.00946428627 0
v -1.38615608 0.0176759511 0
v -1.36981094 0.0292974189 0
v -1.34608459 0.0738730282 0
v -1.34558499 0.0570632443 0
v -1.34459233 0.0491519347 0
v -0.823474765 0.158357307 0
v -0.82536751 0.19469884 0
v -0.828494072 0.230372801 0
v -1.09581828 0.403865635 0
v -1.17087293 0.404568195 0
v -1.24403751 0.405139267 0
v -1.39861453 0.405261278 0
v -1.40120053 0.404706597 0
v -1.4032805 0.40376702 0
v -1.3910706 0.401510984 0
v -1.38099003 0.396329999 0
v -1.35910499 0.3887164 0
v -1.23761308 0.370735943 0
v -1.16355312 0.368800551 0
v -1.09268391 0.367839187 0
v -1.40574491 0.399270654 0
v -1.40622938 0.390092105 0
v -1.40640771 0.369285226 0
v -1.33392894 0.368822366 0
v -1.34295654 0.365013301 0
v -1.34660804 0.362033397 0
v -1.3995055 0.39552471 0
v -1.39062023 0.38715446 0
v -1.37455666 0.375592738 0
v -1.3482126 0.35547328 0
v -1.34845889 0.347151458 0
v -1.34847629 0.330107242 0
v -1.40081906 0.325798303 0
v -1.39163494 0.31933409 0
v -1.37531078 0.311088234 0
v -1.30229449 0.00577523233 0
v -1.29686749 0.0133729046 0
v -1.28596592 0.024615461 0
v -1.34788513 0.255286783 0
v -1.3473829 0.201883033 0
v -1.34686422 0.148501888 0
v -1.400352 0.0809791908 0
v -1.39070237 0.0859678239 0
v -1.37391567 0.093168363 0
v -1.06669664 1.53649271e-05 0
v -1.15061557 4.55257077e-06 0
v -1.23432195 5.69071346e-07 0
v -1.1660682 0.142624646 0
v -1.15229714 0.146156907 0
v -1.14672458 0.141291335 0
v -1.00223112 0.139655471 0
v -1.0137074 0.144074678 0
v -1.02491212 0.139727637 0
v -0.99401921 0.267962128 0
v -1.00769913 0.264355928 0
v -1.02205837 0.268946588 0
v -0.979253054 0.264266729 0
v -0.987373948 0.2617535 0
v -0.987368405 0.266946882 0
v -0.967621088 0.256623894 0
v -0.976346552 0.256138206 0
v -0.974944651 0.262123525 0
v -0.971221566 0.147031263 0
v -0.970774233 0.157866776 0
v -0.959741056 0.164934054 0
v -0.957797408 0.234826341 0
v -0.966340244 0.242080912 0
v -0.963572979 0.251582652 0
v -1.05411279 0.139993891 0
v -1.08384621 0.144722655 0
v -1.11802959 0.140746504 0
v -1.16919065 0.159028694 0
v -1.16085815 0.153242454 0
v -1.16797841 0.1443775 0
v -0.955704808 0.182706118 0
v -0.960930824 0.20062378 0
v -0.955309272 0.217689365 0
v -1.12160838 0.269295692 0
v -1.08584523 0.265123308 0
v -1.05478048 0.269251674 0
v -1.15112853 0.268855989 0
v -1.15652025 0.263911843 0
v -1.17029452 0.266880155 0
v -1.17174709 0.264568508 0
v -1.16404927 0.255548328 0
v -1.17187369 0.249132589 0
v -1.17127597 0.227546185 0
v -1.16273975 0.204030365 0
v -1.16991866 0.180295631 0
v -0.85222882 0.135031939 0
v -0.886740923 0.147154793 0
v -0.920966983 0.159504443 0
v -1.21791315 0.289761156 0
v -1.26256156 0.312981814 0
v -1.30843246 0.337409139 0
v -1.30884874 0.286178499 0
v -1.26289046 0.270678759 0
v -1.21817541 0.255739272 0
v -0.970655382 0.292102277 0
v -0.954043627 0.316119313 0
v -0.938133836 0.341127098 0
v -1.03147781 0.344857484 0
v -1.03098309 0.319097161 0
v -1.03219926 0.294375986 0
v -1.17046857 0.115357541 0
v -1.20417333 0.0903995261 0
v -1.23818135 0.0643203184 0
v -1.01241064 0.0619474575 0
v -1.02020133 0.088328734 0
v -1.0282433 0.113694422 0
v -0.935107112 0.273302794 0
v -0.907287955 0.291375011 0
v -0.879510045 0.309946001 0
v -0.906590104 0.330528289 0
v -0.929015934 0.307738572 0
v -0.951746404 0.285826474 0
v -1.30657125 0.118054949 0
v -1.2603569 0.134508312 0
v -1.21567631 0.15068239 0
v -1.26248801 0.347386986 0
v -1.21781588 0.319732189 0
v -1.17806494 0.294423729 0
v -1.30338287 0.0686384514 0
v -1.25759149 0.0940623209 0
v -1.21325028 0.118303619 0
v -0.85917592 0.254251748 0
v -0.890734375 0.245440096 0
v -0.92220521 0.236613497 0
v -0.212634072 0.37689501 0
v -0.22560446 0.378884405 0
v -0.237873793 0.380873621 0
v -0.383223563 0.778925121 0
v -0.378308475 0.781229556 0
v -0.371186256 0.783227503 0
v -0.268648773 0.5493747 0
v -0.261107922 0.498487681 0
v -0.254935443 0.443684727 0
v -0.224636659 0.188752934 0
v -0.231941998 0.246863917 0
v -0.240386799 0.314487159 0
v -6.4921811e-11 0.0060363235 0
v 2.77609991e-10 0.0170043074 0
v 1.27610159e-10 0.0395842567 0
v -0.260703206 0.317525923 0
v -0.249272004 0.248326391 0
v -0.238010123 0.182388216 0
v -0.0991591737 0.296909422 0
v -0.0979176909 0.216202542 0
v -0.0972417146 0.141174078 0
v -0.225006968 0.126597941 0
v -0.222366765 0.130742967 0
v -0.2206866 0.139974549 0
v -0.0540490299 0.0803434402 0
v -0.0374769866 0.0799898729 0
v -0.01917178 0.0797014236 0
v -0.108349837 0.0793115422 0
v -0.105055526 0.0797540992 0
v -0.101489112 0.0801935568 0
v -0.131320626 0.37368077 0
v -0.139549673 0.373624206 0
v -0.148745403 0.373568416 0
v -0.133594722 0.00192374294 0
v -0.138132319 0.0018613612 0
v -0.144309402 0.00177637592 0
v -0.271318823 0.787884355 0
v -0.253823668 0.78849858 0
v -0.237816125 0.788775325 0
v -0.448570251 1.21007931 0
v -0.426937819 1.20986104 0
v -0.406768352 1.2098434 0
v -0.35498631 1.46058047 0
v -0.332773298 1.46144032 0
v -0.314243406 1.46288753 0
v -0.184357524 0.0833878443 0
v -0.173062071 0.0801960826 0
v -0.161673173 0.0788831115 0
v -0.157500818 0.295754761 0
v -0.155492067 0.214724943 0
v -0.153152168 0.13934952 0
v -0.324503571 1.36834633 0
v -0.342407227 1.31943178 0
v -0.362916678 1.26514339 0
v -1.29155254 1.07355976 0
v -1.23207891 1.0745461 0
v -1.16614556 1.07558477 0
v -0.306499362 0.890970051 0
v -0.276523858 0.86059916 0
v -0.248642713 0.826601028 0
v -0.15760015 0.552208483 0
v -0.156865403 0.499629349 0
v -0.157709911 0.441106498 0
v -0.150534406 0.038774658 0
v -0.1507449 0.0166213587 0
v -0.151600972 0.00621480821 0
v -0.346316159 0.785752296 0
v -0.328818589 0.786346078 0
v -0.309614778 0.786767125 0
v -1.40643322 1.17836225 0
v -1.40643322 1.14006829 0
v -1.40643322 1.10557413 0
v -0.168026134 0.373510748 0
v -0.177938029 0.373683661 0
v -0.188470468 0.37420705 0
v -0.215360552 0.132773787 0
v -0.209338099 0.113453813 0
v -0.202596471 0.0990373716 0
v -0.195584849 0.148121923 0
v -0.197363392 0.221074775 0
v -0.199072555 0.299642473 0
v -0.203000486 0.55072248 0
v -0.200188339 0.498738468 0
v -0.199849352 0.441253304 0
v -0.391523391 1.42879164 0
v -0.386911452 1.44481003 0
v -0.385135919 1.45407176 0
v -0.858924389 1.17917824 0
v -0.862500548 1.14162767 0
v -0.865923405 1.10772455 0
v -0.197413146 0.0197654832 0
v -0.195627049 0.0296835285 0
v -0.194527656 0.0509843379 0
v -0.181994364 0.780626178 0
v -0.179111034 0.779918313 0
v -0.176971346 0.779611349 0
v -0.261523664 1.207376 0
v -0.250985593 1.20716166 0
v -0.244282618 1.20707417 0
v -0.196866781 1.48331642 0
v -0.188649625 1.48488247 0
v -0.183513805 1.48576522 0
v -0.1217971 0.0784415081 0
v -0.118137501 0.0785227641 0
v -0.11475382 0.0786768794 0
v -0.104017869 0.374406338 0
v -0.10696248 0.374246955 0
v -0.109522477 0.374096185 0
v -0.112135127 0.00196143519 0
v -0.115219921 0.00188322074 0
v -0.117478795 0.0018355276 0
v -0.112890758 0.0391522273 0
v -0.1147855 0.0169451721 0
v -0.117037512 0.00645526499 0
v -0.118693322 0.553316832 0
v -0.114880256 0.500612259 0
v -0.112835266 0.44181776 0
v -0.220626608 0.860824704 0
v -0.205209434 0.837804973 0
v -0.189963683 0.811304152 0
v -0.198895022 1.38290155 0
v -0.210827649 1.3296721 0
v -0.224641398 1.26967359 0
v -0.11108654 0.296078742 0
v -0.110730194 0.215033963 0
v -0.1108367 0.13969855 0
v -0.154522687 0.782499075 0
v -0.146310553 0.783757031 0
v -0.134311423 0.785550296 0
v -0.208289638 1.20799196 0
v -0.196703061 1.20838082 0
v -0.180108681 1.20892835 0
v -0.156410694 1.48722672 0
v -0.147694722 1.48745906 0
v -0.135222524 1.48779142 0
v -0.0205816608 0.375726402 0
v -0.0401646495 0.375561178 0
v -0.0577502996 0.375346959 0
v -0.0188865978 0.00101617689 0
v -0.0371627435 0.00135341939 0
v -0.0542179905 0.00175356667 0
v -0.0928076506 0.0807981342 0
v -0.0868141055 0.0808937475 0
v -0.0787915587 0.0808472112 0
v -0.071097374 0.297186971 0
v -0.0698235035 0.216339618 0
v -0.0687282011 0.141270429 0
v -0.0678529367 0.0407709517 0
v -0.0681332648 0.0182355177 0
v -0.0687127858 0.00726787513 0
v -0.0777166709 0.55671066 0
v -0.0750576928 0.502996743 0
v -0.0734870359 0.443424582 0
v -0.148097619 0.869906783 0
v -0.137768224 0.846851408 0
v -0.127423376 0.820178509 0
v -0.129823744 1.38456404 0
v -0.137569442 1.33133364 0
v -0.146679506 1.27160001 0
v -0.831847906 0.941425025 0
v -0.790431201 0.940680623 0
v -0.752066553 0.939770877 0
v -0.652895331 1.45705569 0
v -0.716368675 1.45688438 0
v -0.780134559 1.45682132 0
v -0.800534964 1.221012 0
v -0.747255921 1.22018409 0
v -0.695461214 1.21905637 0
v -0.871460617 1.04641473 0
v -0.873402655 1.0189693 0
v -0.874846578 0.995093942 0
v -0.715808511 0.943364441 0
v -0.715169549 0.949382186 0
v -0.713990331 0.958069742 0
v -1.40643322 1.0443157 0
v -1.40643322 1.01751578 0
v -1.40643322 0.994444191 0
v -1.10137439 0.947828054 0
v -1.10137129 0.953927398 0
v -1.10129809 0.962989509 0
v -0.925370157 0.976424456 0
v -0.97926259 0.976716101 0
v -1.03776443 0.976763904 0
v -1.37506449 0.974068642 0
v -1.39306104 0.974516213 0
v -1.40200913 0.975225091 0
v -0.830367744 0.975349844 0
v -0.788347125 0.974423587 0
v -0.749113739 0.972966313 0
v -0.631827712 1.26622927 0
v -0.619265437 1.31573188 0
v -0.608277261 1.36150837 0
v -0.84343034 1.45079851 0
v -0.843635142 1.4415406 0
v -0.844190955 1.42579448 0
v -1.40429115 1.44949973 0
v -1.40579855 1.44146037 0
v -1.40635395 1.42624331 0
v -1.09601665 1.26965582 0
v -1.09576786 1.31849492 0
v -1.09562826 1.36383843 0
v -0.906614244 1.40065789 0
v -0.968149126 1.40083599 0
v -1.03081679 1.40090394 0
v -1.36544442 1.40091991 0
v -1.38582551 1.40092003 0
v -1.3981446 1.40092015 0
v -0.783448994 1.39979839 0
v -0.721508682 1.39926672 0
v -0.660081923 1.39892495 0
v -1.16310763 1.22191477 0
v -1.2282182 1.2216934 0
v -1.28683341 1.22147882 0
v -1.16878283 0.943305612 0
v -1.23556864 0.943354726 0
v -1.29586446 0.943372786 0
v -1.39600265 1.45532644 0
v -1.38519061 1.45637214 0
v -1.36536515 1.45675731 0
v -1.16856408 0.975888252 0
v -1.23530734 0.975120366 0
v -1.2955507 0.974419117 0
v -1.16235268 1.40091836 0
v -1.22737634 1.40091956 0
v -1.28584373 1.40091991 0
v -1.33297122 1.42629826 0
v -1.33297122 1.44190049 0
v -1.3329711 1.45098567 0
v -1.33769953 1.10488296 0
v -1.33628106 1.13962555 0
v -1.33502042 1.17810297 0
v -1.34397149 0.947306395 0
v -1.34401941 0.952728808 0
v -1.34389043 0.961133897 0
v -1.33342183 1.26933861 0
v -1.33310473 1.31840742 0
v -1.33298779 1.36383319 0
v -1.575166e-09 1.05127513 0
v -2.09484519e-09 1.09995329 0
v 1.39698386e-09 1.15424669 0
v -0.496393919 1.16030252 0
v -0.514895737 1.11299038 0
v -0.528360009 1.06818199 0
v -0.574389756 1.03855801 0
v -0.61227864 1.05036938 0
v -0.651035786 1.05960655 0
v -0.732231677 1.07108271 0
v -0.775264144 1.07390058 0
v -0.820652604 1.07544947 0
v -1.40041542 1.07329178 0
v -1.39007699 1.07283735 0
v -1.37109721 1.07265139 0
v -0.530260682 1.45791578 0
v -0.474291027 1.45857489 0
v -0.424997032 1.45928252 0
v -0.596163869 1.21576726 0
v -0.550357401 1.21383929 0
v -0.509426713 1.2120769 0
v -2.9519881e-10 0.924395084 0
v 2.06219175e-09 0.947922528 0
v -1.10594556e-09 0.975620687 0
v -0.230279043 1.1464957 0
v -0.242206439 1.08894253 0
v -0.250693977 1.03700376 0
v -0.498388618 0.913325548 0
v -0.524934351 0.927956522 0
v -0.55194068 0.939959884 0
v -0.405479372 1.15701127 0
v -0.422744364 1.10834956 0
v -0.43303895 1.06467748 0
v -0.440299124 0.940228224 0
v -0.472229391 0.963447869 0
v -0.502828956 0.988420129 0
v -0.254073024 1.14570951 0
v -0.266827017 1.08793032 0
v -0.275734305 1.03575563 0
v -0.166806236 1.14950562 0
v -0.175906122 1.09320331 0
v -0.182536751 1.04251349 0
v -0.0529372618 1.00850046 0
v -0.103228673 1.00585222 0
v -0.148228392 1.00246143 0
v -0.261487722 0.991897762 0
v -0.267953545 0.991365612 0
v -0.273635358 0.99110955 0
v -0.573195755 0.961149871 0
v -0.563807607 0.976058781 0
v -0.551520944 0.994915366 0
v -0.344897121 1.00695848 0
v -0.374271601 1.01438129 0
v -0.404830843 1.0214572 0
v -0.591147661 0.930590689 0
v -0.588701904 0.935101807 0
v -0.585230827 0.941188693 0
v -0.212592453 0.996630311 0
v -0.231603518 0.994829059 0
v -0.2446163 0.993564367 0
v -0.456651568 1.02966499 0
v -0.477942348 1.02979183 0
v -0.500778258 1.02747917 0
v 1.96822536e-09 1.27372038 0
v -1.45456092e-09 1.33302021 0
v 1.16415322e-09 1.38617361 0
v -0.1629062 1.48123312 0
v -0.163880333 1.47162223 0
v -0.166524425 1.45443892 0
v -0.29580465 1.45956945 0
v -0.297507048 1.45037866 0
v -0.302005857 1.43421853 0
v -0.453377217 1.26402807 0
v -0.432612181 1.31661546 0
v -0.414435655 1.36424446 0
v -0.180008695 1.48042643 0
v -0.181092247 1.47083259 0
v -0.18403323 1.45367956 0
v -0.117696822 1.4824121 0
v -0.118391804 1.47277284 0
v -0.120278187 1.45555294 0
v -0.0352949984 1.42848361 0
v -0.0688671619 1.42805207 0
v -0.0989936665 1.42749977 0
v -0.177174821 1.42576718 0
v -0.181876034 1.42562819 0
v -0.185997695 1.42544591 0
v -0.240531921 1.41758454 0
v -0.263726324 1.41405475 0
v -0.288026541 1.41055155 0
v -0.5415622 1.39955556 0
v -0.48738873 1.40050781 0
v -0.439567894 1.40160978 0
v -0.142550051 1.42654908 0
v -0.155724734 1.42625451 0
v -0.164943308 1.4260478 0
v -0.330104202 1.4055984 0
v -0.348971963 1.40433264 0
v -0.371126056 1.40346098 0
v -0.567625165 0.919578791 0
v -0.54341954 0.909737706 0
v -0.51940769 0.897059619 0
v -0.250675946 0.957082212 0
v -0.242131412 0.928674936 0
v -0.23006928 0.905032873 0
v -0.420682609 0.995363235 0
v -0.398309022 0.968297839 0
v -0.369519591 0.94337672 0
v -0.274873435 0.955527663 0
v -0.26512745 0.927064955 0
v -0.251579076 0.903387964 0
v -0.183213383 0.964223385 0
v -0.17716451 0.936085463 0
v -0.168456659 0.912485003 0
v -1.52487489e-09 0.831212103 0
v 7.2310119e-10 0.858282089 0
v 5.82076609e-10 0.881564498 0
v -0.387562722 0.820192993 0
v -0.415455461 0.849963367 0
v -0.443681002 0.874884486 0
v -0.31746158 0.825560689 0
v -0.346402943 0.859523118 0
v -0.376683623 0.889593601 0
v -0.181591243 0.888282776 0
v -0.197637945 0.886245012 0
v -0.208533525 0.884816587 0
v -0.278011441 0.898066759 0
v -0.296967477 0.905592084 0
v -0.317527443 0.912764192 0
v -0.222534776 0.882935882 0
v -0.227819443 0.882327855 0
v -0.23231101 0.882017732 0
v -0.0453087389 0.901745737 0
v -0.08833424 0.898740232 0
v -0.12679325 0.89489311 0
v -0.458602309 0.900882304 0
v -0.44293344 0.906345665 0
v -0.425696105 0.911637843 0
v -0.491269976 0.884348094 0
v -0.487007707 0.887651205 0
v -0.480747014 0.891384721 0
v -0.391051441 0.919657826 0
v -0.374141693 0.921428919 0
v -0.356658816 0.921115518 0
v -0.279494882 0.44420144 0
v -0.287230253 0.498143762 0
v -0.295884728 0.54828012 0
v 4.65661287e-10 0.445020586 0
v 2.26116487e-10 0.505727291 0
v 8.28342464e-11 0.560723662 0
v -0.146737814 0.743440807 0
v -0.133919582 0.699995458 0
v -0.122710146 0.652956426 0
v -0.335776955 0.743317664 0
v -0.313376963 0.697265923 0
v -0.294295669 0.64847064 0
v -0.201851413 0.745774031 0
v -0.184037179 0.699644923 0
v -0.170509234 0.651287377 0
v -0.264556676 0.744378388 0
v -0.241972476 0.698029459 0
v -0.223486349 0.649530232 0
v -0.160184413 0.741576076 0
v -0.14644815 0.698322177 0
v -0.134477809 0.651533127 0
v -0.106822804 0.749334633 0
v -0.0971799195 0.705128491 0
v -0.0887473077 0.657234073 0
v -0.0655817017 0.609135985 0
v -0.0456188023 0.610893846 0
v -0.0233787056 0.61226666 0
v -0.123075999 0.603075385 0
v -0.120591208 0.603325605 0
v -0.117542356 0.60364604 0
v -0.130615562 0.60265851 0
v -0.128335223 0.60270673 0
v -0.126656577 0.602777779 0
v -0.264247686 0.599166691 0
v -0.246502757 0.599504709 0
v -0.227894917 0.599844158 0
v -0.109375529 0.604519904 0
v -0.10323187 0.605177045 0
v -0.0944727734 0.606111884 0
v -0.195115164 0.600663841 0
v -0.18229562 0.601133406 0
v -0.17131798 0.601582944 0
v -0.303000271 0.59733057 0
v -0.297758698 0.597860873 0
v -0.290231377 0.598354399 0
v -0.876406193 0.0712967739 0
v -0.910905123 0.0957926735 0
v -0.943314433 0.119519122 0
v -0.804426551 0.0206319038 0
v -0.812060535 0.0261373259 0
v -0.825066686 0.0353470743 0
v -0.113897748 0.373881549 0
v -0.116362125 0.37382102 0
v -0.119740121 0.373775572 0
v -0.121653453 0.00184933713 0
v -0.124136835 0.00189392373 0
v -0.126929522 0.00193520077 0
v -0.211199895 0.787221372 0
v -0.200860783 0.785471737 0
v -0.192548424 0.783546805 0
v -0.357871383 1.2094245 0
v -0.328972965 1.20888972 0
v -0.30119586 1.20828843 0
v -0.273730993 1.46879363 0
v -0.250452638 1.4729737 0
v -0.228265762 1.47718394 0
v -0.142770097 0.0784374848 0
v -0.135955974 0.0783873722 0
v -0.13044861 0.078381069 0
v -0.284201205 0.991760731 0
v -0.291487902 0.9931916 0
v -0.302796096 0.995946109 0
v -0.193627805 1.42478526 0
v -0.199034527 1.4240427 0
v -0.207658231 1.42272794 0
v -0.239870265 0.882635176 0
v -0.244533807 0.884087861 0
v -0.251595885 0.886889279 0
v -0.152998567 0.602241695 0
v -0.145359144 0.602426112 0
v -0.138966292 0.602541268 0
v -0.169827431 0.742596269 0
v -0.155217052 0.698600411 0
v -0.143076569 0.651414573 0
v -0.242363796 0.868651986 0
v -0.222816765 0.84369874 0
v -0.204049751 0.815227628 0
v -0.231659815 1.37910438 0
v -0.245325699 1.32698917 0
v -0.261095941 1.2684691 0
v -0.313841283 0.965895474 0
v -0.300462604 0.93780154 0
v -0.282522172 0.913800597 0
v -1.09843361 1.10793817 0
v -1.09768534 1.14192414 0
v -1.09698939 1.17957926 0
v -0.126655072 0.0386863314 0
v -0.127669662 0.0166302342 0
v -0.128821805 0.00634719059 0
v -0.128421381 0.552996993 0
v -0.125599712 0.500322402 0
v -0.12463399 0.441572309 0
v -0.294424832 1.14862204 0
v -0.308555663 1.09322071 0
v -0.317935169 1.04326665 0
v -0.209959105 1.47500563 0
v -0.211212754 1.46551585 0
v -0.214596853 1.44861853 0
v -0.12473432 0.295775056 0
v -0.124942519 0.21462585 0
v -0.125290841 0.13919726 0
v -1.03560925 1.07690036 0
v -0.97620225 1.07698989 0
v -0.920727432 1.07675743 0
v -0.681422949 1.09866059 0
v -0.670294583 1.13408804 0
v -0.658021986 1.17348373 0
v -1.34277308 0.992431104 0
v -1.34176373 1.01575387 0
v -1.3405354 1.04291987 0
v -0.610430121 0.957289934 0
v -0.642568827 0.963184476 0
v -0.676478684 0.967586935 0
v -0.620649993 0.931926489 0
v -0.650423706 0.935236216 0
v -0.68230015 0.937315047 0
v -0.788888156 0.0318174846 0
v -0.783398569 0.052655898 0
v -0.781655848 0.0797041059 0
v -1.38469863 0.40595153 0
v -1.38847673 0.405887663 0
v -1.39215183 0.405769229 0
v -0.785714149 0.113647573 0
v -0.791835248 0.115120672 0
v -0.803381205 0.11858958 0
v -1.3079139 0.401935488 0
v -1.31096721 0.397034764 0
v -1.31295002 0.38937667 0
v -0.799095511 0.271307439 0
v -0.804438233 0.269689232 0
v -0.814775944 0.26670602 0
v -0.827834189 0.348138422 0
v -0.832093537 0.344016373 0
v -0.840821207 0.337088525 0
v -0.865595698 0.379253179 0
v -0.8688398 0.373548716 0
v -0.87569505 0.364491999 0
v -0.909938693 0.393647164 0
v -0.912047327 0.387773931 0
v -0.916697204 0.378144532 0
v -1.03265047 0.382993788 0
v -1.03210092 0.392907023 0
v -1.03103924 0.39894709 0
v -0.815856397 0.00772581948 0
v -0.836032271 0.00283223693 0
v -0.857349455 0.000867801195 0
v -0.861066103 0.0434795134 0
v -0.878414631 0.0400348753 0
v -0.896023571 0.0387230255 0
v -0.980413079 0.142490342 0
v -0.992727458 0.14509818 0
v -0.995399952 0.139869332 0
v -0.932003379 0.061549101 0
v -0.955060005 0.0880074799 0
v -0.976985872 0.113473445 0
v -0.897238255 0.0221549552 0
v -0.887754738 0.0116606029 0
v -0.881616592 0.00505845901 0
v 1.40634871 0.0383939296 0
v 1.40575719 0.0166611839 0
v 1.40415168 0.00661135511 0
v 0.874100387 0.388164043 0
v 0.884534538 0.392094195 0
v 0.896015882 0.39520818 0
v 0.784220457 0.152595758 0
v 0.787179232 0.19480899 0
v 0.791187346 0.2359716 0
v 0.25648272 0.38356173 0
v 0.262483418 0.384088427 0
v 0.267105371 0.384271115 0
v 0.594462037 1.4248575 0
v 0.591708779 1.44107163 0
v 0.590677083 1.45084119 0
v 0.220604226 0.0817761943 0
v 0.214273036 0.0504728742 0
v 0.20773682 0.0291719306 0
v 0.163836047 0.0018099288 0
v 0.176324934 0.00327385962 0
v 0.188731954 0.00740597257 0
v 0.322149187 0.64517349 0
v 0.340853095 0.692391753 0
v 0.362664044 0.736726403 0
v 0.468079329 0.861981928 0
v 0.440689683 0.838573337 0
v 0.413347244 0.810310006 0
v 0.0936607644 0.791363835 0
v 0.0652293712 0.794746101 0
v 0.0334513485 0.797388554 0
v 0.125123516 1.21067834 0
v 0.0870537609 1.21169031 0
v 0.0446183085 1.21247911 0
v 0.0939288586 1.48887312 0
v 0.0653481409 1.48950374 0
v 0.033492744 1.48999643 0
v 0.876452267 0.962300241 0
v 0.876764119 0.953075111 0
v 0.876878083 0.946807384 0
v 1.10080814 0.995486796 0
v 1.10036993 1.01924562 0
v 1.09981751 1.04661393 0
v 0.847011745 1.36319506 0
v 0.849350035 1.31785917 0
v 0.852186382 1.26906931 0
v 1.40639639 0.962989748 0
v 1.40613806 0.954431534 0
v 1.40543687 0.949251235 0
v 1.40643322 1.36383533 0
v 1.40643322 1.31842399 0
v 1.40643322 1.26939476 0
v 1.36642087 1.22126031 0
v 1.38655984 1.22128022 0
v 1.39853692 1.22135389 0
v 1.03066087 1.45681226 0
v 0.967750371 1.45681226 0
v 0.905686736 1.45681226 0
v 1.37533796 0.943421185 0
v 1.39299929 0.943742216 0
v 1.40113747 0.944613516 0
v 0.912074804 1.22195268 0
v 0.970858693 1.22214031 0
v 1.03217173 1.22217739 0
v 1.28584266 1.45681226 0
v 1.22736764 1.45681226 0
v 1.16232347 1.45681226 0
v 0.926088214 0.942474902 0
v 0.979732096 0.942813277 0
v 1.03806901 0.943052113 0
v 0.708937705 0.988453329 0
v 0.704565823 1.01077461 0
v 0.698656797 1.03701591 0
v 1.0955162 1.42629683 0
v 1.0954957 1.44190001 0
v 1.09548795 1.45098567 0
v 0.08324489 0.374960244 0
v 0.0910166651 0.37481907 0
v 0.0965167359 0.374691188 0
v 0.0823466927 0.00224394957 0
v 0.0929354653 0.00225705933 0
v 0.101333976 0.00217882171 0
v 0.172349572 0.77983129 0
v 0.169127375 0.780245006 0
v 0.165168524 0.780833304 0
v 0.234685972 1.20715523 0
v 0.229514718 1.20728683 0
v 0.223623499 1.20747137 0
v 0.176297411 1.48654425 0
v 0.172403008 1.48675525 0
v 0.167962357 1.48691308 0
v 0.179892123 1.38354039 0
v 0.190665036 1.33024967 0
v 0.203206331 1.27023435 0
v 0.20221509 0.862614572 0
v 0.188212484 0.839699626 0
v 0.174271122 0.813272476 0
v 0.107908309 0.554184496 0
v 0.104257211 0.501258373 0
v 0.102097474 0.442351967 0
v 0.0989110693 0.0406787209 0
v 0.101294793 0.018160671 0
v 0.104320832 0.00721862912 0
v 1.35290313 4.62113021e-05 0
v 1.38090837 0.000369690417 0
v 1.39496183 0.00124770508 0
v 1.40643322 0.273654312 0
v 1.40643322 0.204562411 0
v 1.40643322 0.135306314 0
v 1.33895612 0.0442580953 0
v 1.32860994 0.0429969504 0
v 1.30636537 0.0420770645 0
v 0.894457042 0.000242042675 0
v 0.914996088 0.00013680126 0
v 0.946173966 7.28691521e-05 0
v 0.924867034 0.0384552814 0
v 0.940538108 0.0384845398 0
v 0.96534282 0.038616892 0
v 1.00130332 0.0224675201 0
v 0.998406112 0.0117943175 0
v 0.99662292 0.0049565183 0
v 0.938811779 0.364563793 0
v 0.958556831 0.365780592 0
v 0.988421142 0.366645038 0
v 0.802352607 0.300708979 0
v 0.809394002 0.322157294 0
v 0.817253292 0.338302195 0
v 0.896110117 0.354400665 0
v 0.904652953 0.357809991 0
v 0.914150834 0.360636145 0
v 0.834933698 0.361284941 0
v 0.844473243 0.370033503 0
v 0.854267836 0.377300143 0
v 0.863742828 0.333804131 0
v 0.871653676 0.340333551 0
v 0.879792273 0.345785916 0
v 0.835286617 0.0609204583 0
v 0.82829988 0.0765968338 0
v 0.824462175 0.097766161 0
v 0.924987733 0.399528563 0
v 0.947445989 0.400983632 0
v 0.980886757 0.402120143 0
v 0.837490678 0.285790533 0
v 0.843080699 0.303457201 0
v 0.84934479 0.316302091 0
v 1.34410572 0.405820727 0
v 1.36610651 0.405951709 0
v 1.37641156 0.405992478 0
v 1.06574094 0.0393419676 0
v 1.13668633 0.0399284363 0
v 1.20746934 0.0406054817 0
v 1.39537275 0.00946428627 0
v 1.38615608 0.0176759511 0
v 1.36981094 0.0292974189 0
v 1.34608459 0.0738730282 0
v 1.34558511 0.0570632443 0
v 1.34459233 0.0491519384 0
v 0.823474765 0.158357307 0
v 0.82536751 0.194698855 0
v 0.828494072 0.230372801 0
v 1.09581828 0.403865606 0
v 1.17087293 0.404568195 0
v 1.24403751 0.405139267 0
v 1.39861453 0.405261278 0
v 1.40120053 0.404706597 0
v 1.4032805 0.40376702 0
v 1.39107037 0.401510984 0
v 1.38098991 0.396329969 0
v 1.35910499 0.3887164 0
v 1.2376132 0.370735943 0
v 1.163553 0.368800551 0
v 1.09268391 0.367839187 0
v 1.40574479 0.399270654 0
v 1.40622926 0.390092105 0
v 1.40640771 0.369285226 0
v 1.33392894 0.368822336 0
v 1.34295642 0.365013301 0
v 1.34660804 0.362033457 0
v 1.39950526 0.39552471 0
v 1.39062011 0.38715446 0
v 1.37455654 0.375592738 0
v 1.34821236 0.35547328 0
v 1.34845889 0.347151458 0
v 1.34847617 0.330107212 0
v 1.40081906 0.325798303 0
v 1.39163494 0.31933412 0
v 1.37531078 0.311088204 0
v 1.30229437 0.00577523233 0
v 1.29686737 0.0133729037 0
v 1.28596592 0.024615461 0
v 1.34788501 0.255286753 0
v 1.34738278 0.201883033 0
v 1.34686422 0.148501888 0
v 1.400352 0.0809791908 0
v 1.39070225 0.0859678239 0
v 1.37391579 0.093168363 0
v 1.06669664 1.53649271e-05 0
v 1.15061557 4.55257077e-06 0
v 1.23432195 5.69071346e-07 0
v 1.1660682 0.142624646 0
v 1.15229714 0.146156907 0
v 1.14672446 0.14129135 0
v 1.00223112 0.139655486 0
v 1.0137074 0.144074693 0
v 1.02491212 0.139727652 0
v 0.99401921 0.267962128 0
v 1.00769913 0.264355898 0
v 1.02205849 0.268946588 0
v 0.979252994 0.264266729 0
v 0.987373888 0.26175347 0
v 0.987368345 0.266946882 0
v 0.967621148 0.256623894 0
v 0.976346612 0.256138206 0
v 0.974944651 0.262123525 0
v 0.971221566 0.147031292 0
v 0.970774233 0.157866791 0
v 0.959740996 0.164934069 0
v 0.957797408 0.234826341 0
v 0.966340244 0.242080912 0
v 0.963572979 0.251582652 0
v 1.05411267 0.139993906 0
v 1.08384609 0.14472267 0
v 1.11802959 0.140746504 0
v 1.16919076 0.159028694 0
v 1.16085827 0.153242454 0
v 1.16797829 0.144377515 0
v 0.955704868 0.182706133 0
v 0.960930824 0.200623795 0
v 0.955309212 0.217689365 0
v 1.12160838 0.269295722 0
v 1.08584511 0.265123308 0
v 1.05478048 0.269251704 0
v 1.15112853 0.268855989 0
v 1.15652025 0.263911873 0
v 1.17029464 0.266880155 0
v 1.17174709 0.264568537 0
v 1.16404927 0.255548328 0
v 1.17187381 0.249132589 0
v 1.17127609 0.227546185 0
v 1.16273987 0.204030365 0
v 1.16991854 0.180295646 0
v 0.85222882 0.135031939 0
v 0.886740923 0.147154778 0
v 0.920966923 0.159504443 0
v 1.21791303 0.289761186 0
v 1.26256168 0.312981814 0
v 1.30843258 0.337409168 0
v 1.30884874 0.286178499 0
v 1.26289022 0.270678759 0
v 1.21817553 0.255739272 0
v 0.970655382 0.292102247 0
v 0.954043686 0.316119343 0
v 0.938133717 0.341127127 0
v 1.03147793 0.344857484 0
v 1.03098309 0.319097131 0
v 1.03219938 0.294375986 0
v 1.17046869 0.115357541 0
v 1.20417333 0.0903995261 0
v 1.23818135 0.0643203184 0
v 1.01241052 0.0619474649 0
v 1.02020121 0.088328734 0
v 1.0282433 0.113694414 0
v 0.935107112 0.273302794 0
v 0.907288015 0.291375011 0
v 0.879510045 0.30994603 0
v 0.906590104 0.330528289 0
v 0.929015934 0.307738572 0
v 0.951746345 0.285826474 0
v 1.30657136 0.118054956 0
v 1.2603569 0.134508312 0
v 1.21567643 0.150682405 0
v 1.26248789 0.347386986 0
v 1.21781588 0.319732159 0
v 1.17806494 0.294423729 0
v 1.30338299 0.0686384514 0
v 1.25759172 0.0940623134 0
v 1.2132504 0.118303619 0
v 0.85917592 0.254251748 0
v 0.890734375 0.245440096 0
v 0.92220521 0.236613512 0
v 0.212634087 0.37689501 0
v 0.22560446 0.378884375 0
v 0.237873793 0.380873621 0
v 0.383223593 0.778925061 0
v 0.378308475 0.781229496 0
v 0.371186227 0.783227503 0
v 0.268648744 0.5493747 0
v 0.261107922 0.498487681 0
v 0.254935443 0.443684727 0
v 0.224636644 0.188752934 0
v 0.231941983 0.246863902 0
v 0.240386814 0.314487159 0
v 0.260703206 0.317525923 0
v 0.249272004 0.248326406 0
v 0.238010123 0.182388216 0
v 0.0991591662 0.296909451 0
v 0.0979176909 0.216202542 0
v 0.0972417146 0.141174063 0
v 0.225006968 0.126597956 0
v 0.222366765 0.130742967 0
v 0.2206866 0.139974549 0
v 0.0540490299 0.0803434327 0
v 0.0374769829 0.0799898729 0
v 0.01917178 0.0797014162 0
v 0.108349837 0.0793115497 0
v 0.105055518 0.0797540992 0
v 0.101489112 0.0801935494 0
v 0.131320626 0.3736808 0
v 0.139549673 0.373624235 0
v 0.148745403 0.373568416 0
v 0.133594707 0.00192374294 0
v 0.138132319 0.0018613612 0
v 0.144309402 0.00177637592 0
v 0.271318823 0.787884355 0
v 0.253823698 0.788498521 0
v 0.237816125 0.788775384 0
v 0.448570281 1.21007943 0
v 0.426937848 1.20986116 0
v 0.406768352 1.20984364 0
v 0.35498631 1.46058047 0
v 0.332773298 1.46144021 0
v 0.314243406 1.46288753 0
v 0.184357524 0.0833878443 0
v 0.173062056 0.08019609 0
v 0.161673188 0.078883104 0
v 0.157500803 0.295754761 0
v 0.155492067 0.214724943 0
v 0.153152168 0.13934952 0
v 0.324503541 1.36834621 0
v 0.342407227 1.31943178 0
v 0.362916738 1.26514339 0
v 1.29155254 1.07355976 0
v 1.23207879 1.07454586 0
v 1.16614568 1.07558477 0
v 0.306499392 0.890970111 0
v 0.276523858 0.86059916 0
v 0.248642713 0.826601088 0
v 0.15760015 0.552208424 0
v 0.156865418 0.499629378 0
v 0.157709897 0.441106498 0
v 0.150534406 0.038774658 0
v 0.1507449 0.0166213568 0
v 0.151600957 0.00621480867 0
v 0.346316129 0.785752237 0
v 0.328818589 0.786346138 0
v 0.309614748 0.786767066 0
v 1.40643322 1.17836225 0
v 1.40643322 1.14006829 0
v 1.40643322 1.10557413 0
v 0.168026119 0.373510778 0
v 0.177938029 0.373683691 0
v 0.188470483 0.37420702 0
v 0.215360552 0.132773772 0
v 0.209338114 0.113453813 0
v 0.202596471 0.0990373716 0
v 0.195584863 0.148121938 0
v 0.197363392 0.221074775 0
v 0.199072555 0.299642473 0
v 0.203000471 0.55072248 0
v 0.200188324 0.498738497 0
v 0.199849352 0.441253275 0
v 0.391523421 1.42879176 0
v 0.386911482 1.44481015 0
v 0.385135919 1.45407164 0
v 0.858924448 1.17917812 0
v 0.862500548 1.14162779 0
v 0.865923345 1.10772455 0
v 0.197413146 0.0197654814 0
v 0.195627064 0.0296835285 0
v 0.194527671 0.0509843342 0
v 0.181994349 0.780626237 0
v 0.179111034 0.779918313 0
v 0.176971361 0.779611349 0
v 0.261523664 1.20737612 0
v 0.250985593 1.20716166 0
v 0.244282633 1.20707428 0
v 0.196866766 1.4833163 0
v 0.188649625 1.48488247 0
v 0.183513805 1.48576522 0
v 0.121797107 0.0784415156 0
v 0.118137494 0.0785227641 0
v 0.11475382 0.0786768794 0
v 0.104017876 0.374406338 0
v 0.10696248 0.374246955 0
v 0.109522477 0.374096155 0
v 0.112135127 0.00196143496 0
v 0.115219921 0.00188322063 0
v 0.117478795 0.0018355276 0
v 0.112890758 0.0391522236 0
v 0.114785507 0.0169451702 0
v 0.117037505 0.00645526499 0
v 0.118693329 0.553316832 0
v 0.114880264 0.500612259 0
v 0.112835266 0.441817731 0
v 0.220626622 0.860824645 0
v 0.205209449 0.837804973 0
v 0.189963669 0.811304152 0
v 0.198895037 1.38290155 0
v 0.210827649 1.3296721 0
v 0.224641398 1.26967359 0
v 0.111086547 0.296078742 0
v 0.110730194 0.215033963 0
v 0.110836692 0.13969855 0
v 0.154522687 0.782499075 0
v 0.146310553 0.783756971 0
v 0.134311423 0.785550356 0
v 0.208289638 1.20799196 0
v 0.196703047 1.20838082 0
v 0.180108681 1.20892835 0
v 0.156410694 1.48722672 0
v 0.147694722 1.48745906 0
v 0.135222524 1.48779142 0
v 0.0205816608 0.375726372 0
v 0.0401646532 0.375561178 0
v 0.0577502996 0.375346959 0
v 0.0188865978 0.00101617689 0
v 0.0371627472 0.0013534195 0
v 0.0542179905 0.00175356667 0
v 0.0928076431 0.0807981342 0
v 0.0868141055 0.0808937475 0
v 0.0787915587 0.0808472112 0
v 0.071097374 0.297186941 0
v 0.0698235109 0.216339603 0
v 0.0687282011 0.141270414 0
v 0.0678529367 0.0407709554 0
v 0.0681332648 0.0182355158 0
v 0.0687127858 0.00726787467 0
v 0.0777166709 0.556710601 0
v 0.0750577003 0.502996683 0
v 0.0734870359 0.443424582 0
v 0.148097619 0.869906783 0
v 0.137768224 0.846851468 0
v 0.127423376 0.820178509 0
v 0.129823744 1.38456392 0
v 0.137569427 1.33133364 0
v 0.146679506 1.27159989 0
v 0.831847906 0.941425025 0
v 0.790431142 0.940680563 0
v 0.752066493 0.939770818 0
v 0.652895331 1.45705569 0
v 0.716368735 1.45688438 0
v 0.780134559 1.45682132 0
v 0.800534964 1.221012 0
v 0.747255921 1.22018421 0
v 0.695461214 1.21905625 0
v 0.871460557 1.04641473 0
v 0.873402655 1.0189693 0
v 0.874846578 0.995093942 0
v 0.715808511 0.943364382 0
v 0.715169549 0.949382186 0
v 0.713990331 0.958069742 0
v 1.40643322 1.0443157 0
v 1.40643322 1.01751578 0
v 1.40643322 0.994444191 0
v 1.10137427 0.947828114 0
v 1.10137141 0.953927338 0
v 1.10129809 0.962989509 0
v 0.925370157 0.976424456 0
v 0.97926265 0.976716101 0
v 1.03776455 0.976763964 0
v 1.37506461 0.974068642 0
v 1.39306116 0.974516213 0
v 1.40200925 0.975225091 0
v 0.830367804 0.975349844 0
v 0.788347065 0.974423528 0
v 0.749113798 0.972966313 0
v 0.631827772 1.26622939 0
v 0.619265378 1.315732 0
v 0.608277202 1.36150813 0
v 0.84343034 1.45079839 0
v 0.843635142 1.4415406 0
v 0.844190955 1.42579448 0
v 1.40429115 1.44949985 0
v 1.40579844 1.44146049 0
v 1.40635395 1.42624331 0
v 1.09601653 1.26965582 0
v 1.09576786 1.31849504 0
v 1.09562838 1.36383832 0
v 0.906614184 1.40065801 0
v 0.968149126 1.40083599 0
v 1.03081679 1.40090394 0
v 1.36544454 1.40092003 0
v 1.38582551 1.40092003 0
v 1.3981446 1.40092015 0
v 0.783448994 1.39979827 0
v 0.721508741 1.39926684 0
v 0.660081983 1.39892507 0
v 1.16310775 1.22191465 0
v 1.22821808 1.2216934 0
v 1.28683329 1.22147882 0
v 1.16878283 0.943305612 0
v 1.23556852 0.943354726 0
v 1.29586446 0.943372786 0
v 1.39600265 1.45532644 0
v 1.38519073 1.45637214 0
v 1.36536515 1.45675731 0
v 1.16856432 0.975888312 0
v 1.23530722 0.975120306 0
v 1.29555058 0.974419177 0
v 1.1623528 1.40091836 0
v 1.22737622 1.40091956 0
v 1.28584385 1.40091991 0
v 1.33297145 1.42629838 0
v 1.3329711 1.44190049 0
v 1.33297098 1.45098567 0
v 1.33769965 1.10488296 0
v 1.33628094 1.13962555 0
v 1.33502054 1.17810309 0
v 1.34397149 0.947306335 0
v 1.34401953 0.952728748 0
v 1.34389043 0.961133897 0
v 1.33342195 1.26933849 0
v 1.33310461 1.31840742 0
v 1.33298802 1.36383319 0
v 0.496393889 1.16030252 0
v 0.514895737 1.1129905 0
v 0.528360009 1.06818211 0
v 0.574389756 1.03855801 0
v 0.6122787 1.05036938 0
v 0.651035786 1.05960643 0
v 0.732231617 1.07108271 0
v 0.775264144 1.07390058 0
v 0.820652604 1.07544947 0
v 1.4004153 1.07329178 0
v 1.39007688 1.07283723 0
v 1.37109697 1.07265139 0
v 0.530260682 1.45791578 0
v 0.474291056 1.45857489 0
v 0.424997032 1.45928252 0
v 0.596163929 1.21576726 0
v 0.550357342 1.21383929 0
v 0.509426713 1.2120769 0
v 0.230279043 1.14649582 0
v 0.242206424 1.08894265 0
v 0.250693977 1.03700364 0
v 0.498388648 0.913325608 0
v 0.524934411 0.927956522 0
v 0.551940799 0.939959884 0
v 0.405479342 1.15701139 0
v 0.422744334 1.10834956 0
v 0.43303895 1.06467736 0
v 0.440299153 0.940228283 0
v 0.472229391 0.963447869 0
v 0.502828956 0.988420129 0
v 0.254073024 1.1457094 0
v 0.266827017 1.08793044 0
v 0.275734305 1.03575563 0
v 0.166806236 1.14950562 0
v 0.175906122 1.09320319 0
v 0.182536751 1.04251349 0
v 0.0529372655 1.00850046 0
v 0.103228673 1.00585222 0
v 0.148228392 1.00246143 0
v 0.261487752 0.991897702 0
v 0.267953515 0.991365612 0
v 0.273635358 0.99110955 0
v 0.573195755 0.961149871 0
v 0.563807607 0.976058722 0
v 0.551520944 0.994915307 0
v 0.344897121 1.00695848 0
v 0.374271572 1.01438129 0
v 0.404830813 1.02145708 0
v 0.591147661 0.930590689 0
v 0.588701963 0.935101807 0
v 0.585230887 0.941188633 0
v 0.212592453 0.996630251 0
v 0.231603503 0.994829059 0
v 0.244616315 0.993564367 0
v 0.456651598 1.02966499 0
v 0.477942348 1.02979183 0
v 0.500778258 1.02747905 0
v 0.1629062 1.481233 0
v 0.163880348 1.47162235 0
v 0.16652444 1.45443869 0
v 0.29580462 1.45956945 0
v 0.297507048 1.45037866 0
v 0.302005887 1.43421865 0
v 0.453377217 1.26402807 0
v 0.432612151 1.31661558 0
v 0.414435625 1.36424446 0
v 0.180008709 1.48042643 0
v 0.181092232 1.47083259 0
v 0.18403323 1.45367956 0
v 0.117696822 1.4824121 0
v 0.118391804 1.47277284 0
v 0.120278195 1.45555305 0
v 0.0352949984 1.42848361 0
v 0.0688671619 1.42805207 0
v 0.0989936665 1.42749977 0
v 0.177174836 1.4257673 0
v 0.181876048 1.42562819 0
v 0.185997695 1.42544603 0
v 0.240531921 1.41758442 0
v 0.263726324 1.41405475 0
v 0.288026541 1.41055155 0
v 0.5415622 1.39955533 0
v 0.48738876 1.40050769 0
v 0.439567924 1.4016099 0
v 0.142550051 1.42654896 0
v 0.155724734 1.42625451 0
v 0.164943323 1.4260478 0
v 0.330104202 1.4055984 0
v 0.348971963 1.40433264 0
v 0.371126056 1.4034611 0
v 0.567625165 0.919578791 0
v 0.54341954 0.909737706 0
v 0.51940763 0.897059619 0
v 0.250675946 0.957082212 0
v 0.242131412 0.928674936 0
v 0.23006928 0.905032933 0
v 0.420682639 0.995363176 0
v 0.398308992 0.968297899 0
v 0.369519591 0.94337678 0
v 0.274873406 0.955527604 0
v 0.26512745 0.927064955 0
v 0.251579106 0.903387964 0
v 0.183213383 0.964223325 0
v 0.177164525 0.936085463 0
v 0.168456644 0.912484944 0
v 0.387562692 0.820192933 0
v 0.415455461 0.849963307 0
v 0.443681002 0.874884546 0
v 0.31746155 0.825560689 0
v 0.346402943 0.859523118 0
v 0.376683623 0.889593601 0
v 0.181591243 0.888282716 0
v 0.197637945 0.886245012 0
v 0.208533511 0.884816647 0
v 0.278011411 0.898066759 0
v 0.296967506 0.905592024 0
v 0.317527443 0.912764251 0
v 0.222534776 0.882935882 0
v 0.227819443 0.882327855 0
v 0.23231101 0.882017732 0
v 0.0453087389 0.901745737 0
v 0.0883342326 0.898740232 0
v 0.12679325 0.89489311 0
v 0.458602309 0.900882304 0
v 0.44293341 0.906345665 0
v 0.425696135 0.911637843 0
v 0.491269976 0.884348035 0
v 0.487007707 0.887651205 0
v 0.480747014 0.89138478 0
v 0.391051412 0.919657826 0
v 0.374141693 0.921428859 0
v 0.356658816 0.921115518 0
v 0.279494882 0.44420144 0
v 0.287230253 0.498143762 0
v 0.295884758 0.54828012 0
v 0.146737799 0.743440866 0
v 0.133919582 0.699995518 0
v 0.122710153 0.652956426 0
v 0.335776955 0.743317664 0
v 0.313376963 0.697265923 0
v 0.294295669 0.64847064 0
v 0.201851413 0.74577409 0
v 0.184037164 0.699644923 0
v 0.170509219 0.651287377 0
v 0.264556617 0.744378448 0
v 0.241972491 0.698029459 0
v 0.223486349 0.649530292 0
v 0.160184413 0.741576076 0
v 0.14644815 0.698322177 0
v 0.134477809 0.651533127 0
v 0.106822811 0.749334693 0
v 0.0971799195 0.705128491 0
v 0.0887473151 0.657234073 0
v 0.0655816942 0.609136045 0
v 0.0456188023 0.610893846 0
v 0.0233787037 0.61226666 0
v 0.123075999 0.603075445 0
v 0.120591216 0.603325605 0
v 0.117542356 0.60364604 0
v 0.130615562 0.60265857 0
v 0.128335238 0.60270673 0
v 0.126656577 0.602777779 0
v 0.264247686 0.599166691 0
v 0.246502772 0.599504709 0
v 0.227894932 0.599844098 0
v 0.109375529 0.604519904 0
v 0.10323187 0.605177045 0
v 0.0944727734 0.606111884 0
v 0.195115164 0.6006639 0
v 0.182295606 0.601133406 0
v 0.17131798 0.601582944 0
v 0.303000271 0.59733057 0
v 0.297758698 0.597860873 0
v 0.290231347 0.598354459 0
v 0.876406193 0.0712967739 0
v 0.910905123 0.095792681 0
v 0.943314433 0.119519122 0
v 0.80442661 0.0206319038 0
v 0.812060535 0.0261373241 0
v 0.825066686 0.0353470705 0
v 0.113897741 0.373881549 0
v 0.116362117 0.37382099 0
v 0.119740129 0.373775572 0
v 0.121653453 0.00184933713 0
v 0.124136835 0.00189392385 0
v 0.126929522 0.00193520077 0
v 0.211199895 0.787221372 0
v 0.200860813 0.785471737 0
v 0.192548424 0.783546865 0
v 0.357871354 1.2094245 0
v 0.328972965 1.20888972 0
v 0.30119583 1.20828843 0
v 0.273730993 1.46879363 0
v 0.250452638 1.4729737 0
v 0.228265747 1.47718394 0
v 0.142770097 0.0784374848 0
v 0.13595596 0.0783873722 0
v 0.130448624 0.0783810765 0
v 0.284201235 0.991760671 0
v 0.291487932 0.993191659 0
v 0.302796096 0.99594605 0
v 0.193627805 1.42478526 0
v 0.199034512 1.4240427 0
v 0.207658246 1.42272794 0
v 0.239870265 0.882635176 0
v 0.244533792 0.884087861 0
v 0.251595885 0.886889279 0
v 0.152998567 0.602241695 0
v 0.145359129 0.602426112 0
v 0.138966292 0.602541268 0
v 0.169827431 0.742596328 0
v 0.155217066 0.698600352 0
v 0.143076554 0.651414633 0
v 0.242363796 0.868651927 0
v 0.22281675 0.84369874 0
v 0.204049751 0.815227568 0
v 0.2316598 1.3791045 0
v 0.245325699 1.32698917 0
v 0.261095971 1.26846933 0
v 0.313841283 0.965895474 0
v 0.300462574 0.937801659 0
v 0.282522172 0.913800538 0
v 1.09843361 1.10793829 0
v 1.09768534 1.14192414 0
v 1.09698951 1.17957926 0
v 0.126655087 0.0386863351 0
v 0.127669662 0.0166302342 0
v 0.12882179 0.00634719059 0
v 0.128421366 0.552996993 0
v 0.125599727 0.500322342 0
v 0.12463399 0.441572338 0
v 0.294424832 1.14862216 0
v 0.308555663 1.09322083 0
v 0.317935169 1.04326665 0
v 0.209959105 1.47500563 0
v 0.211212754 1.46551585 0
v 0.214596853 1.44861865 0
v 0.124734327 0.295775056 0
v 0.124942511 0.21462585 0
v 0.125290841 0.13919726 0
v 1.03560936 1.07690036 0
v 0.97620225 1.07699001 0
v 0.920727432 1.07675755 0
v 0.681423008 1.09866059 0
v 0.670294523 1.13408804 0
v 0.658021986 1.17348361 0
v 1.34277308 0.992431104 0
v 1.34176385 1.01575387 0
v 1.34053552 1.04291987 0
v 0.610430121 0.957289934 0
v 0.642568767 0.963184476 0
v 0.676478744 0.967586935 0
v 0.620649993 0.931926489 0
v 0.650423706 0.935236275 0
v 0.68230015 0.937315047 0
v 0.788888156 0.0318174846 0
v 0.783398569 0.052655898 0
v 0.781655848 0.0797041059 0
v 1.38469863 0.40595153 0
v 1.38847673 0.405887663 0
v 1.39215171 0.405769229 0
v 0.785714149 0.113647573 0
v 0.791835248 0.115120679 0
v 0.803381205 0.118589573 0
v 1.30791402 0.401935488 0
v 1.31096733 0.397034734 0
v 1.3129499 0.3893767 0
v 0.799095511 0.271307439 0
v 0.804438233 0.269689232 0
v 0.814775944 0.26670602 0
v 0.827834189 0.348138422 0
v 0.832093537 0.344016343 0
v 0.840821266 0.337088525 0
v 0.865595698 0.379253149 0
v 0.8688398 0.373548716 0
v 0.875695109 0.364492029 0
v 0.909938693 0.393647164 0
v 0.912047327 0.387773931 0
v 0.916697264 0.378144503 0
v 1.03265047 0.382993817 0
v 1.03210092 0.392907023 0
v 1.03103912 0.39894709 0
v 0.815856397 0.00772581948 0
v 0.836032271 0.00283223693 0
v 0.857349455 0.000867801195 0
v 0.861066163 0.0434795171 0
v 0.878414631 0.0400348753 0
v 0.896023512 0.0387230255 0
v 0.980413079 0.142490372 0
v 0.992727399 0.145098165 0
v 0.995400012 0.139869332 0
v 0.932003319 0.0615490973 0
v 0.955060005 0.0880074725 0
v 0.976985812 0.11347343 0
v 0.897238255 0.0221549552 0
v 0.887754738 0.0116606029 0
v 0.881616533 0.00505845901 0
v -0.854618073 0.111621104 0
v -0.890567124 0.128593132 0
v -0.927143157 0.146693021 0
v -0.859280229 0.0936380625 0
v -0.896380961 0.114358872 0
v -0.934770763 0.136344671 0
v -0.866369188 0.0803716779 0
v -0.902681649 0.103310093 0
v -0.938753903 0.126423404 0
v -0.214817971 0.745734394 0
v -0.229706928 0.745335877 0
v -0.246344432 0.744807422 0
v -0.195680037 0.699373007 0
v -0.209200591 0.698907375 0
v -0.224623293 0.698406756 0
v -0.1809856 0.65091455 0
v -0.193123803 0.650433242 0
v -0.207198977 0.649939656 0
v -0.279242039 0.549085498 0
v -0.286591679 0.548809588 0
v -0.291778833 0.548542619 0
v -0.271070182 0.498425424 0
v -0.278090984 0.498342842 0
v -0.283150852 0.49824667 0
v -0.264041722 0.444031686 0
v -0.270605326 0.444191962 0
v -0.275473863 0.444227785 0
v -0.191697687 1.14834392 0
v -0.209239423 1.14751422 0
v -0.221432745 1.14692771 0
v -0.202037632 1.09155345 0
v -0.220375493 1.09037828 0
v -0.233053789 1.08955038 0
v -0.209534019 1.04037583 0
v -0.228400499 1.03885579 0
v -0.241374418 1.03778708 0
v -0.188906282 0.551111579 0
v -0.187070146 0.498913676 0
v -0.187595353 0.440976858 0
v -0.177067801 0.551502824 0
v -0.175922453 0.499137282 0
v -0.17687428 0.440907389 0
v -0.166845545 0.551875651 0
v -0.166076943 0.499384314 0
v -0.167105928 0.440974146 0
v -0.343179166 1.0485239 0
v -0.333604544 1.09694481 0
v -0.318750858 1.15070522 0
v -0.373193324 1.05454552 0
v -0.363392979 1.10120749 0
v -0.347707242 1.15308332 0
v -0.404354334 1.0602808 0
v -0.394309849 1.10525906 0
v -0.377785981 1.15532827 0
v -0.355352521 1.4548167 0
v -0.357186258 1.44564641 0
v -0.361954957 1.4296633 0
v -0.333129972 1.45573282 0
v -0.334963858 1.4465977 0
v -0.339752138 1.43060684 0
v -0.314577579 1.4571929 0
v -0.316364169 1.44804728 0
v -0.321055591 1.43199956 0
v -0.188139096 0.297486514 0
v -0.186864391 0.217601568 0
v -0.185364485 0.14331454 0
v -0.177588657 0.296335876 0
v -0.176142067 0.215729177 0
v -0.174374476 0.140727833 0
v -0.167387217 0.295866549 0
v -0.16556257 0.214942127 0
v -0.163381442 0.139645115 0
v -0.264089793 0.827550828 0
v -0.293049067 0.862232327 0
v -0.324102521 0.893270493 0
v -0.2807962 0.827446401 0
v -0.310128033 0.862313807 0
v -0.341387182 0.893506169 0
v -0.298630536 0.826659203 0
v -0.32787466 0.861268878 0
v -0.358774006 0.892129779 0
v -0.75064373 0.959742308 0
v -0.789501727 0.960914254 0
v -0.831219435 0.96172142 0
v -0.751495123 0.950739861 0
v -0.790113211 0.951753676 0
v -0.831658304 0.952504814 0
v -0.751893938 0.944551766 0
v -0.790362716 0.945492327 0
v -0.831821859 0.946229637 0
v -1.16370988 1.17923486 0
v -1.22896433 1.17881012 0
v -1.28773904 1.17840111 0
v -1.16446626 1.14138341 0
v -1.229918 1.14072096 0
v -1.28890228 1.14008534 0
v -1.16530275 1.10721505 0
v -1.23098683 1.10633099 0
v -1.29021084 1.10548639 0
v -1.3654598 1.36383212 0
v -1.38583696 1.36383235 0
v -1.39815092 1.36383367 0
v -1.36556649 1.31839979 0
v -1.38591719 1.31840205 0
v -1.39819384 1.31841123 0
v -1.36585641 1.2693125 0
v -1.38613522 1.26932073 0
v -1.39831018 1.26935208 0
v -1.3754245 0.961216152 0
v -1.39332628 0.961622417 0
v -1.4021349 0.962250173 0
v -1.37553728 0.952809632 0
v -1.39337194 0.953159809 0
v -1.40204775 0.953735471 0
v -1.37548029 0.947372556 0
v -1.39323449 0.947697222 0
v -1.40169096 0.948352635 0
v -0.925787389 0.96275425 0
v -0.979541063 0.96305871 0
v -1.03796172 0.963156104 0
v -0.926000774 0.953526497 0
v -0.979681432 0.953842759 0
v -1.03805518 0.953988194 0
v -0.926078379 0.94726032 0
v -0.979729831 0.947587669 0
v -1.03807938 0.947780132 0
v -0.907482266 1.36355901 0
v -0.968527973 1.36374974 0
v -1.03096974 1.36382425 0
v -0.908688188 1.31822383 0
v -0.969085991 1.31841624 0
v -1.0312202 1.31848931 0
v -0.910222411 1.26942945 0
v -0.969852984 1.26961887 0
v -1.03160799 1.26968014 0
v -0.138313845 1.45511937 0
v -0.136138454 1.47232401 0
v -0.13533701 1.48195195 0
v -0.151082382 1.45481193 0
v -0.148698464 1.47200644 0
v -0.147820175 1.48162639 0
v -0.160010412 1.45459628 0
v -0.157477289 1.47178435 0
v -0.156544015 1.48139894 0
v -0.281157225 1.03620303 0
v -0.272158951 1.08823276 0
v -0.259202272 1.14585459 0
v -0.288576812 1.03735757 0
v -0.279476702 1.08904135 0
v -0.266256601 1.14629269 0
v -0.30012539 1.03958881 0
v -0.290901721 1.09061706 0
v -0.277307123 1.14716744 0
v -0.0894258395 0.555731595 0
v -0.097752966 0.555034995 0
v -0.103609867 0.554544747 0
v -0.0863713697 0.502328813 0
v -0.0944218859 0.501851439 0
v -0.100090176 0.501512289 0
v -0.0845606327 0.443029702 0
v -0.0924419761 0.442741305 0
v -0.0979984552 0.44252634 0
v -0.0789678916 0.0409706496 0
v -0.0874446258 0.0410153978 0
v -0.0938900411 0.0409148596 0
v -0.079754889 0.0184304472 0
v -0.0888464078 0.018467769 0
v -0.0958717465 0.0183702558 0
v -0.0809489936 0.00744780665 0
v -0.0907623842 0.00747396052 0
v -0.0984529853 0.00738475984 0
v -1.39817548 0.0130851306 0
v -1.38863373 0.0212234594 0
v -1.37196124 0.0326908752 0
v -1.39963055 0.0228127912 0
v -1.3899374 0.0305439644 0
v -1.37311089 0.0414342619 0
v -1.40020156 0.0437449217 0
v -1.39048672 0.0505034328 0
v -1.37363708 0.0600769632 0
v -1.08449149 0.345242441 0
v -1.14665079 0.34584552 0
v -1.21012545 0.34694466 0
v -1.07446361 0.318882674 0
v -1.12520802 0.318647027 0
v -1.17629886 0.319433808 0
v -1.06470346 0.292590082 0
v -1.10410523 0.290898263 0
v -1.14517212 0.29268837 0
v -0.898309112 0.00494236685 0
v -0.90366143 0.0115838861 0
v -0.912013948 0.022107793 0
v -0.918072522 0.00488277292 0
v -0.922472596 0.0115651283 0
v -0.929520011 0.0221202541 0
v -0.948359489 0.00488553569 0
v -0.951587796 0.0116275381 0
v -0.956901431 0.0222282112 0
v -0.794142485 0.235322773 0
v -0.799646258 0.234373599 0
v -0.810247242 0.232823715 0
v -0.790226758 0.194429427 0
v -0.795874119 0.194190666 0
v -0.806721091 0.194233552 0
v -0.787400126 0.152560145 0
v -0.793233275 0.153114885 0
v -0.804373622 0.154850483 0
v -0.804053903 0.0886201859 0
v -0.807238698 0.0651291683 0
v -0.813916087 0.0475577302 0
v -0.791965604 0.0834431797 0
v -0.794608235 0.0583607331 0
v -0.800920606 0.0394124091 0
v -0.785424113 0.0809121504 0
v -0.787598252 0.0547251031 0
v -0.79350847 0.0347453803 0
v -0.819487393 0.336062014 0
v -0.824037135 0.332517952 0
v -0.83321774 0.326365948 0
v -0.811855078 0.320399165 0
v -0.816700459 0.317474306 0
v -0.82631433 0.312215924 0
v -0.805027723 0.299398184 0
v -0.810146689 0.297119886 0
v -0.820152938 0.292906493 0
v -0.855851412 0.37346366 0
v -0.859354198 0.368010402 0
v -0.866694748 0.359323412 0
v -0.84618938 0.366493404 0
v -0.849937081 0.361399353 0
v -0.857748032 0.353197396 0
v -0.836790025 0.358124346 0
v -0.840784907 0.353479862 0
v -0.849056304 0.345867753 0
v -1.32924628 0.0252894443 0
v -1.35378933 0.0261602774 0
v -1.36538208 0.0274291933 0
v -1.34248722 0.0138845975 0
v -1.3685931 0.0146206236 0
v -1.38115823 0.0158085525 0
v -1.34930182 0.00606827531 0
v -1.37647998 0.0066123209 0
v -1.38983488 0.00766008487 0
v -0.985356569 0.382278591 0
v -0.953115463 0.381313115 0
v -0.931653559 0.379975617 0
v -0.983304203 0.392113835 0
v -0.949957192 0.391075492 0
v -0.927668691 0.389669746 0
v -0.981926799 0.398083359 0
v -0.948321044 0.396991253 0
v -0.92579937 0.395552129 0
v -0.896956086 0.39116174 0
v -0.899333656 0.385276735 0
v -0.904586196 0.375714391 0
v -0.885627508 0.387997359 0
v -0.888295174 0.382110834 0
v -0.894111991 0.372644931 0
v -0.875368714 0.38405934 0
v -0.878330767 0.378220201 0
v -0.884680033 0.368912101 0
v -1.39821911 0.397501975 0
v -1.38950086 0.389577597 0
v -1.37348616 0.378324538 0
v -1.39638555 0.399055153 0
v -1.38755751 0.391759187 0
v -1.37084603 0.38109374 0
v -1.39397967 0.400341332 0
v -1.38454938 0.393944979 0
v -1.36565936 0.384372264 0
v -1.40084887 0.3625108 0
v -1.39172029 0.354528368 0
v -1.37545252 0.344129831 0
v -1.40071392 0.382863313 0
v -1.39162767 0.374231905 0
v -1.37539983 0.362795502 0
v -1.40030324 0.392114848 0
v -1.39128518 0.383441687 0
v -1.37511396 0.371733606 0
v -1.4004643 0.136971191 0
v -1.390926 0.139289677 0
v -1.37424922 0.142915353 0
v -1.40059555 0.203608185 0
v -1.39118791 0.20276773 0
v -1.37464023 0.202154785 0
v -1.40072179 0.270135492 0
v -1.39144015 0.266187459 0
v -1.37501824 0.261380911 0
v -1.06665134 0.0228609182 0
v -1.14399278 0.0233786441 0
v -1.22115517 0.02397779 0
v -1.0669862 0.0120793562 0
v -1.14802122 0.0124592707 0
v -1.22886407 0.0129013536 0
v -1.06693733 0.00509744743 0
v -1.14986467 0.00529350853 0
v -1.23258913 0.00552575337 0
v -1.30876732 0.333945423 0
v -1.30886889 0.326564968 0
v -1.30898094 0.311844796 0
v -1.26201463 0.309643537 0
v -1.26123309 0.302972287 0
v -1.26219273 0.291096717 0
v -1.21461606 0.285702407 0
v -1.21144795 0.278772801 0
v -1.21476316 0.269948661 0
v -0.94978863 0.342497885 0
v -0.96686542 0.34346801 0
v -0.992888868 0.344266713 0
v -0.963581324 0.316719681 0
v -0.977917731 0.317018181 0
v -0.999362946 0.318143725 0
v -0.978792846 0.290937752 0
v -0.991494298 0.289790392 0
v -1.00859106 0.292064071 0
v -1.05260754 0.20645608 0
v -0.98462975 0.183598623 0
v -0.996505857 0.20265232 0
v -0.982854366 0.219787866 0
v -0.998920023 0.226628408 0
v -0.989119887 0.24017778 0
v -1.00476313 0.236338273 0
v -0.997146428 0.246823728 0
v -1.01160169 0.239893243 0
v -1.00712228 0.249776199 0
v -1.02679133 0.241469517 0
v -1.04236865 0.250949144 0
v -1.07123446 0.241939858 0
v -1.10970938 0.250944793 0
v -1.11199784 0.241085038 0
v -1.13659048 0.248305231 0
v -1.12014675 0.233827293 0
v -1.1374923 0.227800086 0
v -1.11956239 0.204928145 0
v -1.13594699 0.181467295 0
v -1.11809254 0.176449776 0
v -1.13350368 0.161831945 0
v -1.1096375 0.169834971 0
v -1.10747504 0.159690678 0
v -1.0713346 0.168800592 0
v -1.04487813 0.158874676 0
v -1.03169012 0.168445662 0
v -1.01460862 0.158875838 0
v -1.01619685 0.169573784 0
v -0.99833107 0.162803054 0
v -1.00327563 0.178346574 0
v -1.1868217 0.0636888891 0
v -1.12550676 0.0630979389 0
v -1.06412208 0.0624554679 0
v -1.16225278 0.0903487429 0
v -1.11184716 0.0903263912 0
v -1.06189847 0.0892669857 0
v -1.13782835 0.116955921 0
v -1.09749734 0.118359968 0
v -1.05901241 0.116068244 0
v -0.886000574 0.316534579 0
v -0.892845333 0.321976364 0
v -0.899714708 0.326603144 0
v -0.913057148 0.296222866 0
v -0.919152737 0.300184399 0
v -0.924125969 0.304268986 0
v -0.941292584 0.275598496 0
v -0.947724462 0.277578384 0
v -0.949987769 0.281943232 0
v -1.30823898 0.2477424 0
v -1.30749631 0.20202744 0
v -1.30698514 0.156355187 0
v -1.26134765 0.239652351 0
v -1.25966299 0.202507868 0
v -1.25995684 0.165390521 0
v -1.21392393 0.232280806 0
v -1.20987248 0.203208968 0
v -1.21254396 0.174087256 0
v -1.30605304 0.0926305652 0
v -1.30545735 0.0782758147 0
v -1.3047452 0.0714067072 0
v -1.25892878 0.114414267 0
v -1.25748134 0.102978162 0
v -1.25776994 0.0967973396 0
v -1.21153939 0.136879995 0
v -1.20772564 0.128554851 0
v -1.21044505 0.121979937 0
v -1.30009902 0.0671345443 0
v -1.29116571 0.0660526156 0
v -1.27214074 0.0651164427 0
v -1.25410128 0.0933106318 0
v -1.24584281 0.0928744078 0
v -1.23090553 0.0915754363 0
v -1.20767963 0.119335987 0
v -1.19821107 0.120356567 0
v -1.18805277 0.117884412 0
v -0.913566351 0.33382991 0
v -0.920881748 0.336663872 0
v -0.928874195 0.33914271 0
v -0.934999943 0.309858352 0
v -0.941319585 0.311654955 0
v -0.947238743 0.314091921 0
v -0.95769763 0.285835445 0
v -0.963990986 0.285894364 0
v -0.967240572 0.289093733 0
v -0.851960778 0.163942292 0
v -0.853305638 0.19568035 0
v -0.855757475 0.226893812 0
v -0.886338055 0.170778677 0
v -0.887599409 0.197083727 0
v -0.888698399 0.222952798 0
v -0.922094047 0.177652135 0
v -0.92443645 0.198771775 0
v -0.923008382 0.219392046 0
v -1.29047489 0.345231205 0
v -1.30237186 0.342363387 0
v -1.30709434 0.339866877 0
v -1.24217153 0.318093866 0
v -1.25411403 0.315875441 0
v -1.26028442 0.314516336 0
v -1.1950258 0.291805118 0
v -1.20425439 0.288966715 0
v -1.21294105 0.289357454 0
v -1.38775337 0.40267998 0
v -1.37743151 0.398996055 0
v -1.35496008 0.394304186 0
v -1.38413215 0.403831422 0
v -1.37382519 0.401623994 0
v -1.35153055 0.399224699 0
v -1.38031566 0.404929101 0
v -1.37002718 0.403902322 0
v -1.347893 0.402881891 0
v -0.863469064 0.275234848 0
v -0.868374467 0.290548176 0
v -0.873675227 0.301669985 0
v -0.894862115 0.262423813 0
v -0.899532437 0.274905711 0
v -0.903231442 0.284403324 0
v -0.92747438 0.2487946 0
v -0.933080792 0.258329183 0
v -0.934176624 0.266992986 0
v -0.464623153 0.864991128 0
v -0.437088519 0.841485083 0
v -0.409632981 0.81305474 0
v -0.460109681 0.868087053 0
v -0.432404429 0.84437108 0
v -0.404826015 0.815689802 0
v -0.453481376 0.871355951 0
v -0.425554395 0.847205818 0
v -0.397833496 0.818105757 0
v -0.219582424 0.550353646 0
v -0.237254441 0.550007045 0
v -0.254211575 0.549681246 0
v -0.215560526 0.498628378 0
v -0.231931269 0.498566657 0
v -0.247660458 0.498528153 0
v -0.213890642 0.441773742 0
v -0.228669316 0.442440242 0
v -0.242809534 0.443121076 0
v -0.256890476 0.317507148 0
v -0.245625049 0.248448685 0
v -0.234583944 0.182918563 0
v -0.252578914 0.317236096 0
v -0.24176535 0.248728275 0
v -0.23135148 0.184847653 0
v -0.24725996 0.316405267 0
v -0.237403214 0.248881966 0
v -0.2283241 0.188474283 0
v -0.0818447024 0.297173858 0
v -0.0895350501 0.297130615 0
v -0.0950220227 0.297046155 0
v -0.080457747 0.216432959 0
v -0.0881290287 0.216446072 0
v -0.0936710909 0.216371685 0
v -0.0793510377 0.141427442 0
v -0.0871161819 0.141466722 0
v -0.0928157121 0.141383722 0
v -0.237496182 1.14614809 0
v -0.243667558 1.14588726 0
v -0.249093175 1.14573419 0
v -0.249664128 1.08845496 0
v -0.256044179 1.08809829 0
v -0.261660457 1.08791065 0
v -0.258277863 1.03637648 0
v -0.264765769 1.03592312 0
v -0.270477891 1.03569794 0
v -0.131209582 0.29574728 0
v -0.139075711 0.295729369 0
v -0.147962764 0.29572925 0
v -0.130865201 0.214607552 0
v -0.138007566 0.214610636 0
v -0.146254808 0.214646131 0
v -0.130530521 0.139179513 0
v -0.136812061 0.139189512 0
v -0.144298345 0.139241427 0
v -0.233468175 1.44526863 0
v -0.229830623 1.46199465 0
v -0.22847715 1.47141564 0
v -0.256098151 1.44136035 0
v -0.252164066 1.45788646 0
v -0.250692666 1.46722662 0
v -0.279829741 1.43748128 0
v -0.275595427 1.45380878 0
v -0.27400279 1.46306813 0
v -0.705776989 1.175892 0
v -0.754991889 1.17751586 0
v -0.805947423 1.17854702 0
v -0.715588272 1.13749409 0
v -0.762449622 1.13965774 0
v -0.811284959 1.14092135 0
v -0.724528611 1.1028837 0
v -0.769312501 1.10549188 0
v -0.816276729 1.1069504 0
v -0.65594238 1.4247005 0
v -0.653811038 1.44083953 0
v -0.653018475 1.45055354 0
v -0.718541682 1.42493188 0
v -0.717016339 1.44094503 0
v -0.716452241 1.45052338 0
v -0.781533301 1.4253602 0
v -0.780549467 1.44123113 0
v -0.780186713 1.45064139 0
v -0.133896589 0.552873731 0
v -0.140834972 0.552704573 0
v -0.1488612 0.552484572 0
v -0.131670102 0.500200808 0
v -0.139246881 0.500042617 0
v -0.147816539 0.499851137 0
v -0.131180272 0.44148308 0
v -0.139262572 0.441371948 0
v -0.148299545 0.441244543 0
v -0.13080135 0.038662672 0
v -0.135794654 0.0386579446 0
v -0.142188028 0.0386894867 0
v -0.131525874 0.0166048985 0
v -0.136237964 0.0165838804 0
v -0.142434716 0.0165838171 0
v -0.132498309 0.00632088119 0
v -0.13708438 0.00628005993 0
v -0.14323394 0.00623970665 0
v -0.23160468 0.31114468 0
v -0.224898666 0.241074845 0
v -0.219116107 0.17933917 0
v -0.221365497 0.307024837 0
v -0.216552064 0.233463913 0
v -0.212227389 0.166464388 0
v -0.21031563 0.302972496 0
v -0.207313597 0.226486653 0
v -0.204466045 0.155766621 0
v -0.483370155 0.995614231 0
v -0.455816358 0.969061971 0
v -0.424077839 0.944604516 0
v -0.463544488 0.998542607 0
v -0.438483894 0.971719205 0
v -0.407468975 0.946816146 0
v -0.443405539 0.99846518 0
v -0.419768661 0.971536458 0
v -0.389608443 0.946531475 0
v -0.586544454 1.00997317 0
v -0.62289989 1.02149951 0
v -0.660225868 1.03043365 0
v -0.596850991 0.987966776 0
v -0.631448269 0.997595906 0
v -0.667363465 1.00516355 0
v -0.604701638 0.970596015 0
v -0.637908816 0.9781937 0
v -0.672688425 0.984098852 0
v -0.430042833 0.878700852 0
v -0.401422948 0.852615297 0
v -0.373321205 0.821880698 0
v -0.41346848 0.882600009 0
v -0.384365529 0.855121315 0
v -0.356017798 0.823254943 0
v -0.395250976 0.886318684 0
v -0.365589887 0.857438266 0
v -0.336961538 0.824440002 0
v -0.205332428 0.0328170732 0
v -0.203375101 0.0419838242 0
v -0.202312782 0.0622023903 0
v -0.211603284 0.0533414446 0
v -0.209502921 0.0613056645 0
v -0.208547607 0.0795299485 0
v -0.217679471 0.0837792233 0
v -0.215393201 0.0900274515 0
v -0.21437791 0.104748592 0
v -0.103052132 0.0403257161 0
v -0.10660775 0.0399108902 0
v -0.109809943 0.0394983552 0
v -0.105556712 0.0178662874 0
v -0.109007567 0.0175323877 0
v -0.111974731 0.0172087532 0
v -0.108688988 0.00701245992 0
v -0.111972481 0.00679701939 0
v -0.114609316 0.00660154317 0
v -0.11141856 0.553890646 0
v -0.114344515 0.553648949 0
v -0.116748638 0.553458095 0
v -0.107668787 0.50104624 0
v -0.110529922 0.500867307 0
v -0.112910457 0.500722587 0
v -0.105474696 0.44219175 0
v -0.108338788 0.442045301 0
v -0.110766672 0.441918522 0
v -1.37235868 1.0427494 0
v -1.39102578 1.04302394 0
v -1.4009223 1.04359567 0
v -1.37348139 1.01566124 0
v -1.39187038 1.01602554 0
v -1.40137339 1.01669455 0
v -1.37440407 0.99242264 0
v -1.39256418 0.992852688 0
v -1.40174377 0.993575335 0
v -0.535096943 1.42552507 0
v -0.479922265 1.4265511 0
v -0.431282789 1.42771363 0
v -0.531751633 1.44174087 0
v -0.476048946 1.44271445 0
v -0.42697686 1.44380116 0
v -0.530486166 1.45145404 0
v -0.474571079 1.45229125 0
v -0.425323725 1.45321131 0
v -0.171848863 1.45430493 0
v -0.169113919 1.47148418 0
v -0.168106303 1.48109174 0
v -0.176399454 1.45415795 0
v -0.173587143 1.47133219 0
v -0.172551006 1.48093617 0
v -0.180389732 1.45396173 0
v -0.177509919 1.47112775 0
v -0.176448986 1.48072767 0
v -0.10267204 0.29671672 0
v -0.105773985 0.296492696 0
v -0.108550362 0.296269357 0
v -0.101579204 0.215940818 0
v -0.104872666 0.215626106 0
v -0.107891768 0.215307459 0
v -0.101073511 0.140844494 0
v -0.104539521 0.140446723 0
v -0.107755356 0.14004375 0
v -0.0202184208 0.297148287 0
v -0.0394592099 0.297164738 0
v -0.0567447394 0.297180742 0
v -0.0198288113 0.21585612 0
v -0.0387084447 0.216002151 0
v -0.0556897335 0.216180936 0
v -0.0194631517 0.140492812 0
v -0.0380138606 0.140726253 0
v -0.054739695 0.141013235 0
v -0.0189914461 0.0397171006 0
v -0.037171606 0.0400374122 0
v -0.0537291951 0.0404278152 0
v -0.0189045724 0.0171439331 0
v -0.0370606445 0.0174792483 0
v -0.0537197106 0.0178848933 0
v -0.0188800097 0.00617819838 0
v -0.0370792896 0.00651728502 0
v -0.0539171286 0.00692377891 0
v -0.0221127998 0.560311615 0
v -0.043152146 0.559290171 0
v -0.0620445907 0.557982326 0
v -0.0213545077 0.505447149 0
v -0.0416729748 0.504752278 0
v -0.0599193834 0.503862619 0
v -0.0209090505 0.444857299 0
v -0.0408031829 0.444452196 0
v -0.0586674809 0.443932176 0
v -1.03635681 1.04708993 0
v -1.03696525 1.01968217 0
v -1.03743422 0.995849311 0
v -0.977288187 1.04716921 0
v -0.978151679 1.01972997 0
v -0.978805542 0.995852172 0
v -0.922394931 1.04692101 0
v -0.923705637 1.0194664 0
v -0.924687862 0.995574057 0
v -0.0342530683 1.45715237 0
v -0.0337180234 1.47442937 0
v -0.0335209034 1.48411155 0
v -0.0668327287 1.4566983 0
v -0.0657880157 1.47395897 0
v -0.0654031187 1.48362887 0
v -0.0960655734 1.45611739 0
v -0.0945619568 1.4733572 0
v -0.0940079913 1.4830116 0
v -1.16692793 1.04572749 0
v -1.23310947 1.04463947 0
v -1.29282427 1.04361546 0
v -1.16761196 1.01840019 0
v -1.23402297 1.01735723 0
v -1.2939558 1.01638532 0
v -1.16816723 0.994741261 0
v -1.23477149 0.993812859 0
v -1.2948854 0.992957473 0
v -0.666670084 1.36161029 0
v -0.726239622 1.36205173 0
v -0.786511421 1.36264312 0
v -0.675232053 1.31609499 0
v -0.732421637 1.3166666 0
v -0.790554404 1.31730282 0
v -0.68506366 1.2670275 0
v -0.739584267 1.26781094 0
v -0.7953161 1.26851356 0
v -0.824200928 1.04562306 0
v -0.826947033 1.01823151 0
v -0.828974605 0.994424164 0
v -0.780061841 1.04413295 0
v -0.783757627 1.01690722 0
v -0.786477387 0.993308902 0
v -0.738421142 1.04143381 0
v -0.743181467 1.01456511 0
v -0.746687412 0.99142611 0
v -0.90570116 1.45090663 0
v -0.967756569 1.45096219 0
v -1.03066313 1.45098269 0
v -0.905802608 1.44174778 0
v -0.96780026 1.44185448 0
v -1.0306803 1.44189417 0
v -0.906078041 1.42608273 0
v -0.967918575 1.42623162 0
v -1.03072655 1.42628753 0
v -1.36540318 1.45095706 0
v -1.38549471 1.45075631 0
v -1.39708531 1.45025074 0
v -1.36543119 1.44189155 0
v -1.38571954 1.44182718 0
v -1.39781427 1.44167113 0
v -1.36544287 1.42629695 0
v -1.38581204 1.42628908 0
v -1.39810324 1.42626965 0
v -1.16232383 1.45098567 0
v -1.22736764 1.45098567 0
v -1.28584254 1.45098567 0
v -1.16232717 1.44190049 0
v -1.22736871 1.44190037 0
v -1.2858429 1.44190073 0
v -1.16233575 1.42629755 0
v -1.22737145 1.42629814 0
v -1.28584301 1.42629802 0
v -1.1687845 0.962541819 0
v -1.23560095 0.961959124 0
v -1.29591405 0.961427569 0
v -1.16886258 0.953653157 0
v -1.23569882 0.953272045 0
v -1.29603338 0.952918947 0
v -1.16884625 0.947736442 0
v -1.23566639 0.947567642 0
v -1.29598951 0.947398663 0
v -1.16238928 1.36383975 0
v -1.22739685 1.36383832 0
v -1.28585994 1.36383533 0
v -1.16249096 1.31847787 0
v -1.22749448 1.3184526 0
v -1.2859689 1.31842697 0
v -1.16271222 1.26958537 0
v -1.22774351 1.26949418 0
v -1.28626275 1.26940441 0
v -0.67902565 0.955721676 0
v -0.680636942 0.947539866 0
v -0.681624413 0.941813588 0
v -0.645790517 0.952370167 0
v -0.64793396 0.944836318 0
v -0.649358511 0.939489484 0
v -0.614465415 0.947648048 0
v -0.617231905 0.940835595 0
v -0.619152427 0.93590939 0
v -1.36731791 1.17798722 0
v -1.38723433 1.17802596 0
v -1.39889729 1.1781683 0
v -1.36846995 1.13945222 0
v -1.38810086 1.13952219 0
v -1.39936006 1.13975477 0
v -1.36976659 1.10466921 0
v -1.38907611 1.10478675 0
v -1.39988089 1.10512507 0
v -0.0481795073 0.923170924 0
v -0.0506587364 0.946705937 0
v -0.0523701012 0.974449515 0
v -0.0939328671 0.92013824 0
v -0.0987704173 0.943691969 0
v -0.102113485 0.971547782 0
v -0.134833962 0.916256428 0
v -0.141788036 0.939833879 0
v -0.146603495 0.967833161 0
v -0.236751944 0.904189706 0
v -0.24920243 0.927836478 0
v -0.258057326 0.956273317 0
v -0.242413178 0.903583229 0
v -0.255216032 0.927235961 0
v -0.26435411 0.955694199 0
v -0.247279927 0.903290391 0
v -0.260436356 0.92695266 0
v -0.269861251 0.955420434 0
v -0.470467806 1.15888655 0
v -0.489008695 1.11106682 0
v -0.500941098 1.06678009 0
v -0.448954344 1.15829968 0
v -0.467209727 1.11058438 0
v -0.478247792 1.06735933 0
v -0.428438962 1.1578691 0
v -0.44627133 1.10997093 0
v -0.456844032 1.06694782 0
v -0.300912112 0.921046615 0
v -0.32149756 0.945271492 0
v -0.337061346 0.973116755 0
v -0.323105216 0.929349184 0
v -0.346706927 0.95383203 0
v -0.364764929 0.981392086 0
v -0.34675613 0.937271595 0
v -0.37325573 0.962001443 0
v -0.393716991 0.989286005 0
v -0.193131477 0.909585655 0
v -0.203146771 0.933203042 0
v -0.210134581 0.961447179 0
v -0.210215852 0.907528937 0
v -0.221157536 0.931157887 0
v -0.228830829 0.959476352 0
v -0.221823767 0.906087041 0
v -0.233413532 0.92972374 0
v -0.241584018 0.958093762 0
v -0.384353995 1.26452875 0
v -0.363064021 1.31823242 0
v -0.344460189 1.3666805 0
v -0.404166728 1.26413178 0
v -0.38251853 1.3174746 0
v -0.363588512 1.36562872 0
v -0.42596963 1.26396155 0
v -0.404468656 1.31699133 0
v -0.38565743 1.36491013 0
v -0.0417626947 1.27350342 0
v -0.0391637981 1.3328476 0
v -0.036961332 1.38600874 0
v -0.0814882591 1.27296495 0
v -0.0764190108 1.33241916 0
v -0.0721205026 1.38559949 0
v -0.117139563 1.27227402 0
v -0.109857082 1.33186948 0
v -0.103675358 1.38507473 0
v -0.20972541 1.27007079 0
v -0.196799621 1.3301183 0
v -0.185673594 1.38341618 0
v -0.215295047 1.26992905 0
v -0.202040419 1.32999134 0
v -0.19061327 1.38328671 0
v -0.220179111 1.26979971 0
v -0.206634179 1.32984912 0
v -0.194943085 1.38312435 0
v -0.551823735 1.36187172 0
v -0.565104842 1.31568074 0
v -0.580265045 1.26548016 0
v -0.499227732 1.36257517 0
v -0.514544427 1.3158797 0
v -0.532025337 1.26483107 0
v -0.452696085 1.36342919 0
v -0.469681144 1.31622565 0
v -0.48907429 1.26433074 0
v -0.283282936 1.26772606 0
v -0.266419381 1.32524073 0
v -0.251778007 1.37660313 0
v -0.3097682 1.26684773 0
v -0.29163596 1.32319796 0
v -0.275860608 1.37368512 0
v -0.337372452 1.26594865 0
v -0.317967862 1.32116127 0
v -0.301053703 1.37078691 0
v -0.168699428 1.27107692 0
v -0.158236146 1.33091795 0
v -0.149319485 1.38416934 0
v -0.18430464 1.27070081 0
v -0.172892034 1.33061957 0
v -0.163140327 1.38388717 0
v -0.195229009 1.27043283 0
v -0.183160499 1.33040679 0
v -0.172820002 1.3836875 0
v -0.146129742 0.817492425 0
v -0.157955885 0.844068944 0
v -0.169779748 0.867069364 0
v -0.15911144 0.815586448 0
v -0.171939999 0.842095137 0
v -0.184785694 0.865056694 0
v -0.167961061 0.814250112 0
v -0.181449294 0.840711534 0
v -0.194976971 0.863645971 0
v -0.212004095 0.818097711 0
v -0.232985228 0.847896755 0
v -0.255113691 0.874150693 0
v -0.222298726 0.821352303 0
v -0.24582085 0.852682829 0
v -0.27088961 0.880437911 0
v -0.234617114 0.824387908 0
v -0.260581225 0.857202113 0
v -0.288436502 0.886411607 0
v -0.179384172 0.812483072 0
v -0.193689957 0.838885009 0
v -0.208076626 0.861786485 0
v -0.183642462 0.811872065 0
v -0.198269188 0.838268042 0
v -0.212998018 0.861173213 0
v -0.187138245 0.81146884 0
v -0.202069297 0.837893188 0
v -0.21713087 0.860833108 0
v -0.0364291184 0.830078185 0
v -0.0393997245 0.857107162 0
v -0.0423604921 0.880366266 0
v -0.0710289255 0.827268541 0
v -0.07681638 0.854196429 0
v -0.0825865492 0.877397656 0
v -0.101970114 0.823672533 0
v -0.110266894 0.850470841 0
v -0.118543729 0.873598099 0
v -0.54339534 0.94968611 0
v -0.51478219 0.935996592 0
v -0.486717433 0.919840217 0
v -0.53243953 0.961737812 0
v -0.502203465 0.945313513 0
v -0.472470552 0.927019894 0
v -0.519096732 0.975563347 0
v -0.487830848 0.955022454 0
v -0.456662446 0.934102774 0
v -0.565287411 0.923082709 0
v -0.540720701 0.913065195 0
v -0.516398013 0.900249541 0
v -0.562316358 0.927223325 0
v -0.537252903 0.916883528 0
v -0.512490392 0.903790295 0
v -0.558078587 0.932636857 0
v -0.532247126 0.921683609 0
v -0.506786525 0.908032 0
v -0.0304981135 0.757773638 0
v -0.0594792627 0.755378962 0
v -0.085426487 0.752313554 0
v -0.0277171191 0.712472141 0
v -0.0540653802 0.710388362 0
v -0.0776759386 0.707720935 0
v -0.0252850801 0.663348258 0
v -0.0493308567 0.661613584 0
v -0.0708980337 0.659392655 0
v -0.151179686 0.742763042 0
v -0.154861853 0.74222064 0
v -0.157843664 0.741821945 0
v -0.138063535 0.699403882 0
v -0.141497418 0.698925436 0
v -0.144274488 0.698563874 0
v -0.126593351 0.652462363 0
v -0.12981388 0.65206033 0
v -0.132424459 0.651750505 0
v -0.175018638 0.743488014 0
v -0.182023585 0.744464457 0
v -0.190936461 0.745301247 0
v -0.159904003 0.698968649 0
v -0.166219801 0.699345589 0
v -0.174239218 0.699611247 0
v -0.14771606 0.651486874 0
v -0.153861061 0.651528478 0
v -0.161472008 0.651481271 0
v -0.283952534 0.744201183 0
v -0.303272486 0.744120181 0
v -0.321039528 0.7439031 0
v -0.260995299 0.69787693 0
v -0.280329794 0.697821617 0
v -0.298336774 0.697679579 0
v -0.241917863 0.649266839 0
v -0.261052638 0.649075031 0
v -0.279106587 0.648845851 0
v -0.122622825 0.747043848 0
v -0.133667186 0.745417476 0
v -0.141268104 0.744276226 0
v -0.111632958 0.703134239 0
v -0.121788591 0.701717794 0
v -0.1288248 0.700723648 0
v -0.10202267 0.655572951 0
v -0.111401312 0.654392779 0
v -0.117943637 0.653563857 0
v -0.346441895 0.742195368 0
v -0.353726923 0.740622699 0
v -0.358758807 0.738749564 0
v -0.324276239 0.6964463 0
v -0.331721038 0.695284605 0
v -0.336862773 0.693895221 0
v -0.305326909 0.647869408 0
v -0.312871367 0.647076845 0
v -0.318091393 0.646157026 0
v -0.889584005 0.0658357888 0
v -0.922343969 0.0920289159 0
v -0.953994453 0.118449748 0
v -0.904414773 0.0630154908 0
v -0.934778452 0.090259172 0
v -0.965300798 0.118451916 0
v -0.919065118 0.0618313104 0
v -0.945713162 0.0887690783 0
v -0.972114563 0.115757003 0
v -0.16202946 0.741496682 0
v -0.163868085 0.741615713 0
v -0.16627565 0.741969883 0
v -0.148150459 0.698203266 0
v -0.149828732 0.698208869 0
v -0.152008906 0.698340893 0
v -0.136103243 0.651405394 0
v -0.137736559 0.651353955 0
v -0.139890194 0.651362538 0
v -0.192330509 0.811432779 0
v -0.207953498 0.838086724 0
v -0.223810181 0.861258805 0
v -0.194927931 0.812009752 0
v -0.211144343 0.838977456 0
v -0.227699772 0.86245811 0
v -0.198564768 0.81321466 0
v -0.215769559 0.840755522 0
v -0.233487085 0.864797413 0
v -0.229219884 1.26953351 0
v -0.215129927 1.32942104 0
v -0.202952579 1.38256311 0
v -0.235549271 1.26932669 0
v -0.221099615 1.32898045 0
v -0.2086052 1.38194525 0
v -0.245538354 1.26899207 0
v -0.230557874 1.32821488 0
v -0.217593953 1.38085628 0
v -0.255770147 0.904024243 0
v -0.269812405 0.92772609 0
v -0.279966384 0.956163883 0
v -0.261242807 0.905633986 0
v -0.276050895 0.929386199 0
v -0.286838919 0.957765341 0
v -0.269619375 0.908723891 0
v -0.285661399 0.932569921 0
v -0.297470629 0.960839629 0
v -1.03292966 1.17976272 0
v -1.03381455 1.14222121 0
v -1.03473735 1.10833848 0
v -0.972106814 1.1797626 0
v -0.973497272 1.14226186 0
v -0.974904478 1.10841262 0
v -0.91420877 1.17957032 0
v -0.916477799 1.14205933 0
v -0.918708563 1.1081959 0
v -0.116051197 0.0389205553 0
v -0.119368143 0.038787175 0
v -0.122887477 0.0387198403 0
v -0.117715016 0.0167780332 0
v -0.120829523 0.0166901946 0
v -0.124143057 0.0166511051 0
v -0.119623147 0.00637805229 0
v -0.122444719 0.00635229005 0
v -0.125508755 0.0063509969 0
v -0.120323732 0.553220272 0
v -0.122115977 0.553149581 0
v -0.124628901 0.553082407 0
v -0.116595894 0.500533938 0
v -0.118560873 0.50047195 0
v -0.121365398 0.500407815 0
v -0.114708684 0.44174549 0
v -0.116899669 0.441690445 0
v -0.120008126 0.441637605 0
v -0.187780887 1.45323789 0
v -0.184778303 1.47036958 0
v -0.183672011 1.47995412 0
v -0.193032563 1.45241761 0
v -0.189949796 1.46950817 0
v -0.188813165 1.47907603 0
v -0.201425463 1.45096314 0
v -0.198222607 1.46798003 0
v -0.197039708 1.47751784 0
v -0.113533467 0.295944959 0
v -0.11630448 0.295860261 0
v -0.119878434 0.295808792 0
v -0.113525279 0.214843005 0
v -0.116588756 0.214725316 0
v -0.120276049 0.214659899 0
v -0.113917343 0.139459163 0
v -0.117203593 0.139313683 0
v -0.120919928 0.139235318 0
v -0.161074564 0.03910245 0
v -0.172800332 0.0405484848 0
v -0.184391484 0.0441600196 0
v -0.161452472 0.0169038139 0
v -0.173462123 0.0184012018 0
v -0.185333684 0.022274211 0
v -0.162481502 0.00642653322 0
v -0.174739614 0.00792081002 0
v -0.186881453 0.0119497534 0
v -0.977505505 0.0617452934 0
v -0.956248522 0.0616840236 0
v -0.942939103 0.0615847446 0
v -0.992184997 0.088654682 0
v -0.974963188 0.0891033709 0
v -0.963822782 0.0885233581 0
v -1.0079838 0.115606025 0
v -0.994574904 0.117413886 0
v -0.984448254 0.115512036 0
v -1.24692166 0.401120275 0
v -1.24884152 0.395445645 0
v -1.24796438 0.386259079 0
v -1.1731236 0.400394678 0
v -1.17405903 0.394368261 0
v -1.17196763 0.384568065 0
v -1.09753752 0.399692446 0
v -1.09829497 0.393592685 0
v -1.09708011 0.383631349 0
v -0.0521148555 1.05037534 0
v -0.0501813032 1.09926045 0
v -0.0475459956 1.15376043 0
v -0.10163743 1.04814529 0
v -0.0978806838 1.097543 0
v -0.092754215 1.15255475 0
v -0.1459755 1.04528975 0
v -0.140616253 1.09534323 0
v -0.133286878 1.15100992 0
v -0.529289186 1.16300797 0
v -0.56830734 1.16653895 0
v -0.611763477 1.17022324 0
v -0.547210693 1.11751628 0
v -0.584964514 1.12346387 0
v -0.626434863 1.12925816 0
v -0.562029362 1.07547939 0
v -0.599648118 1.08454049 0
v -0.639669776 1.09248626 0
v -0.841096699 0.0278324448 0
v -0.860113382 0.0239252597 0
v -0.879649699 0.0224309433 0
v -0.82855612 0.0179356448 0
v -0.848417044 0.0136518897 0
v -0.869023263 0.0119916731 0
v -0.820968091 0.011872354 0
v -0.841123879 0.007269355 0
v -0.862228394 0.00545427017 0
v 0.854618013 0.111621097 0
v 0.859280169 0.093638055 0
v 0.866369128 0.080371663 0
v 0.890567124 0.128593117 0
v 0.896380961 0.114358872 0
v 0.902681649 0.103310101 0
v 0.927143157 0.146693021 0
v 0.934770763 0.136344671 0
v 0.938753843 0.126423404 0
v 0.214817971 0.745734453 0
v 0.195680037 0.699372947 0
v 0.180985585 0.650914609 0
v 0.229706928 0.745335877 0
v 0.209200591 0.698907375 0
v 0.193123803 0.650433242 0
v 0.246344432 0.744807482 0
v 0.224623293 0.698406756 0
v 0.207198977 0.649939716 0
v 0.279242039 0.549085557 0
v 0.271070182 0.498425424 0
v 0.264041752 0.444031686 0
v 0.286591679 0.548809588 0
v 0.278090984 0.498342812 0
v 0.270605296 0.444191992 0
v 0.291778833 0.548542559 0
v 0.283150852 0.49824664 0
v 0.275473863 0.444227815 0
v 0.191697702 1.14834404 0
v 0.202037618 1.09155333 0
v 0.209534019 1.04037571 0
v 0.209239408 1.1475141 0
v 0.220375493 1.09037828 0
v 0.228400499 1.03885579 0
v 0.221432745 1.14692771 0
v 0.233053789 1.08955026 0
v 0.241374418 1.03778708 0
v 0.188906267 0.55111146 0
v 0.177067801 0.551502883 0
v 0.16684553 0.551875651 0
v 0.187070146 0.498913735 0
v 0.175922439 0.499137282 0
v 0.166076943 0.499384284 0
v 0.187595338 0.440976858 0
v 0.17687428 0.440907389 0
v 0.167105928 0.440974146 0
v 0.343179137 1.0485239 0
v 0.373193324 1.05454552 0
v 0.404354334 1.0602808 0
v 0.333604515 1.09694481 0
v 0.363392949 1.10120761 0
v 0.394309878 1.10525918 0
v 0.318750858 1.15070522 0
v 0.347707212 1.15308332 0
v 0.377786011 1.15532827 0
v 0.355352491 1.4548167 0
v 0.333129972 1.45573282 0
v 0.31457755 1.45719302 0
v 0.357186258 1.44564641 0
v 0.334963888 1.4465977 0
v 0.316364169 1.44804728 0
v 0.361954957 1.4296633 0
v 0.339752138 1.43060684 0
v 0.321055591 1.43199956 0
v 0.188139096 0.297486484 0
v 0.177588657 0.296335876 0
v 0.167387217 0.295866579 0
v 0.186864376 0.217601568 0
v 0.176142082 0.215729162 0
v 0.1655626 0.214942127 0
v 0.185364485 0.14331454 0
v 0.174374476 0.140727848 0
v 0.163381442 0.1396451 0
v 0.264089793 0.827550828 0
v 0.2807962 0.827446461 0
v 0.298630536 0.826659143 0
v 0.293049067 0.862232447 0
v 0.310128033 0.862313807 0
v 0.32787466 0.861268938 0
v 0.324102491 0.893270433 0
v 0.341387153 0.893506229 0
v 0.358773977 0.892129719 0
v 0.75064379 0.959742248 0
v 0.751495063 0.950739861 0
v 0.751893878 0.944551766 0
v 0.789501727 0.960914254 0
v 0.790113211 0.951753616 0
v 0.790362716 0.945492387 0
v 0.831219494 0.96172148 0
v 0.831658244 0.952504814 0
v 0.831821918 0.946229637 0
v 1.16370976 1.17923474 0
v 1.16446626 1.14138341 0
v 1.16530275 1.10721517 0
v 1.22896433 1.17881012 0
v 1.229918 1.14072084 0
v 1.23098683 1.10633087 0
v 1.28773916 1.17840099 0
v 1.28890228 1.14008546 0
v 1.29021072 1.10548651 0
v 1.3654598 1.363832 0
v 1.36556649 1.31839979 0
v 1.36585641 1.2693125 0
v 1.38583684 1.36383247 0
v 1.38591719 1.31840205 0
v 1.38613522 1.26932073 0
v 1.39815104 1.36383355 0
v 1.39819384 1.31841123 0
v 1.39831018 1.26935196 0
v 1.3754245 0.961216211 0
v 1.37553716 0.952809632 0
v 1.37548018 0.947372496 0
v 1.39332616 0.961622357 0
v 1.39337182 0.953159809 0
v 1.39323437 0.947697222 0
v 1.4021349 0.962250233 0
v 1.40204775 0.953735471 0
v 1.40169108 0.948352754 0
v 0.925787449 0.96275419 0
v 0.926000774 0.953526497 0
v 0.926078379 0.94726032 0
v 0.979541123 0.96305871 0
v 0.979681432 0.953842819 0
v 0.979729831 0.947587669 0
v 1.03796184 0.963156283 0
v 1.0380553 0.953988254 0
v 1.03807938 0.947780073 0
v 0.907482207 1.36355889 0
v 0.908688188 1.31822383 0
v 0.910222411 1.26942945 0
v 0.968527973 1.36374974 0
v 0.969085932 1.31841612 0
v 0.969853044 1.26961899 0
v 1.03096974 1.36382425 0
v 1.03122032 1.31848943 0
v 1.03160787 1.26968002 0
v 0.138313845 1.45511925 0
v 0.151082382 1.45481181 0
v 0.160010397 1.45459616 0
v 0.136138469 1.47232413 0
v 0.148698464 1.47200644 0
v 0.157477275 1.47178435 0
v 0.13533701 1.48195195 0
v 0.147820175 1.48162639 0
v 0.156544015 1.48139894 0
v 0.281157225 1.03620303 0
v 0.288576841 1.03735745 0
v 0.30012539 1.03958869 0
v 0.27215898 1.08823276 0
v 0.279476702 1.08904135 0
v 0.29090175 1.09061706 0
v 0.259202212 1.14585471 0
v 0.266256601 1.14629269 0
v 0.277307123 1.14716733 0
v 0.0894258395 0.555731535 0
v 0.0863713622 0.502328873 0
v 0.0845606253 0.443029732 0
v 0.097752966 0.555034995 0
v 0.0944218785 0.501851439 0
v 0.0924419835 0.442741334 0
v 0.103609867 0.554544747 0
v 0.100090176 0.501512289 0
v 0.0979984552 0.44252634 0
v 0.0789678842 0.0409706496 0
v 0.079754889 0.0184304472 0
v 0.080949001 0.00744780665 0
v 0.0874446183 0.0410153978 0
v 0.0888464004 0.018467769 0
v 0.0907623842 0.00747396098 0
v 0.0938900337 0.0409148596 0
v 0.0958717465 0.018370254 0
v 0.0984529853 0.00738476031 0
v 1.39817536 0.0130851315 0
v 1.39963067 0.022812793 0
v 1.40020156 0.0437449254 0
v 1.38863373 0.0212234575 0
v 1.3899374 0.0305439625 0
v 1.39048672 0.0505034328 0
v 1.37196112 0.032690879 0
v 1.37311101 0.0414342582 0
v 1.37363708 0.0600769669 0
v 1.08449149 0.345242471 0
v 1.07446361 0.318882674 0
v 1.06470335 0.292590082 0
v 1.14665091 0.345845491 0
v 1.1252079 0.318646997 0
v 1.10410523 0.290898234 0
v 1.21012568 0.34694466 0
v 1.17629886 0.319433808 0
v 1.14517224 0.29268837 0
v 0.898309112 0.00494236685 0
v 0.918072522 0.00488277245 0
v 0.948359489 0.00488553522 0
v 0.90366143 0.0115838861 0
v 0.922472596 0.0115651283 0
v 0.951587796 0.0116275381 0
v 0.912014008 0.0221077912 0
v 0.929520011 0.022120256 0
v 0.956901431 0.0222282112 0
v 0.794142485 0.235322773 0
v 0.790226758 0.194429427 0
v 0.787400186 0.15256013 0
v 0.799646318 0.234373584 0
v 0.795874178 0.194190666 0
v 0.793233275 0.1531149 0
v 0.810247242 0.2328237 0
v 0.806721151 0.194233552 0
v 0.804373682 0.154850483 0
v 0.804054022 0.0886201859 0
v 0.791965663 0.0834431797 0
v 0.785424113 0.0809121504 0
v 0.807238698 0.0651291758 0
v 0.794608295 0.0583607294 0
v 0.787598252 0.0547251031 0
v 0.813916028 0.0475577265 0
v 0.800920606 0.0394124128 0
v 0.79350853 0.0347453803 0
v 0.819487453 0.336062074 0
v 0.811855078 0.320399165 0
v 0.805027723 0.299398184 0
v 0.824037075 0.332517952 0
v 0.816700459 0.317474306 0
v 0.810146689 0.297119856 0
v 0.83321768 0.326365948 0
v 0.82631433 0.312215894 0
v 0.820152938 0.292906523 0
v 0.855851412 0.37346366 0
v 0.84618938 0.366493404 0
v 0.836790025 0.358124316 0
v 0.859354198 0.368010432 0
v 0.849937141 0.361399353 0
v 0.840784907 0.353479892 0
v 0.866694748 0.359323412 0
v 0.857747972 0.353197366 0
v 0.849056244 0.345867753 0
v 1.32924616 0.0252894424 0
v 1.34248722 0.0138845984 0
v 1.34930193 0.00606827531 0
v 1.35378933 0.0261602793 0
v 1.3685931 0.0146206236 0
v 1.3764801 0.0066123209 0
v 1.36538208 0.0274291933 0
v 1.38115835 0.0158085525 0
v 1.38983488 0.00766008487 0
v 0.985356569 0.382278621 0
v 0.983304203 0.392113835 0
v 0.981926799 0.398083389 0
v 0.953115463 0.381313115 0
v 0.949957192 0.391075522 0
v 0.948321104 0.396991253 0
v 0.931653619 0.379975617 0
v 0.92766875 0.389669746 0
v 0.92579931 0.395552129 0
v 0.896956086 0.39116174 0
v 0.885627508 0.387997359 0
v 0.875368714 0.38405931 0
v 0.899333715 0.385276735 0
v 0.888295174 0.382110834 0
v 0.878330827 0.37822023 0
v 0.904586196 0.375714362 0
v 0.894111991 0.372644931 0
v 0.884680092 0.36891216 0
v 1.39821911 0.397501945 0
v 1.39638543 0.399055183 0
v 1.39397955 0.400341332 0
v 1.38950086 0.389577627 0
v 1.38755739 0.391759187 0
v 1.38454938 0.393944979 0
v 1.37348628 0.378324538 0
v 1.37084591 0.38109374 0
v 1.36565936 0.384372294 0
v 1.40084887 0.3625108 0
v 1.40071392 0.382863313 0
v 1.40030336 0.392114818 0
v 1.39172029 0.354528368 0
v 1.39162767 0.374231935 0
v 1.39128518 0.383441687 0
v 1.37545252 0.344129831 0
v 1.37539971 0.362795502 0
v 1.37511396 0.371733576 0
v 1.4004643 0.136971191 0
v 1.40059555 0.203608185 0
v 1.40072179 0.270135492 0
v 1.390926 0.139289677 0
v 1.39118779 0.202767745 0
v 1.39144015 0.266187459 0
v 1.3742491 0.142915353 0
v 1.37464023 0.20215477 0
v 1.37501812 0.261380911 0
v 1.06665146 0.0228609182 0
v 1.0669862 0.0120793562 0
v 1.06693721 0.00509744789 0
v 1.14399278 0.023378646 0
v 1.14802122 0.0124592716 0
v 1.14986467 0.00529350853 0
v 1.22115529 0.02397779 0
v 1.22886419 0.0129013536 0
v 1.23258936 0.00552575337 0
v 1.3087672 0.333945394 0
v 1.26201451 0.309643537 0
v 1.21461594 0.285702407 0
v 1.308869 0.326564968 0
v 1.26123309 0.302972257 0
v 1.21144807 0.278772771 0
v 1.30898094 0.311844796 0
v 1.26219273 0.291096747 0
v 1.21476328 0.269948661 0
v 0.94978857 0.342497885 0
v 0.963581324 0.316719681 0
v 0.978792906 0.290937781 0
v 0.96686548 0.34346801 0
v 0.977917731 0.317018151 0
v 0.991494298 0.289790392 0
v 0.992888749 0.344266742 0
v 0.999362886 0.318143755 0
v 1.00859106 0.292064041 0
v 1.05260754 0.20645608 0
v 0.98462975 0.183598623 0
v 1.00327575 0.178346559 0
v 0.99833107 0.162803024 0
v 1.01619661 0.169573784 0
v 1.0146085 0.158875838 0
v 1.03169024 0.168445662 0
v 1.04487824 0.158874676 0
v 1.07133448 0.168800592 0
v 1.10747504 0.159690678 0
v 1.1096375 0.169834957 0
v 1.13350368 0.161831945 0
v 1.11809254 0.176449776 0
v 1.13594711 0.181467265 0
v 1.11956239 0.204928145 0
v 1.13749218 0.227800086 0
v 1.12014687 0.233827293 0
v 1.13659048 0.248305231 0
v 1.11199796 0.241085038 0
v 1.10970914 0.250944763 0
v 1.07123446 0.241939873 0
v 1.04236853 0.250949144 0
v 1.02679145 0.241469517 0
v 1.00712228 0.249776214 0
v 1.01160169 0.239893243 0
v 0.997146487 0.246823728 0
v 1.00476313 0.236338258 0
v 0.989119887 0.240177795 0
v 0.998920083 0.226628408 0
v 0.982854366 0.219787866 0
v 0.996505857 0.202652305 0
v 1.1868217 0.0636888891 0
v 1.16225266 0.0903487504 0
v 1.13782823 0.116955936 0
v 1.12550676 0.0630979389 0
v 1.11184716 0.0903263837 0
v 1.09749734 0.118359968 0
v 1.06412208 0.0624554679 0
v 1.06189835 0.0892669857 0
v 1.05901253 0.116068251 0
v 0.886000633 0.316534579 0
v 0.913057089 0.296222836 0
v 0.941292644 0.275598496 0
v 0.892845392 0.321976364 0
v 0.919152737 0.300184369 0
v 0.947724521 0.277578384 0
v 0.899714768 0.326603144 0
v 0.924125969 0.304269016 0
v 0.949987769 0.281943232 0
v 1.3082391 0.2477424 0
v 1.26134753 0.239652336 0
v 1.21392393 0.232280806 0
v 1.30749643 0.202027455 0
v 1.25966299 0.202507868 0
v 1.20987248 0.203208983 0
v 1.30698526 0.156355172 0
v 1.25995696 0.165390491 0
v 1.21254408 0.174087256 0
v 1.30605304 0.0926305652 0
v 1.25892866 0.114414267 0
v 1.21153951 0.136879995 0
v 1.30545735 0.0782758221 0
v 1.25748146 0.102978177 0
v 1.20772564 0.128554866 0
v 1.30474508 0.0714067221 0
v 1.25777006 0.0967973396 0
v 1.21044505 0.121979944 0
v 1.30009902 0.0671345443 0
v 1.25410128 0.0933106244 0
v 1.20767975 0.119335987 0
v 1.29116559 0.0660526156 0
v 1.24584293 0.0928744003 0
v 1.19821107 0.120356582 0
v 1.27214074 0.0651164427 0
v 1.23090541 0.0915754363 0
v 1.18805289 0.117884412 0
v 0.913566291 0.33382991 0
v 0.934999943 0.309858382 0
v 0.95769763 0.285835445 0
v 0.920881748 0.336663932 0
v 0.941319644 0.311654925 0
v 0.963990927 0.285894334 0
v 0.928874075 0.33914268 0
v 0.947238743 0.314091921 0
v 0.967240512 0.289093763 0
v 0.851960778 0.163942292 0
v 0.886338115 0.170778677 0
v 0.922094107 0.17765215 0
v 0.853305757 0.195680335 0
v 0.887599409 0.197083727 0
v 0.92443645 0.198771745 0
v 0.855757475 0.226893812 0
v 0.888698399 0.222952768 0
v 0.923008382 0.219392046 0
v 1.29047489 0.345231175 0
v 1.24217165 0.318093836 0
v 1.1950258 0.291805148 0
v 1.30237186 0.342363417 0
v 1.25411391 0.315875471 0
v 1.20425439 0.288966715 0
v 1.30709434 0.339866877 0
v 1.26028442 0.314516306 0
v 1.21294093 0.289357454 0
v 1.38775337 0.40267998 0
v 1.38413215 0.403831422 0
v 1.38031554 0.404929101 0
v 1.37743139 0.398996055 0
v 1.37382531 0.401623994 0
v 1.37002718 0.403902292 0
v 1.35495996 0.394304186 0
v 1.35153043 0.399224699 0
v 1.347893 0.402881891 0
v 0.863469064 0.275234818 0
v 0.894862175 0.262423813 0
v 0.92747438 0.2487946 0
v 0.868374467 0.290548176 0
v 0.899532437 0.274905711 0
v 0.933080792 0.258329183 0
v 0.873675287 0.301669985 0
v 0.903231442 0.284403324 0
v 0.934176564 0.266992956 0
v 0.464623123 0.864991188 0
v 0.460109681 0.868087053 0
v 0.453481376 0.871355951 0
v 0.437088519 0.841485023 0
v 0.432404429 0.84437114 0
v 0.425554365 0.847205818 0
v 0.409632981 0.81305474 0
v 0.404826015 0.815689802 0
v 0.397833496 0.818105757 0
v 0.219582438 0.550353646 0
v 0.215560526 0.498628378 0
v 0.213890657 0.441773742 0
v 0.237254441 0.550007045 0
v 0.231931299 0.498566687 0
v 0.228669316 0.442440242 0
v 0.254211575 0.549681187 0
v 0.247660458 0.498528153 0
v 0.242809534 0.443121076 0
v 0.256890476 0.317507148 0
v 0.252578914 0.317236096 0
v 0.247259974 0.316405267 0
v 0.245625049 0.24844867 0
v 0.241765335 0.24872829 0
v 0.237403214 0.248881951 0
v 0.234583929 0.182918563 0
v 0.231351495 0.184847668 0
v 0.228324115 0.188474283 0
v 0.0818447024 0.297173858 0
v 0.080457747 0.216432959 0
v 0.0793510377 0.141427442 0
v 0.0895350575 0.297130585 0
v 0.0881290361 0.216446072 0
v 0.0871161819 0.141466722 0
v 0.0950220302 0.297046155 0
v 0.0936711058 0.21637167 0
v 0.0928157121 0.141383737 0
v 0.237496197 1.1461482 0
v 0.249664143 1.08845496 0
v 0.258277863 1.03637648 0
v 0.243667558 1.14588726 0
v 0.256044179 1.08809829 0
v 0.264765739 1.03592312 0
v 0.24909319 1.14573407 0
v 0.261660457 1.08791065 0
v 0.270477861 1.03569794 0
v 0.131209567 0.29574725 0
v 0.130865186 0.214607581 0
v 0.130530521 0.139179513 0
v 0.139075711 0.295729369 0
v 0.138007566 0.214610651 0
v 0.136812061 0.139189512 0
v 0.147962749 0.29572925 0
v 0.146254823 0.214646131 0
v 0.144298345 0.139241427 0
v 0.23346819 1.44526863 0
v 0.256098151 1.44136035 0
v 0.279829741 1.43748116 0
v 0.229830608 1.46199465 0
v 0.252164036 1.45788646 0
v 0.275595456 1.45380878 0
v 0.22847715 1.47141564 0
v 0.250692666 1.46722662 0
v 0.27400279 1.46306813 0
v 0.70577693 1.175892 0
v 0.715588331 1.13749397 0
v 0.724528611 1.1028837 0
v 0.754991889 1.17751586 0
v 0.762449563 1.13965762 0
v 0.769312501 1.10549176 0
v 0.805947483 1.17854691 0
v 0.8112849 1.14092147 0
v 0.816276729 1.1069504 0
v 0.65594238 1.42470038 0
v 0.718541741 1.42493188 0
v 0.78153336 1.4253602 0
v 0.653811038 1.44083953 0
v 0.717016339 1.44094503 0
v 0.780549407 1.44123113 0
v 0.653018475 1.45055354 0
v 0.716452241 1.45052326 0
v 0.780186713 1.45064139 0
v 0.133896589 0.552873731 0
v 0.131670102 0.500200808 0
v 0.131180272 0.44148308 0
v 0.140834957 0.552704573 0
v 0.139246881 0.500042617 0
v 0.139262572 0.441371948 0
v 0.148861229 0.552484572 0
v 0.147816524 0.499851108 0
v 0.148299545 0.441244572 0
v 0.130801335 0.038662672 0
v 0.131525874 0.0166048985 0
v 0.132498324 0.00632088166 0
v 0.135794654 0.0386579372 0
v 0.136237964 0.0165838804 0
v 0.13708438 0.00628005946 0
v 0.142188028 0.038689483 0
v 0.142434716 0.0165838189 0
v 0.14323394 0.00623970712 0
v 0.231604695 0.31114468 0
v 0.221365497 0.307024866 0
v 0.210315645 0.302972525 0
v 0.224898666 0.24107486 0
v 0.216552049 0.233463928 0
v 0.207313612 0.226486668 0
v 0.219116107 0.17933917 0
v 0.212227389 0.166464388 0
v 0.20446606 0.155766621 0
v 0.483370185 0.995614111 0
v 0.463544458 0.998542547 0
v 0.443405569 0.99846524 0
v 0.455816358 0.969061911 0
v 0.438483924 0.971719205 0
v 0.419768631 0.971536458 0
v 0.424077809 0.944604516 0
v 0.407468975 0.946816206 0
v 0.389608383 0.946531475 0
v 0.586544454 1.00997329 0
v 0.596850991 0.987966716 0
v 0.604701698 0.970595956 0
v 0.62289989 1.0214994 0
v 0.631448269 0.997595906 0
v 0.637908757 0.978193641 0
v 0.660225868 1.03043365 0
v 0.667363465 1.00516355 0
v 0.672688425 0.984098971 0
v 0.430042833 0.878700852 0
v 0.41346848 0.882600009 0
v 0.395250976 0.886318624 0
v 0.401423007 0.852615237 0
v 0.384365529 0.855121315 0
v 0.365589887 0.857438326 0
v 0.373321235 0.821880698 0
v 0.356017828 0.823254824 0
v 0.336961567 0.824440002 0
v 0.205332413 0.0328170694 0
v 0.211603284 0.0533414446 0
v 0.217679486 0.0837792307 0
v 0.203375116 0.0419838205 0
v 0.209502921 0.0613056645 0
v 0.215393186 0.090027459 0
v 0.202312782 0.0622023866 0
v 0.208547607 0.0795299411 0
v 0.21437791 0.104748592 0
v 0.103052132 0.0403257199 0
v 0.105556704 0.0178662874 0
v 0.108688988 0.00701246038 0
v 0.106607743 0.0399108902 0
v 0.109007575 0.0175323877 0
v 0.111972481 0.00679701986 0
v 0.10980995 0.0394983515 0
v 0.111974731 0.0172087532 0
v 0.114609316 0.00660154317 0
v 0.11141856 0.553890646 0
v 0.107668787 0.501046181 0
v 0.105474696 0.44219178 0
v 0.114344515 0.553648949 0
v 0.110529914 0.500867307 0
v 0.108338788 0.442045301 0
v 0.116748646 0.553458154 0
v 0.112910457 0.500722528 0
v 0.110766672 0.441918522 0
v 1.3723588 1.0427494 0
v 1.37348151 1.01566136 0
v 1.37440407 0.9924227 0
v 1.39102566 1.04302394 0
v 1.39187038 1.01602554 0
v 1.39256418 0.992852688 0
v 1.4009223 1.04359567 0
v 1.40137339 1.01669455 0
v 1.40174377 0.993575275 0
v 0.535096943 1.42552519 0
v 0.531751633 1.44174099 0
v 0.530486166 1.45145392 0
v 0.479922295 1.42655122 0
v 0.476048946 1.44271457 0
v 0.474571079 1.45229125 0
v 0.431282789 1.42771363 0
v 0.42697683 1.44380116 0
v 0.425323725 1.45321131 0
v 0.171848863 1.45430481 0
v 0.176399454 1.45415807 0
v 0.180389717 1.45396173 0
v 0.169113919 1.4714843 0
v 0.173587129 1.47133219 0
v 0.177509934 1.47112775 0
v 0.168106303 1.48109174 0
v 0.172551021 1.48093617 0
v 0.176448986 1.48072755 0
v 0.10267204 0.29671669 0
v 0.101579204 0.215940803 0
v 0.101073518 0.140844494 0
v 0.105773985 0.296492726 0
v 0.104872659 0.215626091 0
v 0.104539521 0.140446723 0
v 0.108550362 0.296269357 0
v 0.107891768 0.215307444 0
v 0.107755363 0.140043765 0
v 0.0202184226 0.297148257 0
v 0.0198288113 0.21585612 0
v 0.0194631498 0.140492812 0
v 0.0394592099 0.297164738 0
v 0.0387084447 0.216002136 0
v 0.0380138606 0.140726238 0
v 0.0567447394 0.297180742 0
v 0.0556897372 0.216180921 0
v 0.0547396913 0.14101325 0
v 0.0189914461 0.0397171043 0
v 0.0189045705 0.017143935 0
v 0.0188800078 0.00617819792 0
v 0.0371716097 0.0400374159 0
v 0.0370606408 0.0174792502 0
v 0.0370792896 0.00651728502 0
v 0.0537291951 0.0404278152 0
v 0.0537197068 0.0178848915 0
v 0.0539171249 0.00692377798 0
v 0.0221128017 0.560311496 0
v 0.0213545077 0.50544709 0
v 0.0209090505 0.444857329 0
v 0.043152146 0.559290171 0
v 0.0416729748 0.504752278 0
v 0.0408031866 0.444452167 0
v 0.0620445944 0.557982326 0
v 0.0599193834 0.50386256 0
v 0.0586674772 0.443932176 0
v 1.03635681 1.04708993 0
v 0.977288187 1.04716909 0
v 0.922394872 1.04692113 0
v 1.03696513 1.01968229 0
v 0.978151619 1.01973009 0
v 0.923705578 1.0194664 0
v 1.0374341 0.995849311 0
v 0.978805482 0.995852172 0
v 0.924687922 0.995573997 0
v 0.0342530683 1.45715225 0
v 0.0668327212 1.45669842 0
v 0.0960655734 1.45611739 0
v 0.0337180234 1.47442937 0
v 0.0657880157 1.47395897 0
v 0.0945619568 1.4733572 0
v 0.0335209034 1.48411155 0
v 0.0654031187 1.48362887 0
v 0.0940079913 1.48301148 0
v 1.16692781 1.04572725 0
v 1.16761208 1.01840019 0
v 1.16816723 0.994741261 0
v 1.23310947 1.04463947 0
v 1.23402297 1.01735711 0
v 1.23477161 0.993812919 0
v 1.29282427 1.04361534 0
v 1.2939558 1.01638544 0
v 1.29488528 0.992957473 0
v 0.666670144 1.36161029 0
v 0.675232053 1.31609499 0
v 0.68506366 1.2670275 0
v 0.726239562 1.36205173 0
v 0.732421637 1.3166666 0
v 0.739584267 1.26781094 0
v 0.786511421 1.36264324 0
v 0.790554404 1.31730282 0
v 0.7953161 1.26851356 0
v 0.824200928 1.04562318 0
v 0.780061781 1.04413283 0
v 0.738421082 1.04143393 0
v 0.826947033 1.01823163 0
v 0.783757627 1.01690722 0
v 0.743181407 1.01456523 0
v 0.828974605 0.994424045 0
v 0.786477387 0.993308842 0
v 0.746687412 0.991425991 0
v 0.90570122 1.45090663 0
v 0.905802667 1.4417479 0
v 0.906078041 1.42608261 0
v 0.967756569 1.45096219 0
v 0.96780026 1.44185436 0
v 0.967918575 1.42623162 0
v 1.03066313 1.45098269 0
v 1.0306803 1.44189417 0
v 1.03072667 1.42628741 0
v 1.36540318 1.45095706 0
v 1.36543119 1.44189155 0
v 1.36544275 1.42629695 0
v 1.38549471 1.45075643 0
v 1.38571954 1.44182718 0
v 1.38581204 1.42628908 0
v 1.39708519 1.45025074 0
v 1.39781415 1.44167125 0
v 1.39810348 1.42626965 0
v 1.16232383 1.45098567 0
v 1.16232729 1.44190049 0
v 1.16233575 1.42629743 0
v 1.22736776 1.45098567 0
v 1.22736859 1.44190037 0
v 1.22737145 1.42629814 0
v 1.28584254 1.45098567 0
v 1.2858429 1.44190073 0
v 1.28584301 1.42629802 0
v 1.16878438 0.962541699 0
v 1.1688627 0.953653157 0
v 1.16884625 0.947736382 0
v 1.23560095 0.961959124 0
v 1.23569894 0.953272045 0
v 1.23566639 0.947567582 0
v 1.29591429 0.961427569 0
v 1.29603326 0.952918887 0
v 1.29598951 0.947398663 0
v 1.16238916 1.36383975 0
v 1.16249108 1.31847799 0
v 1.1627121 1.26958537 0
v 1.22739685 1.36383808 0
v 1.22749448 1.3184526 0
v 1.22774363 1.26949441 0
v 1.28585994 1.36383545 0
v 1.2859689 1.31842685 0
v 1.28626275 1.26940441 0
v 0.67902565 0.955721796 0
v 0.645790577 0.952370167 0
v 0.614465535 0.947647989 0
v 0.680636942 0.947539866 0
v 0.6479339 0.944836318 0
v 0.617231905 0.940835595 0
v 0.681624413 0.941813529 0
v 0.649358451 0.939489543 0
v 0.619152427 0.93590939 0
v 1.3673178 1.17798722 0
v 1.36846983 1.13945222 0
v 1.36976659 1.10466909 0
v 1.38723433 1.17802596 0
v 1.38810074 1.13952219 0
v 1.38907599 1.10478675 0
v 1.39889729 1.1781683 0
v 1.39936006 1.13975477 0
v 1.39988089 1.10512519 0
v 0.048179511 0.923171043 0
v 0.0939328745 0.920138299 0
v 0.134833977 0.916256487 0
v 0.0506587364 0.946705937 0
v 0.0987704173 0.943692029 0
v 0.141788036 0.939833939 0
v 0.0523700975 0.974449515 0
v 0.102113485 0.971547782 0
v 0.14660351 0.967833161 0
v 0.236751944 0.904189706 0
v 0.242413178 0.903583348 0
v 0.247279912 0.903290451 0
v 0.249202445 0.927836418 0
v 0.255216092 0.927236021 0
v 0.260436356 0.92695266 0
v 0.258057326 0.956273377 0
v 0.26435414 0.955694139 0
v 0.269861251 0.955420375 0
v 0.470467776 1.15888679 0
v 0.448954314 1.15829968 0
v 0.428438962 1.15786922 0
v 0.489008725 1.11106694 0
v 0.467209697 1.11058438 0
v 0.44627136 1.10997093 0
v 0.500941157 1.06677997 0
v 0.478247821 1.06735921 0
v 0.456844032 1.06694782 0
v 0.300912112 0.921046674 0
v 0.323105216 0.929349244 0
v 0.34675619 0.937271595 0
v 0.321497589 0.945271432 0
v 0.346706897 0.95383203 0
v 0.37325573 0.962001562 0
v 0.337061316 0.973116815 0
v 0.364764929 0.981392026 0
v 0.393716991 0.989286005 0
v 0.193131506 0.909585655 0
v 0.210215852 0.907528937 0
v 0.221823752 0.906087041 0
v 0.203146785 0.933203161 0
v 0.221157566 0.931157887 0
v 0.233413547 0.92972374 0
v 0.210134596 0.961447179 0
v 0.228830844 0.959476411 0
v 0.241584033 0.958093762 0
v 0.384353995 1.26452887 0
v 0.404166728 1.26413167 0
v 0.42596963 1.26396155 0
v 0.363063991 1.31823242 0
v 0.38251856 1.31747448 0
v 0.404468656 1.31699121 0
v 0.344460189 1.3666805 0
v 0.363588512 1.36562872 0
v 0.38565743 1.36491024 0
v 0.041762691 1.2735033 0
v 0.0814882591 1.27296495 0
v 0.117139563 1.27227402 0
v 0.0391637981 1.33284748 0
v 0.0764190108 1.33241916 0
v 0.109857082 1.33186948 0
v 0.036961332 1.38600874 0
v 0.0721205026 1.38559949 0
v 0.103675358 1.38507485 0
v 0.209725395 1.27007079 0
v 0.215295047 1.26992917 0
v 0.220179111 1.26979983 0
v 0.196799591 1.33011818 0
v 0.202040434 1.32999134 0
v 0.206634194 1.32984912 0
v 0.185673609 1.38341618 0
v 0.190613255 1.38328671 0
v 0.194943085 1.38312435 0
v 0.551823735 1.36187184 0
v 0.499227732 1.36257529 0
v 0.452696055 1.36342931 0
v 0.565104842 1.31568074 0
v 0.514544368 1.3158797 0
v 0.469681174 1.31622565 0
v 0.580264986 1.26548004 0
v 0.532025397 1.26483095 0
v 0.48907429 1.26433086 0
v 0.283282936 1.26772606 0
v 0.30976817 1.26684785 0
v 0.337372512 1.26594877 0
v 0.266419411 1.32524061 0
v 0.29163596 1.32319796 0
v 0.317967832 1.32116115 0
v 0.251778036 1.37660336 0
v 0.275860578 1.373685 0
v 0.301053703 1.37078691 0
v 0.168699428 1.27107692 0
v 0.18430464 1.27070081 0
v 0.195229024 1.27043271 0
v 0.158236161 1.33091784 0
v 0.172892049 1.33061957 0
v 0.183160484 1.33040702 0
v 0.149319485 1.38416934 0
v 0.163140312 1.38388717 0
v 0.172819972 1.38368762 0
v 0.146129742 0.817492425 0
v 0.159111455 0.815586448 0
v 0.167961061 0.814250112 0
v 0.1579559 0.844068944 0
v 0.171940014 0.842095137 0
v 0.181449294 0.840711534 0
v 0.169779763 0.867069304 0
v 0.184785709 0.865056694 0
v 0.194976971 0.86364603 0
v 0.212004095 0.818097711 0
v 0.222298726 0.821352363 0
v 0.234617129 0.824387908 0
v 0.232985228 0.847896755 0
v 0.24582085 0.852682829 0
v 0.260581225 0.857202113 0
v 0.255113691 0.874150693 0
v 0.27088961 0.880437911 0
v 0.288436502 0.886411607 0
v 0.179384187 0.812483191 0
v 0.183642462 0.811872005 0
v 0.187138245 0.811468959 0
v 0.193689972 0.838885009 0
v 0.198269188 0.838268042 0
v 0.202069283 0.837893188 0
v 0.208076641 0.861786544 0
v 0.212998033 0.861173213 0
v 0.21713087 0.860833168 0
v 0.0364291146 0.830078185 0
v 0.0710289255 0.82726866 0
v 0.101970114 0.823672652 0
v 0.0393997245 0.857107162 0
v 0.07681638 0.854196489 0
v 0.110266894 0.850470841 0
v 0.0423604958 0.880366266 0
v 0.0825865492 0.877397716 0
v 0.118543737 0.873598099 0
v 0.54339534 0.94968605 0
v 0.53243953 0.961737752 0
v 0.519096673 0.975563347 0
v 0.51478219 0.935996592 0
v 0.502203465 0.945313394 0
v 0.487830848 0.955022395 0
v 0.486717433 0.919840157 0
v 0.472470522 0.927019894 0
v 0.456662476 0.934102774 0
v 0.565287411 0.923082709 0
v 0.562316358 0.927223325 0
v 0.558078527 0.932636857 0
v 0.540720701 0.913065195 0
v 0.537252903 0.916883528 0
v 0.532247186 0.921683669 0
v 0.516398013 0.90024966 0
v 0.512490451 0.903790295 0
v 0.506786644 0.90803206 0
v 0.0304981153 0.757773697 0
v 0.0277171191 0.712472141 0
v 0.0252850782 0.663348258 0
v 0.0594792627 0.755378902 0
v 0.0540653802 0.710388362 0
v 0.0493308567 0.661613584 0
v 0.085426487 0.752313554 0
v 0.0776759312 0.707720876 0
v 0.0708980262 0.659392715 0
v 0.151179686 0.742763102 0
v 0.13806355 0.699403882 0
v 0.126593336 0.652462423 0
v 0.154861838 0.74222064 0
v 0.141497388 0.698925495 0
v 0.129813895 0.65206039 0
v 0.157843649 0.741821945 0
v 0.144274488 0.698563874 0
v 0.132424474 0.651750624 0
v 0.175018653 0.743488073 0
v 0.159904018 0.698968709 0
v 0.147716045 0.651486874 0
v 0.182023585 0.744464517 0
v 0.166219816 0.699345648 0
v 0.153861061 0.651528478 0
v 0.190936446 0.745301187 0
v 0.174239218 0.699611187 0
v 0.161472008 0.65148133 0
v 0.283952534 0.744201183 0
v 0.260995299 0.697876871 0
v 0.241917878 0.649266839 0
v 0.303272456 0.744120181 0
v 0.280329794 0.697821617 0
v 0.261052638 0.649075031 0
v 0.321039528 0.74390316 0
v 0.298336804 0.697679579 0
v 0.279106587 0.648845911 0
v 0.122622825 0.747043788 0
v 0.111632966 0.703134239 0
v 0.102022663 0.655572951 0
v 0.133667186 0.745417535 0
v 0.121788591 0.701717854 0
v 0.111401312 0.654392779 0
v 0.141268104 0.744276166 0
v 0.1288248 0.700723648 0
v 0.117943645 0.653563857 0
v 0.346441895 0.742195368 0
v 0.324276209 0.69644624 0
v 0.305326849 0.647869408 0
v 0.353726923 0.740622699 0
v 0.331720978 0.695284605 0
v 0.312871367 0.647076905 0
v 0.358758777 0.738749564 0
v 0.336862803 0.693895161 0
v 0.318091393 0.646157026 0
v 0.889584064 0.0658357888 0
v 0.904414773 0.0630154908 0
v 0.919065118 0.0618313104 0
v 0.922343969 0.0920289159 0
v 0.934778452 0.0902591646 0
v 0.945713103 0.0887690783 0
v 0.953994453 0.118449748 0
v 0.965300739 0.118451916 0
v 0.972114563 0.115756996 0
v 0.16202946 0.741496742 0
v 0.148150474 0.698203266 0
v 0.136103228 0.651405394 0
v 0.16386807 0.741615713 0
v 0.149828747 0.698208869 0
v 0.137736559 0.651354015 0
v 0.166275635 0.741969883 0
v 0.152008891 0.698340893 0
v 0.139890194 0.651362479 0
v 0.192330495 0.811432719 0
v 0.194927931 0.812009752 0
v 0.198564768 0.8132146 0
v 0.207953483 0.838086724 0
v 0.211144313 0.838977516 0
v 0.215769559 0.840755522 0
v 0.223810166 0.861258864 0
v 0.227699772 0.86245805 0
v 0.233487099 0.864797473 0
v 0.229219884 1.26953351 0
v 0.235549271 1.26932669 0
v 0.245538354 1.26899219 0
v 0.215129912 1.32942116 0
v 0.221099645 1.32898057 0
v 0.230557859 1.32821488 0
v 0.202952579 1.38256311 0
v 0.2086052 1.38194525 0
v 0.217593953 1.38085628 0
v 0.255770147 0.904024243 0
v 0.261242777 0.905633986 0
v 0.269619346 0.90872395 0
v 0.269812405 0.92772609 0
v 0.276050925 0.929386258 0
v 0.285661399 0.932569921 0
v 0.279966354 0.956163943 0
v 0.286838949 0.957765222 0
v 0.297470659 0.960839689 0
v 1.03292978 1.17976284 0
v 0.972106755 1.17976248 0
v 0.91420877 1.17957032 0
v 1.03381455 1.14222133 0
v 0.973497272 1.14226186 0
v 0.916477919 1.14205933 0
v 1.03473735 1.10833848 0
v 0.974904478 1.10841274 0
v 0.918708563 1.1081959 0
v 0.11605119 0.0389205515 0
v 0.117715023 0.0167780332 0
v 0.119623154 0.00637805182 0
v 0.119368143 0.0387871712 0
v 0.120829523 0.0166901946 0
v 0.122444719 0.00635229005 0
v 0.122887477 0.0387198403 0
v 0.124143057 0.016651107 0
v 0.125508755 0.0063509969 0
v 0.120323732 0.553220272 0
v 0.116595894 0.500533938 0
v 0.114708677 0.441745549 0
v 0.122115977 0.553149462 0
v 0.118560873 0.500472009 0
v 0.116899662 0.441690415 0
v 0.124628901 0.553082407 0
v 0.121365398 0.500407696 0
v 0.120008133 0.441637665 0
v 0.187780872 1.45323777 0
v 0.193032548 1.45241749 0
v 0.201425463 1.45096326 0
v 0.184778288 1.47036958 0
v 0.189949781 1.46950829 0
v 0.198222607 1.46798003 0
v 0.183671996 1.47995412 0
v 0.188813165 1.47907603 0
v 0.197039708 1.47751796 0
v 0.113533475 0.295944929 0
v 0.113525279 0.214843005 0
v 0.113917336 0.139459163 0
v 0.116304465 0.295860231 0
v 0.116588764 0.214725301 0
v 0.117203593 0.139313683 0
v 0.119878434 0.295808822 0
v 0.120276049 0.214659899 0
v 0.120919928 0.139235318 0
v 0.161074549 0.0391024426 0
v 0.161452472 0.0169038139 0
v 0.162481517 0.00642653368 0
v 0.172800347 0.040548481 0
v 0.173462138 0.0184012018 0
v 0.174739614 0.00792081002 0
v 0.184391484 0.0441600196 0
v 0.185333684 0.0222742092 0
v 0.186881453 0.0119497534 0
v 0.977505505 0.0617452934 0
v 0.992184997 0.088654682 0
v 1.0079838 0.115606025 0
v 0.956248522 0.0616840236 0
v 0.974963188 0.0891033709 0
v 0.994574845 0.117413886 0
v 0.942939103 0.0615847446 0
v 0.963822782 0.0885233581 0
v 0.984448195 0.115512043 0
v 1.24692154 0.401120245 0
v 1.1731236 0.400394648 0
v 1.09753728 0.399692446 0
v 1.24884152 0.395445645 0
v 1.17405903 0.394368291 0
v 1.09829497 0.393592685 0
v 1.2479645 0.386259049 0
v 1.17196763 0.384568065 0
v 1.09708011 0.383631319 0
v 0.0521148518 1.05037522 0
v 0.101637438 1.04814541 0
v 0.1459755 1.04528975 0
v 0.0501813032 1.09926045 0
v 0.0978806764 1.097543 0
v 0.140616253 1.09534323 0
v 0.0475459918 1.15376043 0
v 0.092754215 1.15255475 0
v 0.133286864 1.15100992 0
v 0.529289186 1.16300786 0
v 0.547210753 1.11751616 0
v 0.562029362 1.07547939 0
v 0.5683074 1.16653907 0
v 0.584964573 1.12346375 0
v 0.599648178 1.08454037 0
v 0.611763537 1.17022312 0
v 0.626434863 1.12925816 0
v 0.639669836 1.0924865 0
v 0.841096699 0.0278324448 0
v 0.828556061 0.017935643 0
v 0.820968091 0.011872353 0
v 0.860113382 0.0239252578 0
v 0.848417044 0.0136518897 0
v 0.841123819 0.007269355 0
v 0.879649639 0.0224309471 0
v 0.869023323 0.0119916741 0
v 0.862228394 0.00545427017 0
vn 0 0 1
vn 0 0 1
vn 0 0 1
vn 0 0 1
vn 0 0 1
vn 0 0 1
vn 0 0 1
vn 0 0 1
vn 0 0 1
vn 0 0 1
vn 0 0 1
vn 0 0 1
vn 0 0 1
vn 0 0 1
vn 0 0 1
vn 0 0 1
vn 0 0 1
vn 0 0 1
vn 0 0 1
vn 0 0 1
vn 0 0 1
vn 0 0 1
vn 0 0 1
vn 0 0 1
vn 0 0 1
vn 0 0 1
vn 0 0 1
vn 0 0 1
vn 0 0 1
vn 0 0 1
vn 0 0 1
vn 0 0 1
vn 0 0 1
vn 0 0 1
vn 0 0 1
vn 0 0 1
vn 0 0 1
vn 0 0 1
vn 0 0 1
vn 0 0 1
vn 0 0 1
vn 0 0 1
vn 0 0 1
vn 0 0 1
vn 0 0 1
vn 0 0 1
vn 0 0 1
vn 0 0 1
vn 0 0 1
vn 0 0 1
vn 0 0 1
vn 0 0 1
vn 0 0 1
vn 0 0 1
vn 0 0 1
vn 0 0 1
vn 0 0 1
vn 0 0 1
vn 0 0 1
vn 0 0 1
vn 0 0 1
vn 0 0 1
vn 0 0 1
vn 0 0 1
vn 0 0 1
vn 0 0 1
vn 0 0 1
vn 0 0 1
vn 0 0 1
vn 0 0 1
vn 0 0 1
vn 0 0 1
vn 0 0 1
vn 0 0 1
vn 0 0 1
vn 0 0 1
vn 0 0 1
vn 0 0 1
vn 0 0 1
vn 0 0 1
vn 0 0 1
vn 0 0 1
vn 0 0 1
vn 0 0 1
vn 0 0 1
vn 0 0 1
vn 0 0 1
vn 0 0 1
vn 0 0 1
vn 0 0 1
vn 0 0 1
vn 0 0 1
vn 0 0 1
vn 0 0 1
vn 0 0 1
vn 0 0 1
vn 0 0 1
vn 0 0 1
vn 0 0 1
vn 0 0 1
vn 0 0 1
vn 0 0 1
vn 0 0 1
vn 0 0 1
vn 0 0 1
vn 0 0 1
vn 0 0 1
vn 0 0 1
vn 0 0 1
vn 0 0 1
vn 0 0 1
vn 0 0 1
vn 0 0 1
vn 0 0 1
vn 0 0 1
vn 0 0 1
vn 0 0 1
vn 0 0 1
vn 0 0 1
vn 0 0 1
vn 0 0 1
vn 0 0 1
vn 0 0 1
vn 0 0 1
vn 0 0 1
vn 0 0 1
vn 0 0 1
vn 0 0 1
vn 0 0 1
vn 0 0 1
vn 0 0 1
vn 0 0 1
vn 0 0 1
vn 0 0 1
vn 0 0 1
vn 0 0 1
vn 0 0 1
vn 0 0 1
vn 0 0 1
vn 0 0 1
vn 0 0 1
vn 0 0 1
vn 0 0 1
vn 0 0 1
vn 0 0 1
vn 0 0 1
vn 0 0 1
vn 0 0 1
vn 0 0 1
vn 0 0 1
vn 0 0 1
vn 0 0 1
vn 0 0 1
vn 0 0 1
vn 0 0 1
vn 0 0 1
vn 0 0 1
vn 0 0 1
vn 0 0 1
vn 0 0 1
vn 0 0 1
vn 0 0 1
vn 0 0 1
vn 0 0 1
vn 0 0 1
vn 0 0 1
vn 0 0 1
vn 0 0 1
vn 0 0 1
vn 0 0 1
vn 0 0 1
vn 0 0 1
vn 0 0 1
vn 0 0 1
vn 0 0 1
vn 0 0 1
vn 0 0 1
vn 0 0 1
vn 0 0 1
vn 0 0 1
vn 0 0 1
vn 0 0 1
vn 0 0 1
vn 0 0 1
vn 0 0 1
vn 0 0 1
vn 0 0 1
vn 0 0 1
vn 0 0 1
vn 0 0 1
vn 0 0 1
vn 0 0 1
vn 0 0 1
vn 0 0 1
vn 0 0 1
vn 0 0 1
vn 0 0 1
vn 0 0 1
vn 0 0 1
vn 0 0 1
vn 0 0 1
vn 0 0 1
vn 0 0 1
vn 0 0 1
vn 0 0 1
vn 0 0 1
vn 0 0 1
vn 0 0 1
vn 0 0 1
vn 0 0 1
vn 0 0 1
vn 0 0 1
vn 0 0 1
vn 0 0 1
vn 0 0 1
vn 0 0 1
vn 0 0 1
vn 0 0 1
vn 0 0 1
vn 0 0 1
vn 0 0 1
vn 0 0 1
vn 0 0 1
vn 0 0 1
vn 0 0 1
vn 0 0 1
vn 0 0 1
vn 0 0 1
vn 0 0 1
vn 0 0 1
vn 0 0 1
vn 0 0 1
vn 0 0 1
vn 0 0 1
vn 0 0 1
vn 0 0 1
vn 0 0 1
vn 0 0 1
vn 0 0 1
vn 0 0 1
vn 0 0 1
vn 0 0 1
vn 0 0 1
vn 0 0 1
vn 0 0 1
vn 0 0 1
vn 0 0 1
vn 0 0 1
vn 0 0 1
vn 0 0 1
vn 0 0 1
vn 0 0 1
vn 0 0 1
vn 0 0 1
vn 0 0 1
vn 0 0 1
vn 0 0 1
vn 0 0 1
vn 0 0 1
vn 0 0 1
vn 0 0 1
vn 0 0 1
vn 0 0 1
vn 0 0 1
vn 0 0 1
vn 0 0 1
vn 0 0 1
vn 0 0 1
vn 0 0 1
vn 0 0 1
vn 0 0 1
vn 0 0 1
vn 0 0 1
vn 0 0 1
vn 0 0 1
vn 0 0 1
vn 0 0 1
vn 0 0 1
vn 0 0 1
vn 0 0 1
vn 0 0 1
vn 0 0 1
vn 0 0 1
vn 0 0 1
vn 0 0 1
vn 0 0 1
vn 0 0 1
vn 0 0 1
vn 0 0 1
vn 0 0 1
vn 0 0 1
vn 0 0 1
vn 0 0 1
vn 0 0 1
vn 0 0 1
vn 0 0 1
vn 0 0 1
vn 0 0 1
vn 0 0 1
vn 0 0 1
vn 0 0 1
vn 0 0 1
vn 0 0 1
vn 0 0 1
vn 0 0 1
vn 0 0 1
vn 0 0 1
vn 0 0 1
vn 0 0 1
vn 0 0 1
vn 0 0 1
vn 0 0 1
vn 0 0 1
vn 0 0 1
vn 0 0 1
vn 0 0 1
vn 0 0 1
vn 0 0 1
vn 0 0 1
vn 0 0 1
vn 0 0 1
vn 0 0 1
vn 0 0 1
vn 0 0 1
vn 0 0 1
vn 0 0 1
vn 0 0 1
vn 0 0 1
vn 0 0 1
vn 0 0 1
vn 0 0 1
vn 0 0 1
vn 0 0 1
vn 0 0 1
vn 0 0 1
vn 0 0 1
vn 0 0 1
vn 0 0 1
vn 0 0 1
vn 0 0 1
vn 0 0 1
vn 0 0 1
vn 0 0 1
vn 0 0 1
vn 0 0 1
vn 0 0 1
vn 0 0 1
vn 0 0 1
vn 0 0 1
vn 0 0 1
vn 0 0 1
vn 0 0 1
vn 0 0 1
vn 0 0 1
vn 0 0 1
vn 0 0 1
vn 0 0 1
vn 0 0 1
vn 0 0 1
vn 0 0 1
vn 0 0 1
vn 0 0 1
vn 0 0 1
vn 0 0 1
vn 0 0 1
vn 0 0 1
vn 0 0 1
vn 0 0 1
vn 0 0 1
vn 0 0 1
vn 0 0 1
vn 0 0 1
vn 0 0 1
vn 0 0 1
vn 0 0 1
vn 0 0 1
vn 0 0 1
vn 0 0 1
vn 0 0 1
vn 0 0 1
vn 0 0 1
vn 0 0 1
vn 0 0 1
vn 0 0 1
vn 0 0 1
vn 0 0 1
vn 0 0 1
vn 0 0 1
vn 0 0 1
vn 0 0 1
vn 0 0 1
vn 0 0 1
vn 0 0 1
vn 0 0 1
vn 0 0 1
vn 0 0 1
vn 0 0 1
vn 0 0 1
vn 0 0 1
vn 0 0 1
vn 0 0 1
vn 0 0 1
vn 0 0 1
vn 0 0 1
vn 0 0 1
vn 0 0 1
vn 0 0 1
vn 0 0 1
vn 0 0 1
vn 0 0 1
vn 0 0 1
vn 0 0 1
vn 0 0 1
vn 0 0 1
vn 0 0 1
vn 0 0 1
vn 0 0 1
vn 0 0 1
vn 0 0 1
vn 0 0 1
vn 0 0 1
vn 0 0 1
vn 0 0 1
vn 0 0 1
vn 0 0 1
vn 0 0 1
vn 0 0 1
vn 0 0 1
vn 0 0 1
vn 0 0 1
vn 0 0 1
vn 0 0 1
vn 0 0 1
vn 0 0 1
vn 0 0 1
vn 0 0 1
vn 0 0 1
vn 0 0 1
vn 0 0 1
vn 0 0 1
vn 0 0 1
vn 0 0 1
vn 0 0 1
vn 0 0 1
vn 0 0 1
vn 0 0 1
vn 0 0 1
vn 0 0 1
vn 0 0 1
vn 0 0 1
vn 0 0 1
vn 0 0 1
vn 0 0 1
vn 0 0 1
vn 0 0 1
vn 0 0 1
vn 0 0 1
vn 0 0 1
vn 0 0 1
vn 0 0 1
vn 0 0 1
vn 0 0 1
vn 0 0 1
vn 0 0 1
vn 0 0 1
vn 0 0 1
vn 0 0 1
vn 0 0 1
vn 0 0 1
vn 0 0 1
vn 0 0 1
vn 0 0 1
vn 0 0 1
vn 0 0 1
vn 0 0 1
vn 0 0 1
vn 0 0 1
vn 0 0 1
vn 0 0 1
vn 0 0 1
vn 0 0 1
vn 0 0 1
vn 0 0 1
vn 0 0 1
vn 0 0 1
vn 0 0 1
vn 0 0 1
vn 0 0 1
vn 0 0 1
vn 0 0 1
vn 0 0 1
vn 0 0 1
vn 0 0 1
vn 0 0 1
vn 0 0 1
vn 0 0 1
vn 0 0 1
vn 0 0 1
vn 0 0 1
vn 0 0 1
vn 0 0 1
vn 0 0 1
vn 0 0 1
vn 0 0 1
vn 0 0 1
vn 0 0 1
vn 0 0 1
vn 0 0 1
vn 0 0 1
vn 0 0 1
vn 0 0 1
vn 0 0 1
vn 0 0 1
vn 0 0 1
vn 0 0 1
vn 0 0 1
vn 0 0 1
vn 0 0 1
vn 0 0 1
vn 0 0 1
vn 0 0 1
vn 0 0 1
vn 0 0 1
vn 0 0 1
vn 0 0 1
vn 0 0 1
vn 0 0 1
vn 0 0 1
vn 0 0 1
vn 0 0 1
vn 0 0 1
vn 0 0 1
vn 0 0 1
vn 0 0 1
vn 0 0 1
vn 0 0 1
vn 0 0 1
vn 0 0 1
vn 0 0 1
vn 0 0 1
vn 0 0 1
vn 0 0 1
vn 0 0 1
vn 0 0 1
vn 0 0 1
vn 0 0 1
vn 0 0 1
vn 0 0 1
vn 0 0 1
vn 0 0 1
vn 0 0 1
vn 0 0 1
vn 0 0 1
vn 0 0 1
vn 0 0 1
vn 0 0 1
vn 0 0 1
vn 0 0 1
vn 0 0 1
vn 0 0 1
vn 0 0 1
vn 0 0 1
vn 0 0 1
vn 0 0 1
vn 0 0 1
vn 0 0 1
vn 0 0 1
vn 0 0 1
vn 0 0 1
vn 0 0 1
vn 0 0 1
vn 0 0 1
vn 0 0 1
vn 0 0 1
vn 0 0 1
vn 0 0 1
vn 0 0 1
vn 0 0 1
vn 0 0 1
vn 0 0 1
vn 0 0 1
vn 0 0 1
vn 0 0 1
vn 0 0 1
vn 0 0 1
vn 0 0 1
vn 0 0 1
vn 0 0 1
vn 0 0 1
vn 0 0 1
vn 0 0 1
vn 0 0 1
vn 0 0 1
vn 0 0 1
vn 0 0 1
vn 0 0 1
vn 0 0 1
vn 0 0 1
vn 0 0 1
vn 0 0 1
vn 0 0 1
vn 0 0 1
vn 0 0 1
vn 0 0 1
vn 0 0 1
vn 0 0 1
vn 0 0 1
vn 0 0 1
vn 0 0 1
vn 0 0 1
vn 0 0 1
vn 0 0 1
vn 0 0 1
vn 0 0 1
vn 0 0 1
vn 0 0 1
vn 0 0 1
vn 0 0 1
vn 0 0 1
vn 0 0 1
vn 0 0 1
vn 0 0 1
vn 0 0 1
vn 0 0 1
vn 0 0 1
vn 0 0 1
vn 0 0 1
vn 0 0 1
vn 0 0 1
vn 0 0 1
vn 0 0 1
vn 0 0 1
vn 0 0 1
vn 0 0 1
vn 0 0 1
vn 0 0 1
vn 0 0 1
vn 0 0 1
vn 0 0 1
vn 0 0 1
vn 0 0 1
vn 0 0 1
vn 0 0 1
vn 0 0 1
vn 0 0 1
vn 0 0 1
vn 0 0 1
vn 0 0 1
vn 0 0 1
vn 0 0 1
vn 0 0 1
vn 0 0 1
vn 0 0 1
vn 0 0 1
vn 0 0 1
vn 0 0 1
vn 0 0 1
vn 0 0 1
vn 0 0 1
vn 0 0 1
vn 0 0 1
vn 0 0 1
vn 0 0 1
vn 0 0 1
vn 0 0 1
vn 0 0 1
vn 0 0 1
vn 0 0 1
vn 0 0 1
vn 0 0 1
vn 0 0 1
vn 0 0 1
vn 0 0 1
vn 0 0 1
vn 0 0 1
vn 0 0 1
vn 0 0 1
vn 0 0 1
vn 0 0 1
vn 0 0 1
vn 0 0 1
vn 0 0 1
vn 0 0 1
vn 0 0 1
vn 0 0 1
vn 0 0 1
vn 0 0 1
vn 0 0 1
vn 0 0 1
vn 0 0 1
vn 0 0 1
vn 0 0 1
vn 0 0 1
vn 0 0 1
vn 0 0 1
vn 0 0 1
vn 0 0 1
vn 0 0 1
vn 0 0 1
vn 0 0 1
vn 0 0 1
vn 0 0 1
vn 0 0 1
vn 0 0 1
vn 0 0 1
vn 0 0 1
vn 0 0 1
vn 0 0 1
vn 0 0 1
vn 0 0 1
vn 0 0 1
vn 0 0 1
vn 0 0 1
vn 0 0 1
vn 0 0 1
vn 0 0 1
vn 0 0 1
vn 0 0 1
vn 0 0 1
vn 0 0 1
vn 0 0 1
vn 0 0 1
vn 0 0 1
vn 0 0 1
vn 0 0 1
vn 0 0 1
vn 0 0 1
vn 0 0 1
vn 0 0 1
vn 0 0 1
vn 0 0 1
vn 0 0 1
vn 0 0 1
vn 0 0 1
vn 0 0 1
vn 0 0 1
vn 0 0 1
vn 0 0 1
vn 0 0 1
vn 0 0 1
vn 0 0 1
vn 0 0 1
vn 0 0 1
vn 0 0 1
vn 0 0 1
vn 0 0 1
vn 0 0 1
vn 0 0 1
vn 0 0 1
vn 0 0 1
vn 0 0 1
vn 0 0 1
vn 0 0 1
vn 0 0 1
vn 0 0 1
vn 0 0 1
vn 0 0 1
vn 0 0 1
vn 0 0 1
vn 0 0 1
vn 0 0 1
vn 0 0 1
vn 0 0 1
vn 0 0 1
vn 0 0 1
vn 0 0 1
vn 0 0 1
vn 0 0 1
vn 0 0 1
vn 0 0 1
vn 0 0 1
vn 0 0 1
vn 0 0 1
vn 0 0 1
vn 0 0 1
vn 0 0 1
vn 0 0 1
vn 0 0 1
vn 0 0 1
vn 0 0 1
vn 0 0 1
vn 0 0 1
vn 0 0 1
vn 0 0 1
vn 0 0 1
vn 0 0 1
vn 0 0 1
vn 0 0 1
vn 0 0 1
vn 0 0 1
vn 0 0 1
vn 0 0 1
vn 0 0 1
vn 0 0 1
vn 0 0 1
vn 0 0 1
vn 0 0 1
vn 0 0 1
vn 0 0 1
vn 0 0 1
vn 0 0 1
vn 0 0 1
vn 0 0 1
vn 0 0 1
vn 0 0 1
vn 0 0 1
vn 0 0 1
vn 0 0 1
vn 0 0 1
vn 0 0 1
vn 0 0 1
vn 0 0 1
vn 0 0 1
vn 0 0 1
vn 0 0 1
vn 0 0 1
vn 0 0 1
vn 0 0 1
vn 0 0 1
vn 0 0 1
vn 0 0 1
vn 0 0 1
vn 0 0 1
vn 0 0 1
vn 0 0 1
vn 0 0 1
vn 0 0 1
vn 0 0 1
vn 0 0 1
vn 0 0 1
vn 0 0 1
vn 0 0 1
vn 0 0 1
vn 0 0 1
vn 0 0 1
vn 0 0 1
vn 0 0 1
vn 0 0 1
vn 0 0 1
vn 0 0 1
vn 0 0 1
vn 0 0 1
vn 0 0 1
vn 0 0 1
vn 0 0 1
vn 0 0 1
vn 0 0 1
vn 0 0 1
vn 0 0 1
vn 0 0 1
vn 0 0 1
vn 0 0 1
vn 0 0 1
vn 0 0 1
vn 0 0 1
vn 0 0 1
vn 0 0 1
vn 0 0 1
vn 0 0 1
vn 0 0 1
vn 0 0 1
vn 0 0 1
vn 0 0 1
vn 0 0 1
vn 0 0 1
vn 0 0 1
vn 0 0 1
vn 0 0 1
vn 0 0 1
vn 0 0 1
vn 0 0 1
vn 0 0 1
vn 0 0 1
vn 0 0 1
vn 0 0 1
vn 0 0 1
vn 0 0 1
vn 0 0 1
vn 0 0 1
vn 0 0 1
vn 0 0 1
vn 0 0 1
vn 0 0 1
vn 0 0 1
vn 0 0 1
vn 0 0 1
vn 0 0 1
vn 0 0 1
vn 0 0 1
vn 0 0 1
vn 0 0 1
vn 0 0 1
vn 0 0 1
vn 0 0 1
vn 0 0 1
vn 0 0 1
vn 0 0 1
vn 0 0 1
vn 0 0 1
vn 0 0 1
vn 0 0 1
vn 0 0 1
vn 0 0 1
vn 0 0 1
vn 0 0 1
vn 0 0 1
vn 0 0 1
vn 0 0 1
vn 0 0 1
vn 0 0 1
vn 0 0 1
vn 0 0 1
vn 0 0 1
vn 0 0 1
vn 0 0 1
vn 0 0 1
vn 0 0 1
vn 0 0 1
vn 0 0 1
vn 0 0 1
vn 0 0 1
vn 0 0 1
vn 0 0 1
vn 0 0 1
vn 0 0 1
vn 0 0 1
vn 0 0 1
vn 0 0 1
vn 0 0 1
vn 0 0 1
vn 0 0 1
vn 0 0 1
vn 0 0 1
vn 0 0 1
vn 0 0 1
vn 0 0 1
vn 0 0 1
vn 0 0 1
vn 0 0 1
vn 0 0 1
vn 0 0 1
vn 0 0 1
vn 0 0 1
vn 0 0 1
vn 0 0 1
vn 0 0 1
vn 0 0 1
vn 0 0 1
vn 0 0 1
vn 0 0 1
vn 0 0 1
vn 0 0 1
vn 0 0 1
vn 0 0 1
vn 0 0 1
vn 0 0 1
vn 0 0 1
vn 0 0 1
vn 0 0 1
vn 0 0 1
vn 0 0 1
vn 0 0 1
vn 0 0 1
vn 0 0 1
vn 0 0 1
vn 0 0 1
vn 0 0 1
vn 0 0 1
vn 0 0 1
vn 0 0 1
vn 0 0 1
vn 0 0 1
vn 0 0 1
vn 0 0 1
vn 0 0 1
vn 0 0 1
vn 0 0 1
vn 0 0 1
vn 0 0 1
vn 0 0 1
vn 0 0 1
vn 0 0 1
vn 0 0 1
vn 0 0 1
vn 0 0 1
vn 0 0 1
vn 0 0 1
vn 0 0 1
vn 0 0 1
vn 0 0 1
vn 0 0 1
vn 0 0 1
vn 0 0 1
vn 0 0 1
vn 0 0 1
vn 0 0 1
vn 0 0 1
vn 0 0 1
vn 0 0 1
vn 0 0 1
vn 0 0 1
vn 0 0 1
vn 0 0 1
vn 0 0 1
vn 0 0 1
vn 0 0 1
vn 0 0 1
vn 0 0 1
vn 0 0 1
vn 0 0 1
vn 0 0 1
vn 0 0 1
vn 0 0 1
vn 0 0 1
vn 0 0 1
vn 0 0 1
vn 0 0 1
vn 0 0 1
vn 0 0 1
vn 0 0 1
vn 0 0 1
vn 0 0 1
vn 0 0 1
vn 0 0 1
vn 0 0 1
vn 0 0 1
vn 0 0 1
vn 0 0 1
vn 0 0 1
vn 0 0 1
vn 0 0 1
vn 0 0 1
vn 0 0 1
vn 0 0 1
vn 0 0 1
vn 0 0 1
vn 0 0 1
vn 0 0 1
vn 0 0 1
vn 0 0 1
vn 0 0 1
vn 0 0 1
vn 0 0 1
vn 0 0 1
vn 0 0 1
vn 0 0 1
vn 0 0 1
vn 0 0 1
vn 0 0 1
vn 0 0 1
vn 0 0 1
vn 0 0 1
vn 0 0 1
vn 0 0 1
vn 0 0 1
vn 0 0 1
vn 0 0 1
vn 0 0 1
vn 0 0 1
vn 0 0 1
vn 0 0 1
vn 0 0 1
vn 0 0 1
vn 0 0 1
vn 0 0 1
vn 0 0 1
vn 0 0 1
vn 0 0 1
vn 0 0 1
vn 0 0 1
vn 0 0 1
vn 0 0 1
vn 0 0 1
vn 0 0 1
vn 0 0 1
vn 0 0 1
vn 0 0 1
vn 0 0 1
vn 0 0 1
vn 0 0 1
vn 0 0 1
vn 0 0 1
vn 0 0 1
vn 0 0 1
vn 0 0 1
vn 0 0 1
vn 0 0 1
vn 0 0 1
vn 0 0 1
vn 0 0 1
vn 0 0 1
vn 0 0 1
vn 0 0 1
vn 0 0 1
vn 0 0 1
vn 0 0 1
vn 0 0 1
vn 0 0 1
vn 0 0 1
vn 0 0 1
vn 0 0 1
vn 0 0 1
vn 0 0 1
vn 0 0 1
vn 0 0 1
vn 0 0 1
vn 0 0 1
vn 0 0 1
vn 0 0 1
vn 0 0 1
vn 0 0 1
vn 0 0 1
vn 0 0 1
vn 0 0 1
vn 0 0 1
vn 0 0 1
vn 0 0 1
vn 0 0 1
vn 0 0 1
vn 0 0 1
vn 0 0 1
vn 0 0 1
vn 0 0 1
vn 0 0 1
vn 0 0 1
vn 0 0 1
vn 0 0 1
vn 0 0 1
vn 0 0 1
vn 0 0 1
vn 0 0 1
vn 0 0 1
vn 0 0 1
vn 0 0 1
vn 0 0 1
vn 0 0 1
vn 0 0 1
vn 0 0 1
vn 0 0 1
vn 0 0 1
vn 0 0 1
vn 0 0 1
vn 0 0 1
vn 0 0 1
vn 0 0 1
vn 0 0 1
vn 0 0 1
vn 0 0 1
vn 0 0 1
vn 0 0 1
vn 0 0 1
vn 0 0 1
vn 0 0 1
vn 0 0 1
vn 0 0 1
vn 0 0 1
vn 0 0 1
vn 0 0 1
vn 0 0 1
vn 0 0 1
vn 0 0 1
vn 0 0 1
vn 0 0 1
vn 0 0 1
vn 0 0 1
vn 0 0 1
vn 0 0 1
vn 0 0 1
vn 0 0 1
vn 0 0 1
vn 0 0 1
vn 0 0 1
vn 0 0 1
vn 0 0 1
vn 0 0 1
vn 0 0 1
vn 0 0 1
vn 0 0 1
vn 0 0 1
vn 0 0 1
vn 0 0 1
vn 0 0 1
vn 0 0 1
vn 0 0 1
vn 0 0 1
vn 0 0 1
vn 0 0 1
vn 0 0 1
vn 0 0 1
vn 0 0 1
vn 0 0 1
vn 0 0 1
vn 0 0 1
vn 0 0 1
vn 0 0 1
vn 0 0 1
vn 0 0 1
vn 0 0 1
vn 0 0 1
vn 0 0 1
vn 0 0 1
vn 0 0 1
vn 0 0 1
vn 0 0 1
vn 0 0 1
vn 0 0 1
vn 0 0 1
vn 0 0 1
vn 0 0 1
vn 0 0 1
vn 0 0 1
vn 0 0 1
vn 0 0 1
vn 0 0 1
vn 0 0 1
vn 0 0 1
vn 0 0 1
vn 0 0 1
vn 0 0 1
vn 0 0 1
vn 0 0 1
vn 0 0 1
vn 0 0 1
vn 0 0 1
vn 0 0 1
vn 0 0 1
vn 0 0 1
vn 0 0 1
vn 0 0 1
vn 0 0 1
vn 0 0 1
vn 0 0 1
vn 0 0 1
vn 0 0 1
vn 0 0 1
vn 0 0 1
vn 0 0 1
vn 0 0 1
vn 0 0 1
vn 0 0 1
vn 0 0 1
vn 0 0 1
vn 0 0 1
vn 0 0 1
vn 0 0 1
vn 0 0 1
vn 0 0 1
vn 0 0 1
vn 0 0 1
vn 0 0 1
vn 0 0 1
vn 0 0 1
vn 0 0 1
vn 0 0 1
vn 0 0 1
vn 0 0 1
vn 0 0 1
vn 0 0 1
vn 0 0 1
vn 0 0 1
vn 0 0 1
vn 0 0 1
vn 0 0 1
vn 0 0 1
vn 0 0 1
vn 0 0 1
vn 0 0 1
vn 0 0 1
vn 0 0 1
vn 0 0 1
vn 0 0 1
vn 0 0 1
vn 0 0 1
vn 0 0 1
vn 0 0 1
vn 0 0 1
vn 0 0 1
vn 0 0 1
vn 0 0 1
vn 0 0 1
vn 0 0 1
vn 0 0 1
vn 0 0 1
vn 0 0 1
vn 0 0 1
vn 0 0 1
vn 0 0 1
vn 0 0 1
vn 0 0 1
vn 0 0 1
vn 0 0 1
vn 0 0 1
vn 0 0 1
vn 0 0 1
vn 0 0 1
vn 0 0 1
vn 0 0 1
vn 0 0 1
vn 0 0 1
vn 0 0 1
vn 0 0 1
vn 0 0 1
vn 0 0 1
vn 0 0 1
vn 0 0 1
vn 0 0 1
vn 0 0 1
vn 0 0 1
vn 0 0 1
vn 0 0 1
vn 0 0 1
vn 0 0 1
vn 0 0 1
vn 0 0 1
vn 0 0 1
vn 0 0 1
vn 0 0 1
vn 0 0 1
vn 0 0 1
vn 0 0 1
vn 0 0 1
vn 0 0 1
vn 0 0 1
vn 0 0 1
vn 0 0 1
vn 0 0 1
vn 0 0 1
vn 0 0 1
vn 0 0 1
vn 0 0 1
vn 0 0 1
vn 0 0 1
vn 0 0 1
vn 0 0 1
vn 0 0 1
vn 0 0 1
vn 0 0 1
vn 0 0 1
vn 0 0 1
vn 0 0 1
vn 0 0 1
vn 0 0 1
vn 0 0 1
vn 0 0 1
vn 0 0 1
vn 0 0 1
vn 0 0 1
vn 0 0 1
vn 0 0 1
vn 0 0 1
vn 0 0 1
vn 0 0 1
vn 0 0 1
vn 0 0 1
vn 0 0 1
vn 0 0 1
vn 0 0 1
vn 0 0 1
vn 0 0 1
vn 0 0 1
vn 0 0 1
vn 0 0 1
vn 0 0 1
vn 0 0 1
vn 0 0 1
vn 0 0 1
vn 0 0 1
vn 0 0 1
vn 0 0 1
vn 0 0 1
vn 0 0 1
vn 0 0 1
vn 0 0 1
vn 0 0 1
vn 0 0 1
vn 0 0 1
vn 0 0 1
vn 0 0 1
vn 0 0 1
vn 0 0 1
vn 0 0 1
vn 0 0 1
vn 0 0 1
vn 0 0 1
vn 0 0 1
vn 0 0 1
vn 0 0 1
vn 0 0 1
vn 0 0 1
vn 0 0 1
vn 0 0 1
vn 0 0 1
vn 0 0 1
vn 0 0 1
vn 0 0 1
vn 0 0 1
vn 0 0 1
vn 0 0 1
vn 0 0 1
vn 0 0 1
vn 0 0 1
vn 0 0 1
vn 0 0 1
vn 0 0 1
vn 0 0 1
vn 0 0 1
vn 0 0 1
vn 0 0 1
vn 0 0 1
vn 0 0 1
vn 0 0 1
vn 0 0 1
vn 0 0 1
vn 0 0 1
vn 0 0 1
vn 0 0 1
vn 0 0 1
vn 0 0 1
vn 0 0 1
vn 0 0 1
vn 0 0 1
vn 0 0 1
vn 0 0 1
vn 0 0 1
vn 0 0 1
vn 0 0 1
vn 0 0 1
vn 0 0 1
vn 0 0 1
vn 0 0 1
vn 0 0 1
vn 0 0 1
vn 0 0 1
vn 0 0 1
vn 0 0 1
vn 0 0 1
vn 0 0 1
vn 0 0 1
vn 0 0 1
vn 0 0 1
vn 0 0 1
vn 0 0 1
vn 0 0 1
vn 0 0 1
vn 0 0 1
vn 0 0 1
vn 0 0 1
vn 0 0 1
vn 0 0 1
vn 0 0 1
vn 0 0 1
vn 0 0 1
vn 0 0 1
vn 0 0 1
vn 0 0 1
vn 0 0 1
vn 0 0 1
vn 0 0 1
vn 0 0 1
vn 0 0 1
vn 0 0 1
vn 0 0 1
vn 0 0 1
vn 0 0 1
vn 0 0 1
vn 0 0 1
vn 0 0 1
vn 0 0 1
vn 0 0 1
vn 0 0 1
vn 0 0 1
vn 0 0 1
vn 0 0 1
vn 0 0 1
vn 0 0 1
vn 0 0 1
vn 0 0 1
vn 0 0 1
vn 0 0 1
vn 0 0 1
vn 0 0 1
vn 0 0 1
vn 0 0 1
vn 0 0 1
vn 0 0 1
vn 0 0 1
vn 0 0 1
vn 0 0 1
vn 0 0 1
vn 0 0 1
vn 0 0 1
vn 0 0 1
vn 0 0 1
vn 0 0 1
vn 0 0 1
vn 0 0 1
vn 0 0 1
vn 0 0 1
vn 0 0 1
vn 0 0 1
vn 0 0 1
vn 0 0 1
vn 0 0 1
vn 0 0 1
vn 0 0 1
vn 0 0 1
vn 0 0 1
vn 0 0 1
vn 0 0 1
vn 0 0 1
vn 0 0 1
vn 0 0 1
vn 0 0 1
vn 0 0 1
vn 0 0 1
vn 0 0 1
vn 0 0 1
vn 0 0 1
vn 0 0 1
vn 0 0 1
vn 0 0 1
vn 0 0 1
vn 0 0 1
vn 0 0 1
vn 0 0 1
vn 0 0 1
vn 0 0 1
vn 0 0 1
vn 0 0 1
vn 0 0 1
vn 0 0 1
vn 0 0 1
vn 0 0 1
vn 0 0 1
vn 0 0 1
vn 0 0 1
vn 0 0 1
vn 0 0 1
vn 0 0 1
vn 0 0 1
vn 0 0 1
vn 0 0 1
vn 0 0 1
vn 0 0 1
vn 0 0 1
vn 0 0 1
vn 0 0 1
vn 0 0 1
vn 0 0 1
vn 0 0 1
vn 0 0 1
vn 0 0 1
vn 0 0 1
vn 0 0 1
vn 0 0 1
vn 0 0 1
vn 0 0 1
vn 0 0 1
vn 0 0 1
vn 0 0 1
vn 0 0 1
vn 0 0 1
vn 0 0 1
vn 0 0 1
vn 0 0 1
vn 0 0 1
vn 0 0 1
vn 0 0 1
vn 0 0 1
vn 0 0 1
vn 0 0 1
vn 0 0 1
vn 0 0 1
vn 0 0 1
vn 0 0 1
vn 0 0 1
vn 0 0 1
vn 0 0 1
vn 0 0 1
vn 0 0 1
vn 0 0 1
vn 0 0 1
vn 0 0 1
vn 0 0 1
vn 0 0 1
vn 0 0 1
vn 0 0 1
vn 0 0 1
vn 0 0 1
vn 0 0 1
vn 0 0 1
vn 0 0 1
vn 0 0 1
vn 0 0 1
vn 0 0 1
vn 0 0 1
vn 0 0 1
vn 0 0 1
vn 0 0 1
vn 0 0 1
vn 0 0 1
vn 0 0 1
vn 0 0 1
vn 0 0 1
vn 0 0 1
vn 0 0 1
vn 0 0 1
vn 0 0 1
vn 0 0 1
vn 0 0 1
vn 0 0 1
vn 0 0 1
vn 0 0 1
vn 0 0 1
vn 0 0 1
vn 0 0 1
vn 0 0 1
vn 0 0 1
vn 0 0 1
vn 0 0 1
vn 0 0 1
vn 0 0 1
vn 0 0 1
vn 0 0 1
vn 0 0 1
vn 0 0 1
vn 0 0 1
vn 0 0 1
vn 0 0 1
vn 0 0 1
vn 0 0 1
vn 0 0 1
vn 0 0 1
vn 0 0 1
vn 0 0 1
vn 0 0 1
vn 0 0 1
vn 0 0 1
vn 0 0 1
vn 0 0 1
vn 0 0 1
vn 0 0 1
vn 0 0 1
vn 0 0 1
vn 0 0 1
vn 0 0 1
vn 0 0 1
vn 0 0 1
vn 0 0 1
vn 0 0 1
vn 0 0 1
vn 0 0 1
vn 0 0 1
vn 0 0 1
vn 0 0 1
vn 0 0 1
vn 0 0 1
vn 0 0 1
vn 0 0 1
vn 0 0 1
vn 0 0 1
vn 0 0 1
vn 0 0 1
vn 0 0 1
vn 0 0 1
vn 0 0 1
vn 0 0 1
vn 0 0 1
vn 0 0 1
vn 0 0 1
vn 0 0 1
vn 0 0 1
vn 0 0 1
vn 0 0 1
vn 0 0 1
vn 0 0 1
vn 0 0 1
vn 0 0 1
vn 0 0 1
vn 0 0 1
vn 0 0 1
vn 0 0 1
vn 0 0 1
vn 0 0 1
vn 0 0 1
vn 0 0 1
vn 0 0 1
vn 0 0 1
vn 0 0 1
vn 0 0 1
vn 0 0 1
vn 0 0 1
vn 0 0 1
vn 0 0 1
vn 0 0 1
vn 0 0 1
vn 0 0 1
vn 0 0 1
vn 0 0 1
vn 0 0 1
vn 0 0 1
vn 0 0 1
vn 0 0 1
vn 0 0 1
vn 0 0 1
vn 0 0 1
vn 0 0 1
vn 0 0 1
vn 0 0 1
vn 0 0 1
vn 0 0 1
vn 0 0 1
vn 0 0 1
vn 0 0 1
vn 0 0 1
vn 0 0 1
vn 0 0 1
vn 0 0 1
vn 0 0 1
vn 0 0 1
vn 0 0 1
vn 0 0 1
vn 0 0 1
vn 0 0 1
vn 0 0 1
vn 0 0 1
vn 0 0 1
vn 0 0 1
vn 0 0 1
vn 0 0 1
vn 0 0 1
vn 0 0 1
vn 0 0 1
vn 0 0 1
vn 0 0 1
vn 0 0 1
vn 0 0 1
vn 0 0 1
vn 0 0 1
vn 0 0 1
vn 0 0 1
vn 0 0 1
vn 0 0 1
vn 0 0 1
vn 0 0 1
vn 0 0 1
vn 0 0 1
vn 0 0 1
vn 0 0 1
vn 0 0 1
vn 0 0 1
vn 0 0 1
vn 0 0 1
vn 0 0 1
vn 0 0 1
vn 0 0 1
vn 0 0 1
vn 0 0 1
vn 0 0 1
vn 0 0 1
vn 0 0 1
vn 0 0 1
vn 0 0 1
vn 0 0 1
vn 0 0 1
vn 0 0 1
vn 0 0 1
vn 0 0 1
vn 0 0 1
vn 0 0 1
vn 0 0 1
vn 0 0 1
vn 0 0 1
vn 0 0 1
vn 0 0 1
vn 0 0 1
vn 0 0 1
vn 0 0 1
vn 0 0 1
vn 0 0 1
vn 0 0 1
vn 0 0 1
vn 0 0 1
vn 0 0 1
vn 0 0 1
vn 0 0 1
vn 0 0 1
vn 0 0 1
vn 0 0 1
vn 0 0 1
vn 0 0 1
vn 0 0 1
vn 0 0 1
vn 0 0 1
vn 0 0 1
vn 0 0 1
vn 0 0 1
vn 0 0 1
vn 0 0 1
vn 0 0 1
vn 0 0 1
vn 0 0 1
vn 0 0 1
vn 0 0 1
vn 0 0 1
vn 0 0 1
vn 0 0 1
vn 0 0 1
vn 0 0 1
vn 0 0 1
vn 0 0 1
vn 0 0 1
vn 0 0 1
vn 0 0 1
vn 0 0 1
vn 0 0 1
vn 0 0 1
vn 0 0 1
vn 0 0 1
vn 0 0 1
vn 0 0 1
vn 0 0 1
vn 0 0 1
vn 0 0 1
vn 0 0 1
vn 0 0 1
vn 0 0 1
vn 0 0 1
vn 0 0 1
vn 0 0 1
vn 0 0 1
vn 0 0 1
vn 0 0 1
vn 0 0 1
vn 0 0 1
vn 0 0 1
vn 0 0 1
vn 0 0 1
vn 0 0 1
vn 0 0 1
vn 0 0 1
vn 0 0 1
vn 0 0 1
vn 0 0 1
vn 0 0 1
vn 0 0 1
vn 0 0 1
vn 0 0 1
vn 0 0 1
vn 0 0 1
vn 0 0 1
vn 0 0 1
vn 0 0 1
vn 0 0 1
vn 0 0 1
vn 0 0 1
vn 0 0 1
vn 0 0 1
vn 0 0 1
vn 0 0 1
vn 0 0 1
vn 0 0 1
vn 0 0 1
vn 0 0 1
vn 0 0 1
vn 0 0 1
vn 0 0 1
vn 0 0 1
vn 0 0 1
vn 0 0 1
vn 0 0 1
vn 0 0 1
vn 0 0 1
vn 0 0 1
vn 0 0 1
vn 0 0 1
vn 0 0 1
vn 0 0 1
vn 0 0 1
vn 0 0 1
vn 0 0 1
vn 0 0 1
vn 0 0 1
vn 0 0 1
vn 0 0 1
vn 0 0 1
vn 0 0 1
vn 0 0 1
vn 0 0 1
vn 0 0 1
vn 0 0 1
vn 0 0 1
vn 0 0 1
vn 0 0 1
vn 0 0 1
vn 0 0 1
vn 0 0 1
vn 0 0 1
vn 0 0 1
vn 0 0 1
vn 0 0 1
vn 0 0 1
vn 0 0 1
vn 0 0 1
vn 0 0 1
vn 0 0 1
vn 0 0 1
vn 0 0 1
vn 0 0 1
vn 0 0 1
vn 0 0 1
vn 0 0 1
vn 0 0 1
vn 0 0 1
vn 0 0 1
vn 0 0 1
vn 0 0 1
vn 0 0 1
vn 0 0 1
vn 0 0 1
vn 0 0 1
vn 0 0 1
vn 0 0 1
vn 0 0 1
vn 0 0 1
vn 0 0 1
vn 0 0 1
vn 0 0 1
vn 0 0 1
vn 0 0 1
vn 0 0 1
vn 0 0 1
vn 0 0 1
vn 0 0 1
vn 0 0 1
vn 0 0 1
vn 0 0 1
vn 0 0 1
vn 0 0 1
vn 0 0 1
vn 0 0 1
vn 0 0 1
vn 0 0 1
vn 0 0 1
vn 0 0 1
vn 0 0 1
vn 0 0 1
vn 0 0 1
vn 0 0 1
vn 0 0 1
vn 0 0 1
vn 0 0 1
vn 0 0 1
vn 0 0 1
vn 0 0 1
vn 0 0 1
vn 0 0 1
vn 0 0 1
vn 0 0 1
vn 0 0 1
vn 0 0 1
vn 0 0 1
vn 0 0 1
vn 0 0 1
vn 0 0 1
vn 0 0 1
vn 0 0 1
vn 0 0 1
vn 0 0 1
vn 0 0 1
vn 0 0 1
vn 0 0 1
vn 0 0 1
vn 0 0 1
vn 0 0 1
vn 0 0 1
vn 0 0 1
vn 0 0 1
vn 0 0 1
vn 0 0 1
vn 0 0 1
vn 0 0 1
vn 0 0 1
vn 0 0 1
vn 0 0 1
vn 0 0 1
vn 0 0 1
vn 0 0 1
vn 0 0 1
vn 0 0 1
vn 0 0 1
vn 0 0 1
vn 0 0 1
vn 0 0 1
vn 0 0 1
vn 0 0 1
vn 0 0 1
vn 0 0 1
vn 0 0 1
vn 0 0 1
vn 0 0 1
vn 0 0 1
vn 0 0 1
vn 0 0 1
vn 0 0 1
vn 0 0 1
vn 0 0 1
vn 0 0 1
vn 0 0 1
vn 0 0 1
vn 0 0 1
vn 0 0 1
vn 0 0 1
vn 0 0 1
vn 0 0 1
vn 0 0 1
vn 0 0 1
vn 0 0 1
vn 0 0 1
vn 0 0 1
vn 0 0 1
vn 0 0 1
vn 0 0 1
vn 0 0 1
vn 0 0 1
vn 0 0 1
vn 0 0 1
vn 0 0 1
vn 0 0 1
vn 0 0 1
vn 0 0 1
vn 0 0 1
vn 0 0 1
vn 0 0 1
vn 0 0 1
vn 0 0 1
vn 0 0 1
vn 0 0 1
vn 0 0 1
vn 0 0 1
vn 0 0 1
vn 0 0 1
vn 0 0 1
vn 0 0 1
vn 0 0 1
vn 0 0 1
vn 0 0 1
vn 0 0 1
vn 0 0 1
vn 0 0 1
vn 0 0 1
vn 0 0 1
vn 0 0 1
vn 0 0 1
vn 0 0 1
vn 0 0 1
vn 0 0 1
vn 0 0 1
vn 0 0 1
vn 0 0 1
vn 0 0 1
vn 0 0 1
vn 0 0 1
vn 0 0 1
vn 0 0 1
vn 0 0 1
vn 0 0 1
vn 0 0 1
vn 0 0 1
vn 0 0 1
vn 0 0 1
vn 0 0 1
vn 0 0 1
vn 0 0 1
vn 0 0 1
vn 0 0 1
vn 0 0 1
vn 0 0 1
vn 0 0 1
vn 0 0 1
vn 0 0 1
vn 0 0 1
vn 0 0 1
vn 0 0 1
vn 0 0 1
vn 0 0 1
vn 0 0 1
vn 0 0 1
vn 0 0 1
vn 0 0 1
vn 0 0 1
vn 0 0 1
vn 0 0 1
vn 0 0 1
vn 0 0 1
vn 0 0 1
vn 0 0 1
vn 0 0 1
vn 0 0 1
vn 0 0 1
vn 0 0 1
vn 0 0 1
vn 0 0 1
vn 0 0 1
vn 0 0 1
vn 0 0 1
vn 0 0 1
vn 0 0 1
vn 0 0 1
vn 0 0 1
vn 0 0 1
vn 0 0 1
vn 0 0 1
vn 0 0 1
vn 0 0 1
vn 0 0 1
vn 0 0 1
vn 0 0 1
vn 0 0 1
vn 0 0 1
vn 0 0 1
vn 0 0 1
vn 0 0 1
vn 0 0 1
vn 0 0 1
vn 0 0 1
vn 0 0 1
vn 0 0 1
vn 0 0 1
vn 0 0 1
vn 0 0 1
vn 0 0 1
vn 0 0 1
vn 0 0 1
vn 0 0 1
vn 0 0 1
vn 0 0 1
vn 0 0 1
vn 0 0 1
vn 0 0 1
vn 0 0 1
vn 0 0 1
vn 0 0 1
vn 0 0 1
vn 0 0 1
vn 0 0 1
vn 0 0 1
vn 0 0 1
vn 0 0 1
vn 0 0 1
vn 0 0 1
vn 0 0 1
vn 0 0 1
vn 0 0 1
vn 0 0 1
vn 0 0 1
vn 0 0 1
vn 0 0 1
vn 0 0 1
vn 0 0 1
vn 0 0 1
vn 0 0 1
vn 0 0 1
vn 0 0 1
vn 0 0 1
vn 0 0 1
vn 0 0 1
vn 0 0 1
vn 0 0 1
vn 0 0 1
vn 0 0 1
vn 0 0 1
vn 0 0 1
vn 0 0 1
vn 0 0 1
vn 0 0 1
vn 0 0 1
vn 0 0 1
vn 0 0 1
vn 0 0 1
vn 0 0 1
vn 0 0 1
vn 0 0 1
vn 0 0 1
vn 0 0 1
vn 0 0 1
vn 0 0 1
vn 0 0 1
vn 0 0 1
vn 0 0 1
vn 0 0 1
vn 0 0 1
vn 0 0 1
vn 0 0 1
vn 0 0 1
vn 0 0 1
vn 0 0 1
vn 0 0 1
vn 0 0 1
vn 0 0 1
vn 0 0 1
vn 0 0 1
vn 0 0 1
vn 0 0 1
vn 0 0 1
vn 0 0 1
vn 0 0 1
vn 0 0 1
vn 0 0 1
vn 0 0 1
vn 0 0 1
vn 0 0 1
vn 0 0 1
vn 0 0 1
vn 0 0 1
vn 0 0 1
vn 0 0 1
vn 0 0 1
vn 0 0 1
vn 0 0 1
vn 0 0 1
vn 0 0 1
vn 0 0 1
vn 0 0 1
vn 0 0 1
vn 0 0 1
vn 0 0 1
vn 0 0 1
vn 0 0 1
vn 0 0 1
vn 0 0 1
vn 0 0 1
vn 0 0 1
vn 0 0 1
vn 0 0 1
vn 0 0 1
vn 0 0 1
vn 0 0 1
vn 0 0 1
vn 0 0 1
vn 0 0 1
vn 0 0 1
vn 0 0 1
vn 0 0 1
vn 0 0 1
vn 0 0 1
vn 0 0 1
vn 0 0 1
vn 0 0 1
vn 0 0 1
vn 0 0 1
vn 0 0 1
vn 0 0 1
vn 0 0 1
vn 0 0 1
vn 0 0 1
vn 0 0 1
vn 0 0 1
vn 0 0 1
vn 0 0 1
vn 0 0 1
vn 0 0 1
vn 0 0 1
vn 0 0 1
vn 0 0 1
vn 0 0 1
vn 0 0 1
vn 0 0 1
vn 0 0 1
vn 0 0 1
vn 0 0 1
vn 0 0 1
vn 0 0 1
vn 0 0 1
vn 0 0 1
vn 0 0 1
vn 0 0 1
vn 0 0 1
vn 0 0 1
vn 0 0 1
vn 0 0 1
vn 0 0 1
vn 0 0 1
vn 0 0 1
vn 0 0 1
vn 0 0 1
vn 0 0 1
vn 0 0 1
vn 0 0 1
vn 0 0 1
vn 0 0 1
vn 0 0 1
vn 0 0 1
vn 0 0 1
vn 0 0 1
vn 0 0 1
vn 0 0 1
vn 0 0 1
vn 0 0 1
vn 0 0 1
vn 0 0 1
vn 0 0 1
vn 0 0 1
vn 0 0 1
vn 0 0 1
vn 0 0 1
vn 0 0 1
vn 0 0 1
vn 0 0 1
vn 0 0 1
vn 0 0 1
vn 0 0 1
vn 0 0 1
vn 0 0 1
vn 0 0 1
vn 0 0 1
vn 0 0 1
vn 0 0 1
vn 0 0 1
vn 0 0 1
vn 0 0 1
vn 0 0 1
vn 0 0 1
vn 0 0 1
vn 0 0 1
vn 0 0 1
vn 0 0 1
vn 0 0 1
vn 0 0 1
vn 0 0 1
vn 0 0 1
vn 0 0 1
vn 0 0 1
vn 0 0 1
vn 0 0 1
vn 0 0 1
vn 0 0 1
vn 0 0 1
vn 0 0 1
vn 0 0 1
vn 0 0 1
vn 0 0 1
vn 0 0 1
vn 0 0 1
vn 0 0 1
vn 0 0 1
vn 0 0 1
vn 0 0 1
vn 0 0 1
vn 0 0 1
vn 0 0 1
vn 0 0 1
vn 0 0 1
vn 0 0 1
vn 0 0 1
vn 0 0 1
vn 0 0 1
vn 0 0 1
vn 0 0 1
vn 0 0 1
vn 0 0 1
vn 0 0 1
vn 0 0 1
vn 0 0 1
vn 0 0 1
vn 0 0 1
vn 0 0 1
vn 0 0 1
vn 0 0 1
vn 0 0 1
vn 0 0 1
vn 0 0 1
vn 0 0 1
vn 0 0 1
vn 0 0 1
vn 0 0 1
vn 0 0 1
vn 0 0 1
vn 0 0 1
vn 0 0 1
vn 0 0 1
vn 0 0 1
vn 0 0 1
vn 0 0 1
vn 0 0 1
vn 0 0 1
vn 0 0 1
vn 0 0 1
vn 0 0 1
vn 0 0 1
vn 0 0 1
vn 0 0 1
vn 0 0 1
vn 0 0 1
vn 0 0 1
vn 0 0 1
vn 0 0 1
vn 0 0 1
vn 0 0 1
vn 0 0 1
vn 0 0 1
vn 0 0 1
vn 0 0 1
vn 0 0 1
vn 0 0 1
vn 0 0 1
vn 0 0 1
vn 0 0 1
vn 0 0 1
vn 0 0 1
vn 0 0 1
vn 0 0 1
vn 0 0 1
vn 0 0 1
vn 0 0 1
vn 0 0 1
vn 0 0 1
vn 0 0 1
vn 0 0 1
vn 0 0 1
vn 0 0 1
vn 0 0 1
vn 0 0 1
vn 0 0 1
vn 0 0 1
vn 0 0 1
vn 0 0 1
vn 0 0 1
vn 0 0 1
vn 0 0 1
vn 0 0 1
vn 0 0 1
vn 0 0 1
vn 0 0 1
vn 0 0 1
vn 0 0 1
vn 0 0 1
vn 0 0 1
vn 0 0 1
vn 0 0 1
vn 0 0 1
vn 0 0 1
vn 0 0 1
vn 0 0 1
vn 0 0 1
vn 0 0 1
vn 0 0 1
vn 0 0 1
vn 0 0 1
vn 0 0 1
vn 0 0 1
vn 0 0 1
vn 0 0 1
vn 0 0 1
vn 0 0 1
vn 0 0 1
vn 0 0 1
vn 0 0 1
vn 0 0 1
vn 0 0 1
vn 0 0 1
vn 0 0 1
vn 0 0 1
vn 0 0 1
vn 0 0 1
vn 0 0 1
vn 0 0 1
vn 0 0 1
vn 0 0 1
vn 0 0 1
vn 0 0 1
vn 0 0 1
vn 0 0 1
vn 0 0 1
vn 0 0 1
vn 0 0 1
vn 0 0 1
vn 0 0 1
vn 0 0 1
vn 0 0 1
vn 0 0 1
vn 0 0 1
vn 0 0 1
vn 0 0 1
vn 0 0 1
vn 0 0 1
vn 0 0 1
vn 0 0 1
vn 0 0 1
vn 0 0 1
vn 0 0 1
vn 0 0 1
vn 0 0 1
vn 0 0 1
vn 0 0 1
vn 0 0 1
vn 0 0 1
vn 0 0 1
vn 0 0 1
vn 0 0 1
vn 0 0 1
vn 0 0 1
vn 0 0 1
vn 0 0 1
vn 0 0 1
vn 0 0 1
vn 0 0 1
vn 0 0 1
vn 0 0 1
vn 0 0 1
vn 0 0 1
vn 0 0 1
vn 0 0 1
vn 0 0 1
vn 0 0 1
vn 0 0 1
vn 0 0 1
vn 0 0 1
vn 0 0 1
vn 0 0 1
vn 0 0 1
vn 0 0 1
vn 0 0 1
vn 0 0 1
vn 0 0 1
vn 0 0 1
vn 0 0 1
vn 0 0 1
vn 0 0 1
vn 0 0 1
vn 0 0 1
vn 0 0 1
vn 0 0 1
vn 0 0 1
vn 0 0 1
vn 0 0 1
vn 0 0 1
vn 0 0 1
vn 0 0 1
vn 0 0 1
vn 0 0 1
vn 0 0 1
vn 0 0 1
vn 0 0 1
vn 0 0 1
vn 0 0 1
vn 0 0 1
vn 0 0 1
vn 0 0 1
vn 0 0 1
vn 0 0 1
vn 0 0 1
vn 0 0 1
vn 0 0 1
vn 0 0 1
vn 0 0 1
vn 0 0 1
vn 0 0 1
vn 0 0 1
vn 0 0 1
vn 0 0 1
vn 0 0 1
vn 0 0 1
vn 0 0 1
vn 0 0 1
vn 0 0 1
vn 0 0 1
vn 0 0 1
vn 0 0 1
vn 0 0 1
vn 0 0 1
vn 0 0 1
vn 0 0 1
vn 0 0 1
vn 0 0 1
vn 0 0 1
vn 0 0 1
vn 0 0 1
vn 0 0 1
vn 0 0 1
vn 0 0 1
vn 0 0 1
vn 0 0 1
vn 0 0 1
vn 0 0 1
vn 0 0 1
vn 0 0 1
vn 0 0 1
vn 0 0 1
vn 0 0 1
vn 0 0 1
vn 0 0 1
vn 0 0 1
vn 0 0 1
vn 0 0 1
vn 0 0 1
vn 0 0 1
vn 0 0 1
vn 0 0 1
vn 0 0 1
vn 0 0 1
vn 0 0 1
vn 0 0 1
vn 0 0 1
vn 0 0 1
vn 0 0 1
vn 0 0 1
vn 0 0 1
vn 0 0 1
vn 0 0 1
vn 0 0 1
vn 0 0 1
vn 0 0 1
vn 0 0 1
vn 0 0 1
vn 0 0 1
vn 0 0 1
vn 0 0 1
vn 0 0 1
vn 0 0 1
vn 0 0 1
vn 0 0 1
vn 0 0 1
vn 0 0 1
vn 0 0 1
vn 0 0 1
vn 0 0 1
vn 0 0 1
vn 0 0 1
vn 0 0 1
vn 0 0 1
vn 0 0 1
vn 0 0 1
vn 0 0 1
vn 0 0 1
vn 0 0 1
vn 0 0 1
vn 0 0 1
vn 0 0 1
vn 0 0 1
vn 0 0 1
vn 0 0 1
vn 0 0 1
vn 0 0 1
vn 0 0 1
vn 0 0 1
vn 0 0 1
vn 0 0 1
vn 0 0 1
vn 0 0 1
vn 0 0 1
vn 0 0 1
vn 0 0 1
vn 0 0 1
vn 0 0 1
vn 0 0 1
vn 0 0 1
vn 0 0 1
vn 0 0 1
vn 0 0 1
vn 0 0 1
vn 0 0 1
vn 0 0 1
vn 0 0 1
vn 0 0 1
vn 0 0 1
vn 0 0 1
vn 0 0 1
vn 0 0 1
vn 0 0 1
vn 0 0 1
vn 0 0 1
vn 0 0 1
vn 0 0 1
vn 0 0 1
vn 0 0 1
vn 0 0 1
vn 0 0 1
vn 0 0 1
vn 0 0 1
vn 0 0 1
vn 0 0 1
vn 0 0 1
vn 0 0 1
vn 0 0 1
vn 0 0 1
vn 0 0 1
vn 0 0 1
vn 0 0 1
vn 0 0 1
vn 0 0 1
vn 0 0 1
vn 0 0 1
vn 0 0 1
vn 0 0 1
vn 0 0 1
vn 0 0 1
vn 0 0 1
vn 0 0 1
vn 0 0 1
vn 0 0 1
vn 0 0 1
vn 0 0 1
vn 0 0 1
vn 0 0 1
vn 0 0 1
vn 0 0 1
vn 0 0 1
vn 0 0 1
vn 0 0 1
vn 0 0 1
vn 0 0 1
vn 0 0 1
vn 0 0 1
vn 0 0 1
vn 0 0 1
vn 0 0 1
vn 0 0 1
vn 0 0 1
vn 0 0 1
vn 0 0 1
vn 0 0 1
vn 0 0 1
vn 0 0 1
vn 0 0 1
vn 0 0 1
vn 0 0 1
vn 0 0 1
vn 0 0 1
vn 0 0 1
vn 0 0 1
vn 0 0 1
vn 0 0 1
vn 0 0 1
vn 0 0 1
vn 0 0 1
vn 0 0 1
vn 0 0 1
vn 0 0 1
vn 0 0 1
vn 0 0 1
vn 0 0 1
vn 0 0 1
vn 0 0 1
vn 0 0 1
vn 0 0 1
vn 0 0 1
vn 0 0 1
vn 0 0 1
vn 0 0 1
vn 0 0 1
vn 0 0 1
vn 0 0 1
vn 0 0 1
vn 0 0 1
vn 0 0 1
vn 0 0 1
vn 0 0 1
vn 0 0 1
vn 0 0 1
vn 0 0 1
vn 0 0 1
vn 0 0 1
vn 0 0 1
vn 0 0 1
vn 0 0 1
vn 0 0 1
vn 0 0 1
vn 0 0 1
vn 0 0 1
vn 0 0 1
vn 0 0 1
vn 0 0 1
vn 0 0 1
vn 0 0 1
vn 0 0 1
vn 0 0 1
vn 0 0 1
vn 0 0 1
vn 0 0 1
vn 0 0 1
vn 0 0 1
vn 0 0 1
vn 0 0 1
vn 0 0 1
vn 0 0 1
vn 0 0 1
vn 0 0 1
vn 0 0 1
vn 0 0 1
vn 0 0 1
vn 0 0 1
vn 0 0 1
vn 0 0 1
vn 0 0 1
vn 0 0 1
vn 0 0 1
vn 0 0 1
vn 0 0 1
vn 0 0 1
vn 0 0 1
vn 0 0 1
vn 0 0 1
vn 0 0 1
vn 0 0 1
vn 0 0 1
vn 0 0 1
vn 0 0 1
vn 0 0 1
vn 0 0 1
vn 0 0 1
vn 0 0 1
vn 0 0 1
vn 0 0 1
vn 0 0 1
vn 0 0 1
vn 0 0 1
vn 0 0 1
vn 0 0 1
vn 0 0 1
vn 0 0 1
vn 0 0 1
vn 0 0 1
vn 0 0 1
vn 0 0 1
vn 0 0 1
vn 0 0 1
vn 0 0 1
vn 0 0 1
vn 0 0 1
vn 0 0 1
vn 0 0 1
vn 0 0 1
vn 0 0 1
vn 0 0 1
vn 0 0 1
vn 0 0 1
vn 0 0 1
vn 0 0 1
vn 0 0 1
vn 0 0 1
vn 0 0 1
vn 0 0 1
vn 0 0 1
vn 0 0 1
vn 0 0 1
vn 0 0 1
vn 0 0 1
vn 0 0 1
vn 0 0 1
vn 0 0 1
vn 0 0 1
vn 0 0 1
vn 0 0 1
vn 0 0 1
vn 0 0 1
vn 0 0 1
vn 0 0 1
vn 0 0 1
vn 0 0 1
vn 0 0 1
vn 0 0 1
vn 0 0 1
vn 0 0 1
vn 0 0 1
vn 0 0 1
vn 0 0 1
vn 0 0 1
vn 0 0 1
vn 0 0 1
vn 0 0 1
vn 0 0 1
vn 0 0 1
vn 0 0 1
vn 0 0 1
vn 0 0 1
vn 0 0 1
vn 0 0 1
vn 0 0 1
vn 0 0 1
vn 0 0 1
vn 0 0 1
vn 0 0 1
vn 0 0 1
vn 0 0 1
vn 0 0 1
vn 0 0 1
vn 0 0 1
vn 0 0 1
vn 0 0 1
vn 0 0 1
vn 0 0 1
vn 0 0 1
vn 0 0 1
vn 0 0 1
vn 0 0 1
vn 0 0 1
vn 0 0 1
vn 0 0 1
vn 0 0 1
vn 0 0 1
vn 0 0 1
vn 0 0 1
vn 0 0 1
vn 0 0 1
vn 0 0 1
vn 0 0 1
vn 0 0 1
vn 0 0 1
vn 0 0 1
vn 0 0 1
vn 0 0 1
vn 0 0 1
vn 0 0 1
vn 0 0 1
vn 0 0 1
vn 0 0 1
vn 0 0 1
vn 0 0 1
vn 0 0 1
vn 0 0 1
vn 0 0 1
vn 0 0 1
vn 0 0 1
vn 0 0 1
vn 0 0 1
vn 0 0 1
vn 0 0 1
vn 0 0 1
vn 0 0 1
vn 0 0 1
vn 0 0 1
vn 0 0 1
vn 0 0 1
vn 0 0 1
vn 0 0 1
vn 0 0 1
vn 0 0 1
vn 0 0 1
vn 0 0 1
vn 0 0 1
vn 0 0 1
vn 0 0 1
vn 0 0 1
vn 0 0 1
vn 0 0 1
vn 0 0 1
vn 0 0 1
vn 0 0 1
vn 0 0 1
vn 0 0 1
vn 0 0 1
vn 0 0 1
vn 0 0 1
vn 0 0 1
vn 0 0 1
vn 0 0 1
vn 0 0 1
vn 0 0 1
vn 0 0 1
vn 0 0 1
vn 0 0 1
vn 0 0 1
vn 0 0 1
vn 0 0 1
vn 0 0 1
vn 0 0 1
vn 0 0 1
vn 0 0 1
vn 0 0 1
vn 0 0 1
vn 0 0 1
vn 0 0 1
vn 0 0 1
vn 0 0 1
vn 0 0 1
vn 0 0 1
vn 0 0 1
vn 0 0 1
vn 0 0 1
vn 0 0 1
vn 0 0 1
vn 0 0 1
vn 0 0 1
vn 0 0 1
vn 0 0 1
vn 0 0 1
vn 0 0 1
vn 0 0 1
vn 0 0 1
vn 0 0 1
vn 0 0 1
vn 0 0 1
vn 0 0 1
vn 0 0 1
vn 0 0 1
vn 0 0 1
vn 0 0 1
vn 0 0 1
vn 0 0 1
vn 0 0 1
vn 0 0 1
vn 0 0 1
vn 0 0 1
vn 0 0 1
vn 0 0 1
vn 0 0 1
vn 0 0 1
vn 0 0 1
vn 0 0 1
vn 0 0 1
vn 0 0 1
vn 0 0 1
vn 0 0 1
vn 0 0 1
vn 0 0 1
vn 0 0 1
vn 0 0 1
vn 0 0 1
vn 0 0 1
vn 0 0 1
vn 0 0 1
vn 0 0 1
vn 0 0 1
vn 0 0 1
vn 0 0 1
vn 0 0 1
vn 0 0 1
vn 0 0 1
vn 0 0 1
vn 0 0 1
vn 0 0 1
vn 0 0 1
vn 0 0 1
vn 0 0 1
vn 0 0 1
vn 0 0 1
vn 0 0 1
vn 0 0 1
vn 0 0 1
vn 0 0 1
vn 0 0 1
vn 0 0 1
vn 0 0 1
vn 0 0 1
vn 0 0 1
vn 0 0 1
vn 0 0 1
vn 0 0 1
vn 0 0 1
vn 0 0 1
vn 0 0 1
vn 0 0 1
vn 0 0 1
vn 0 0 1
vn 0 0 1
vn 0 0 1
vn 0 0 1
vn 0 0 1
vn 0 0 1
vn 0 0 1
vn 0 0 1
vn 0 0 1
vn 0 0 1
vn 0 0 1
vn 0 0 1
vn 0 0 1
vn 0 0 1
vn 0 0 1
vn 0 0 1
vn 0 0 1
vn 0 0 1
vn 0 0 1
vn 0 0 1
vn 0 0 1
vn 0 0 1
vn 0 0 1
vn 0 0 1
vn 0 0 1
vn 0 0 1
vn 0 0 1
vn 0 0 1
vn 0 0 1
vn 0 0 1
vn 0 0 1
vn 0 0 1
vn 0 0 1
vn 0 0 1
vn 0 0 1
vn 0 0 1
vn 0 0 1
vn 0 0 1
vn 0 0 1
vn 0 0 1
vn 0 0 1
vn 0 0 1
vn 0 0 1
vn 0 0 1
vn 0 0 1
vn 0 0 1
vn 0 0 1
vn 0 0 1
vn 0 0 1
vn 0 0 1
vn 0 0 1
vn 0 0 1
vn 0 0 1
vn 0 0 1
vn 0 0 1
vn 0 0 1
vn 0 0 1
vn 0 0 1
vn 0 0 1
vn 0 0 1
vn 0 0 1
vn 0 0 1
vn 0 0 1
vn 0 0 1
vn 0 0 1
vn 0 0 1
vn 0 0 1
vn 0 0 1
vn 0 0 1
vn 0 0 1
vn 0 0 1
vn 0 0 1
vn 0 0 1
vn 0 0 1
vn 0 0 1
vn 0 0 1
vn 0 0 1
vn 0 0 1
vn 0 0 1
vn 0 0 1
vn 0 0 1
vn 0 0 1
vn 0 0 1
vn 0 0 1
vn 0 0 1
vn 0 0 1
vn 0 0 1
vn 0 0 1
vn 0 0 1
vn 0 0 1
vn 0 0 1
vn 0 0 1
vn 0 0 1
vn 0 0 1
vn 0 0 1
vn 0 0 1
vn 0 0 1
vn 0 0 1
vn 0 0 1
vn 0 0 1
vn 0 0 1
vn 0 0 1
vn 0 0 1
vn 0 0 1
vn 0 0 1
vn 0 0 1
vn 0 0 1
vn 0 0 1
vn 0 0 1
vn 0 0 1
vn 0 0 1
vn 0 0 1
vn 0 0 1
vn 0 0 1
vn 0 0 1
vn 0 0 1
vn 0 0 1
vn 0 0 1
vn 0 0 1
vn 0 0 1
vn 0 0 1
vn 0 0 1
vn 0 0 1
vn 0 0 1
vn 0 0 1
vn 0 0 1
vn 0 0 1
vn 0 0 1
vn 0 0 1
vn 0 0 1
vn 0 0 1
vn 0 0 1
vn 0 0 1
vn 0 0 1
vn 0 0 1
vn 0 0 1
vn 0 0 1
vn 0 0 1
vn 0 0 1
vn 0 0 1
vn 0 0 1
vn 0 0 1
vn 0 0 1
vn 0 0 1
vn 0 0 1
vn 0 0 1
vn 0 0 1
vn 0 0 1
vn 0 0 1
vn 0 0 1
vn 0 0 1
vn 0 0 1
vn 0 0 1
vn 0 0 1
vn 0 0 1
vn 0 0 1
vn 0 0 1
vn 0 0 1
vn 0 0 1
vn 0 0 1
vn 0 0 1
vn 0 0 1
vn 0 0 1
vn 0 0 1
vn 0 0 1
vn 0 0 1
vn 0 0 1
vn 0 0 1
vn 0 0 1
vn 0 0 1
vn 0 0 1
vn 0 0 1
vn 0 0 1
vn 0 0 1
vn 0 0 1
vn 0 0 1
vn 0 0 1
vn 0 0 1
vn 0 0 1
vn 0 0 1
vn 0 0 1
vn 0 0 1
vn 0 0 1
vn 0 0 1
vn 0 0 1
vn 0 0 1
vn 0 0 1
vn 0 0 1
vn 0 0 1
vn 0 0 1
vn 0 0 1
vn 0 0 1
vn 0 0 1
vn 0 0 1
vn 0 0 1
vn 0 0 1
vn 0 0 1
vn 0 0 1
vn 0 0 1
vn 0 0 1
vn 0 0 1
vn 0 0 1
vn 0 0 1
vn 0 0 1
vn 0 0 1
vn 0 0 1
vn 0 0 1
vn 0 0 1
vn 0 0 1
vn 0 0 1
vn 0 0 1
vn 0 0 1
vn 0 0 1
vn 0 0 1
vn 0 0 1
vn 0 0 1
vn 0 0 1
vn 0 0 1
vn 0 0 1
vn 0 0 1
vn 0 0 1
vn 0 0 1
vn 0 0 1
vn 0 0 1
vn 0 0 1
vn 0 0 1
vn 0 0 1
vn 0 0 1
vn 0 0 1
vn 0 0 1
vn 0 0 1
vn 0 0 1
vn 0 0 1
vn 0 0 1
vn 0 0 1
vn 0 0 1
vn 0 0 1
vn 0 0 1
vn 0 0 1
vn 0 0 1
vn 0 0 1
vn 0 0 1
vn 0 0 1
vn 0 0 1
vn 0 0 1
vn 0 0 1
vn 0 0 1
vn 0 0 1
vn 0 0 1
vn 0 0 1
vn 0 0 1
vn 0 0 1
vn 0 0 1
vn 0 0 1
vn 0 0 1
vn 0 0 1
vn 0 0 1
vn 0 0 1
vn 0 0 1
vn 0 0 1
vn 0 0 1
vn 0 0 1
vn 0 0 1
vn 0 0 1
vn 0 0 1
vn 0 0 1
vn 0 0 1
vn 0 0 1
vn 0 0 1
vn 0 0 1
vn 0 0 1
vn 0 0 1
vn 0 0 1
vn 0 0 1
vn 0 0 1
vn 0 0 1
vn 0 0 1
vn 0 0 1
vn 0 0 1
vn 0 0 1
vn 0 0 1
vn 0 0 1
vn 0 0 1
vn 0 0 1
vn 0 0 1
vn 0 0 1
vn 0 0 1
vn 0 0 1
vn 0 0 1
vn 0 0 1
vn 0 0 1
vn 0 0 1
vn 0 0 1
vn 0 0 1
vn 0 0 1
vn 0 0 1
vn 0 0 1
vn 0 0 1
vn 0 0 1
vn 0 0 1
vn 0 0 1
vn 0 0 1
vn 0 0 1
vn 0 0 1
vn 0 0 1
vn 0 0 1
vn 0 0 1
vn 0 0 1
vn 0 0 1
vn 0 0 1
vn 0 0 1
vn 0 0 1
vn 0 0 1
vn 0 0 1
vn 0 0 1
vn 0 0 1
vn 0 0 1
vn 0 0 1
vn 0 0 1
vn 0 0 1
vn 0 0 1
vn 0 0 1
vn 0 0 1
vn 0 0 1
vn 0 0 1
vn 0 0 1
vn 0 0 1
vn 0 0 1
vn 0 0 1
vn 0 0 1
vn 0 0 1
vn 0 0 1
vn 0 0 1
vn 0 0 1
vn 0 0 1
vn 0 0 1
vn 0 0 1
vn 0 0 1
vn 0 0 1
vn 0 0 1
vn 0 0 1
vn 0 0 1
vn 0 0 1
vn 0 0 1
vn 0 0 1
vn 0 0 1
vn 0 0 1
vn 0 0 1
vn 0 0 1
vn 0 0 1
vn 0 0 1
vn 0 0 1
vn 0 0 1
vn 0 0 1
vn 0 0 1
vn 0 0 1
vn 0 0 1
vn 0 0 1
vn 0 0 1
vn 0 0 1
vn 0 0 1
vn 0 0 1
vn 0 0 1
vn 0 0 1
vn 0 0 1
vn 0 0 1
vn 0 0 1
vn 0 0 1
vn 0 0 1
vn 0 0 1
vn 0 0 1
vn 0 0 1
vn 0 0 1
vn 0 0 1
vn 0 0 1
vn 0 0 1
vn 0 0 1
vn 0 0 1
vn 0 0 1
vn 0 0 1
vn 0 0 1
vn 0 0 1
vn 0 0 1
vn 0 0 1
vn 0 0 1
vn 0 0 1
vn 0 0 1
vn 0 0 1
vn 0 0 1
vn 0 0 1
vn 0 0 1
vn 0 0 1
vn 0 0 1
vn 0 0 1
vn 0 0 1
vn 0 0 1
vn 0 0 1
vn 0 0 1
vn 0 0 1
vn 0 0 1
vn 0 0 1
vn 0 0 1
vn 0 0 1
vn 0 0 1
vn 0 0 1
vn 0 0 1
vn 0 0 1
vn 0 0 1
vn 0 0 1
vn 0 0 1
vn 0 0 1
vn 0 0 1
vn 0 0 1
vn 0 0 1
vn 0 0 1
vn 0 0 1
vn 0 0 1
vn 0 0 1
vn 0 0 1
vn 0 0 1
vn 0 0 1
vn 0 0 1
vn 0 0 1
vn 0 0 1
vn 0 0 1
vn 0 0 1
vn 0 0 1
vn 0 0 1
vn 0 0 1
vn 0 0 1
vn 0 0 1
vn 0 0 1
vn 0 0 1
vn 0 0 1
vn 0 0 1
vn 0 0 1
vn 0 0 1
vn 0 0 1
vn 0 0 1
vn 0 0 1
vn 0 0 1
vn 0 0 1
vn 0 0 1
vn 0 0 1
vn 0 0 1
vn 0 0 1
vn 0 0 1
vn 0 0 1
vn 0 0 1
vn 0 0 1
vn 0 0 1
vn 0 0 1
vn 0 0 1
vn 0 0 1
vn 0 0 1
vn 0 0 1
vn 0 0 1
vn 0 0 1
vn 0 0 1
vn 0 0 1
vn 0 0 1
vn 0 0 1
vn 0 0 1
vn 0 0 1
vn 0 0 1
vn 0 0 1
vn 0 0 1
vn 0 0 1
vn 0 0 1
vn 0 0 1
vn 0 0 1
vn 0 0 1
vn 0 0 1
vn 0 0 1
vn 0 0 1
vn 0 0 1
vn 0 0 1
vn 0 0 1
vn 0 0 1
vn 0 0 1
vn 0 0 1
vn 0 0 1
vn 0 0 1
vn 0 0 1
vn 0 0 1
vn 0 0 1
vn 0 0 1
vn 0 0 1
vn 0 0 1
vn 0 0 1
vn 0 0 1
vn 0 0 1
vn 0 0 1
vn 0 0 1
vn 0 0 1
vn 0 0 1
vn 0 0 1
vn 0 0 1
vn 0 0 1
vn 0 0 1
vn 0 0 1
vn 0 0 1
vn 0 0 1
vn 0 0 1
vn 0 0 1
vn 0 0 1
vn 0 0 1
vn 0 0 1
vn 0 0 1
vn 0 0 1
vn 0 0 1
vn 0 0 1
vn 0 0 1
vn 0 0 1
vn 0 0 1
vn 0 0 1
vn 0 0 1
vn 0 0 1
vn 0 0 1
vn 0 0 1
vn 0 0 1
vn 0 0 1
vn 0 0 1
vn 0 0 1
vn 0 0 1
vn 0 0 1
vn 0 0 1
vn 0 0 1
vn 0 0 1
vn 0 0 1
vn 0 0 1
vn 0 0 1
vn 0 0 1
vn 0 0 1
vn 0 0 1
vn 0 0 1
vn 0 0 1
vn 0 0 1
vn 0 0 1
vn 0 0 1
vn 0 0 1
vn 0 0 1
vn 0 0 1
vn 0 0 1
vn 0 0 1
vn 0 0 1
vn 0 0 1
vn 0 0 1
vn 0 0 1
vn 0 0 1
vn 0 0 1
vn 0 0 1
vn 0 0 1
vn 0 0 1
vn 0 0 1
vn 0 0 1
vn 0 0 1
vn 0 0 1
vn 0 0 1
vn 0 0 1
vn 0 0 1
vn 0 0 1
vn 0 0 1
vn 0 0 1
vn 0 0 1
vn 0 0 1
vn 0 0 1
vn 0 0 1
vn 0 0 1
vn 0 0 1
vn 0 0 1
vn 0 0 1
vn 0 0 1
vn 0 0 1
vn 0 0 1
vn 0 0 1
vn 0 0 1
vn 0 0 1
vn 0 0 1
vn 0 0 1
vn 0 0 1
vn 0 0 1
vn 0 0 1
vn 0 0 1
vn 0 0 1
vn 0 0 1
vn 0 0 1
vn 0 0 1
vn 0 0 1
vn 0 0 1
vn 0 0 1
vn 0 0 1
vn 0 0 1
vn 0 0 1
vn 0 0 1
vn 0 0 1
vn 0 0 1
vn 0 0 1
vn 0 0 1
vn 0 0 1
vn 0 0 1
vn 0 0 1
vn 0 0 1
vn 0 0 1
vn 0 0 1
vn 0 0 1
vn 0 0 1
vn 0 0 1
vn 0 0 1
vn 0 0 1
vn 0 0 1
vn 0 0 1
vn 0 0 1
vn 0 0 1
vn 0 0 1
vn 0 0 1
vn 0 0 1
vn 0 0 1
vn 0 0 1
vn 0 0 1
vn 0 0 1
vn 0 0 1
vn 0 0 1
vn 0 0 1
vn 0 0 1
vn 0 0 1
vn 0 0 1
vn 0 0 1
vn 0 0 1
vn 0 0 1
vn 0 0 1
vn 0 0 1
vn 0 0 1
vn 0 0 1
vn 0 0 1
vn 0 0 1
vn 0 0 1
vn 0 0 1
vn 0 0 1
vn 0 0 1
vn 0 0 1
vn 0 0 1
vn 0 0 1
vn 0 0 1
vn 0 0 1
vn 0 0 1
vn 0 0 1
vn 0 0 1
vn 0 0 1
vn 0 0 1
vn 0 0 1
vn 0 0 1
vn 0 0 1
vn 0 0 1
vn 0 0 1
vn 0 0 1
vn 0 0 1
vn 0 0 1
vn 0 0 1
vn 0 0 1
vn 0 0 1
vn 0 0 1
vn 0 0 1
vn 0 0 1
vn 0 0 1
vn 0 0 1
vn 0 0 1
vn 0 0 1
vn 0 0 1
vn 0 0 1
vn 0 0 1
vn 0 0 1
vn 0 0 1
vn 0 0 1
vn 0 0 1
vn 0 0 1
vn 0 0 1
vn 0 0 1
vn 0 0 1
vn 0 0 1
vn 0 0 1
vn 0 0 1
vn 0 0 1
vn 0 0 1
vn 0 0 1
vn 0 0 1
vn 0 0 1
vn 0 0 1
vn 0 0 1
vn 0 0 1
vn 0 0 1
vn 0 0 1
vn 0 0 1
vn 0 0 1
vn 0 0 1
vn 0 0 1
vn 0 0 1
vn 0 0 1
vn 0 0 1
vn 0 0 1
vn 0 0 1
vn 0 0 1
vn 0 0 1
vn 0 0 1
vn 0 0 1
vn 0 0 1
vn 0 0 1
vn 0 0 1
vn 0 0 1
vn 0 0 1
vn 0 0 1
vn 0 0 1
vn 0 0 1
vn 0 0 1
vn 0 0 1
vn 0 0 1
vn 0 0 1
vn 0 0 1
vn 0 0 1
vn 0 0 1
vn 0 0 1
vn 0 0 1
vn 0 0 1
vn 0 0 1
vn 0 0 1
vn 0 0 1
vn 0 0 1
vn 0 0 1
vn 0 0 1
vn 0 0 1
vn 0 0 1
vn 0 0 1
vn 0 0 1
vn 0 0 1
vn 0 0 1
vn 0 0 1
vn 0 0 1
vn 0 0 1
vn 0 0 1
vn 0 0 1
vn 0 0 1
vn 0 0 1
vn 0 0 1
vn 0 0 1
vn 0 0 1
vn 0 0 1
vn 0 0 1
vn 0 0 1
vn 0 0 1
vn 0 0 1
vn 0 0 1
vn 0 0 1
vn 0 0 1
vn 0 0 1
vn 0 0 1
vn 0 0 1
vn 0 0 1
vn 0 0 1
vn 0 0 1
vn 0 0 1
vn 0 0 1
vn 0 0 1
vn 0 0 1
vn 0 0 1
vn 0 0 1
vn 0 0 1
vn 0 0 1
vn 0 0 1
vn 0 0 1
vn 0 0 1
vn 0 0 1
vn 0 0 1
vn 0 0 1
vn 0 0 1
vn 0 0 1
vn 0 0 1
vn 0 0 1
vn 0 0 1
vn 0 0 1
vn 0 0 1
vn 0 0 1
vn 0 0 1
vn 0 0 1
vn 0 0 1
vn 0 0 1
vn 0 0 1
vn 0 0 1
vn 0 0 1
vn 0 0 1
vn 0 0 1
vn 0 0 1
vn 0 0 1
vn 0 0 1
vn 0 0 1
vn 0 0 1
vn 0 0 1
vn 0 0 1
vn 0 0 1
vn 0 0 1
vn 0 0 1
vn 0 0 1
vn 0 0 1
vn 0 0 1
vn 0 0 1
vn 0 0 1
vn 0 0 1
vn 0 0 1
vn 0 0 1
vn 0 0 1
vn 0 0 1
vn 0 0 1
vn 0 0 1
vn 0 0 1
vn 0 0 1
vn 0 0 1
vn 0 0 1
vn 0 0 1
vn 0 0 1
vn 0 0 1
vn 0 0 1
vn 0 0 1
vn 0 0 1
vn 0 0 1
vn 0 0 1
vn 0 0 1
vn 0 0 1
vn 0 0 1
vn 0 0 1
vn 0 0 1
vn 0 0 1
vn 0 0 1
vn 0 0 1
vn 0 0 1
vn 0 0 1
vn 0 0 1
vn 0 0 1
vn 0 0 1
vn 0 0 1
vn 0 0 1
vn 0 0 1
vn 0 0 1
vn 0 0 1
vn 0 0 1
vn 0 0 1
vn 0 0 1
vn 0 0 1
vn 0 0 1
vn 0 0 1
vn 0 0 1
vn 0 0 1
vn 0 0 1
vn 0 0 1
vn 0 0 1
vn 0 0 1
vn 0 0 1
vn 0 0 1
vn 0 0 1
vn 0 0 1
vn 0 0 1
vn 0 0 1
vn 0 0 1
vn 0 0 1
vn 0 0 1
vn 0 0 1
vn 0 0 1
vn 0 0 1
vn 0 0 1
vn 0 0 1
vn 0 0 1
vn 0 0 1
vn 0 0 1
vn 0 0 1
vn 0 0 1
vn 0 0 1
vn 0 0 1
vn 0 0 1
vn 0 0 1
vn 0 0 1
vn 0 0 1
vn 0 0 1
vn 0 0 1
vn 0 0 1
vn 0 0 1
vn 0 0 1
vn 0 0 1
vn 0 0 1
vn 0 0 1
vn 0 0 1
vn 0 0 1
vn 0 0 1
vn 0 0 1
vn 0 0 1
vn 0 0 1
vn 0 0 1
vn 0 0 1
vn 0 0 1
vn 0 0 1
vn 0 0 1
vn 0 0 1
vn 0 0 1
vn 0 0 1
vn 0 0 1
vn 0 0 1
vn 0 0 1
vn 0 0 1
vn 0 0 1
vn 0 0 1
vn 0 0 1
vn 0 0 1
vn 0 0 1
vn 0 0 1
vn 0 0 1
vn 0 0 1
vn 0 0 1
vn 0 0 1
vn 0 0 1
vn 0 0 1
vn 0 0 1
vn 0 0 1
vn 0 0 1
vn 0 0 1
vn 0 0 1
vn 0 0 1
vn 0 0 1
vn 0 0 1
vn 0 0 1
vn 0 0 1
vn 0 0 1
vn 0 0 1
vn 0 0 1
vn 0 0 1
vn 0 0 1
vn 0 0 1
vn 0 0 1
vn 0 0 1
vn 0 0 1
vn 0 0 1
vn 0 0 1
vn 0 0 1
vn 0 0 1
vn 0 0 1
vn 0 0 1
vn 0 0 1
vn 0 0 1
vn 0 0 1
vn 0 0 1
vn 0 0 1
vn 0 0 1
vn 0 0 1
vn 0 0 1
vn 0 0 1
vn 0 0 1
vn 0 0 1
vn 0 0 1
vn 0 0 1
vn 0 0 1
vn 0 0 1
vn 0 0 1
vn 0 0 1
vn 0 0 1
vn 0 0 1
vn 0 0 1
vn 0 0 1
vn 0 0 1
vn 0 0 1
vn 0 0 1
vn 0 0 1
vn 0 0 1
vn 0 0 1
vn 0 0 1
vn 0 0 1
vn 0 0 1
vn 0 0 1
vn 0 0 1
vn 0 0 1
vn 0 0 1
vn 0 0 1
vn 0 0 1
vn 0 0 1
vn 0 0 1
vn 0 0 1
vn 0 0 1
vn 0 0 1
vn 0 0 1
vn 0 0 1
vn 0 0 1
vn 0 0 1
vn 0 0 1
vn 0 0 1
vn 0 0 1
vn 0 0 1
vn 0 0 1
vn 0 0 1
vn 0 0 1
vn 0 0 1
vn 0 0 1
vn 0 0 1
vn 0 0 1
vn 0 0 1
vn 0 0 1
vn 0 0 1
vn 0 0 1
vn 0 0 1
vn 0 0 1
vn 0 0 1
vn 0 0 1
vn 0 0 1
vn 0 0 1
vn 0 0 1
vn 0 0 1
vn 0 0 1
vn 0 0 1
vn 0 0 1
vn 0 0 1
vn 0 0 1
vn 0 0 1
vn 0 0 1
vn 0 0 1
vn 0 0 1
vn 0 0 1
vn 0 0 1
vn 0 0 1
vn 0 0 1
vn 0 0 1
vn 0 0 1
vn 0 0 1
vn 0 0 1
vn 0 0 1
vn 0 0 1
vn 0 0 1
vn 0 0 1
vn 0 0 1
vn 0 0 1
vn 0 0 1
vn 0 0 1
vn 0 0 1
vn 0 0 1
vn 0 0 1
vn 0 0 1
vn 0 0 1
vn 0 0 1
vn 0 0 1
vn 0 0 1
vn 0 0 1
vn 0 0 1
vn 0 0 1
vn 0 0 1
vn 0 0 1
vn 0 0 1
vn 0 0 1
vn 0 0 1
vn 0 0 1
vn 0 0 1
vn 0 0 1
vn 0 0 1
vn 0 0 1
vn 0 0 1
vn 0 0 1
vn 0 0 1
vn 0 0 1
vn 0 0 1
vn 0 0 1
vn 0 0 1
vn 0 0 1
vn 0 0 1
vn 0 0 1
vn 0 0 1
vn 0 0 1
vn 0 0 1
vn 0 0 1
vn 0 0 1
vn 0 0 1
vn 0 0 1
vn 0 0 1
vn 0 0 1
vn 0 0 1
vn 0 0 1
vn 0 0 1
vn 0 0 1
vn 0 0 1
vn 0 0 1
vn 0 0 1
vn 0 0 1
vn 0 0 1
vn 0 0 1
vn 0 0 1
vn 0 0 1
vn 0 0 1
vn 0 0 1
vn 0 0 1
vn 0 0 1
vn 0 0 1
vn 0 0 1
vn 0 0 1
vn 0 0 1
vn 0 0 1
vn 0 0 1
vn 0 0 1
vn 0 0 1
vn 0 0 1
vn 0 0 1
vn 0 0 1
vn 0 0 1
vn 0 0 1
vn 0 0 1
vn 0 0 1
vn 0 0 1
vn 0 0 1
vn 0 0 1
vn 0 0 1
vn 0 0 1
vn 0 0 1
vn 0 0 1
vn 0 0 1
vn 0 0 1
vn 0 0 1
vn 0 0 1
vn 0 0 1
vn 0 0 1
vn 0 0 1
vn 0 0 1
vn 0 0 1
vn 0 0 1
vn 0 0 1
vn 0 0 1
vn 0 0 1
vn 0 0 1
vn 0 0 1
vn 0 0 1
vn 0 0 1
vn 0 0 1
vn 0 0 1
vn 0 0 1
vn 0 0 1
vn 0 0 1
vn 0 0 1
vn 0 0 1
vn 0 0 1
vn 0 0 1
vn 0 0 1
vn 0 0 1
f 4580//4580 4581//4581 4584//4584
f 4580//4580 4584//4584 4583//4583
f 4581//4581 4582//4582 4585//4585
f 4581//4581 4585//4585 4584//4584
f 4583//4583 4584//4584 4587//4587
f 4583//4583 4587//4587 4586//4586
f 4584//4584 4585//4585 4588//4588
f 4584//4584 4588//4588 4587//4587
f 2653//2653 3182//3182 4580//4580
f 2653//2653 4580//4580 3079//3079
f 3182//3182 3183//3183 4581//4581
f 3182//3182 4581//4581 4580//4580
f 3183//3183 3184//3184 4582//4582
f 3183//3183 4582//4582 4581//4581
f 3184//3184 2673//2673 3157//3157
f 3184//3184 3157//3157 4582//4582
f 4582//4582 3157//3157 3156//3156
f 4582//4582 3156//3156 4585//4585
f 4585//4585 3156//3156 3155//3155
f 4585//4585 3155//3155 4588//4588
f 4588//4588 3155//3155 2756//2756
f 4588//4588 2756//2756 3649//3649
f 4587//4587 4588//4588 3649//3649
f 4587//4587 3649//3649 3648//3648
f 4586//4586 4587//4587 3648//3648
f 4586//4586 3648//3648 3647//3647
f 3077//3077 4586//4586 3647//3647
f 3077//3077 3647//3647 2755//2755
f 3078//3078 4583//4583 4586//4586
f 3078//3078 4586//4586 3077//3077
f 3079//3079 4580//4580 4583//4583
f 3079//3079 4583//4583 3078//3078
f 4589//4589 4590//4590 4593//4593
f 4589//4589 4593//4593 4592//4592
f 4590//4590 4591//4591 4594//4594
f 4590//4590 4594//4594 4593//4593
f 4592//4592 4593//4593 4596//4596
f 4592//4592 4596//4596 4595//4595
f 4593//4593 4594//4594 4597//4597
f 4593//4593 4597//4597 4596//4596
f 2692//2692 3259//3259 4589//4589
f 2692//2692 4589//4589 3614//3614
f 3259//3259 3258//3258 4590//4590
f 3259//3259 4590//4590 4589//4589
f 3258//3258 3257//3257 4591//4591
f 3258//3258 4591//4591 4590//4590
f 3257//3257 2697//2697 3617//3617
f 3257//3257 3617//3617 4591//4591
f 4591//4591 3617//3617 3618//3618
f 4591//4591 3618//3618 4594//4594
f 4594//4594 3618//3618 3619//3619
f 4594//4594 3619//3619 4597//4597
f 4597//4597 3619//3619 2751//2751
f 4597//4597 2751//2751 3641//3641
f 4596//4596 4597//4597 3641//3641
f 4596//4596 3641//3641 3642//3642
f 4595//4595 4596//4596 3642//3642
f 4595//4595 3642//3642 3643//3643
f 3616//3616 4595//4595 3643//3643
f 3616//3616 3643//3643 2750//2750
f 3615//3615 4592//4592 4595//4595
f 3615//3615 4595//4595 3616//3616
f 3614//3614 4589//4589 4592//4592
f 3614//3614 4592//4592 3615//3615
f 4598//4598 4599//4599 4602//4602
f 4598//4598 4602//4602 4601//4601
f 4599//4599 4600//4600 4603//4603
f 4599//4599 4603//4603 4602//4602
f 4601//4601 4602//4602 4605//4605
f 4601//4601 4605//4605 4604//4604
f 4602//4602 4603//4603 4606//4606
f 4602//4602 4606//4606 4605//4605
f 2749//2749 3646//3646 4598//4598
f 2749//2749 4598//4598 3227//3227
f 3646//3646 3645//3645 4599//4599
f 3646//3646 4599//4599 4598//4598
f 3645//3645 3644//3644 4600//4600
f 3645//3645 4600//4600 4599//4599
f 3644//3644 2747//2747 3604//3604
f 3644//3644 3604//3604 4600//4600
f 4600//4600 3604//3604 3603//3603
f 4600//4600 3603//3603 4603//4603
f 4603//4603 3603//3603 3602//3602
f 4603//4603 3602//3602 4606//4606
f 4606//4606 3602//3602 2627//2627
f 4606//4606 2627//2627 2947//2947
f 4605//4605 4606//4606 2947//2947
f 4605//4605 2947//2947 2946//2946
f 4604//4604 4605//4605 2946//2946
f 4604//4604 2946//2946 2945//2945
f 3229//3229 4604//4604 2945//2945
f 3229//3229 2945//2945 2685//2685
f 3228//3228 4601//4601 4604//4604
f 3228//3228 4604//4604 3229//3229
f 3227//3227 4598//4598 4601//4601
f 3227//3227 4601//4601 3228//3228
f 4607//4607 4608//4608 4611//4611
f 4607//4607 4611//4611 4610//4610
f 4608//4608 4609//4609 4612//4612
f 4608//4608 4612//4612 4611//4611
f 4610//4610 4611//4611 4614//4614
f 4610//4610 4614//4614 4613//4613
f 4611//4611 4612//4612 4615//4615
f 4611//4611 4615//4615 4614//4614
f 2709//2709 3352//3352 4607//4607
f 2709//2709 4607//4607 3497//3497
f 3352//3352 3351//3351 4608//4608
f 3352//3352 4608//4608 4607//4607
f 3351//3351 3350//3350 4609//4609
f 3351//3351 4609//4609 4608//4608
f 3350//3350 2646//2646 3482//3482
f 3350//3350 3482//3482 4609//4609
f 4609//4609 3482//3482 3483//3483
f 4609//4609 3483//3483 4612//4612
f 4612//4612 3483//3483 3484//3484
f 4612//4612 3484//3484 4615//4615
f 4615//4615 3484//3484 2729//2729
f 4615//4615 2729//2729 3517//3517
f 4614//4614 4615//4615 3517//3517
f 4614//4614 3517//3517 3516//3516
f 4613//4613 4614//4614 3516//3516
f 4613//4613 3516//3516 3515//3515
f 3499//3499 4613//4613 3515//3515
f 3499//3499 3515//3515 2734//2734
f 3498//3498 4610//4610 4613//4613
f 3498//3498 4613//4613 3499//3499
f 3497//3497 4607//4607 4610//4610
f 3497//3497 4610//4610 3498//3498
f 4616//4616 4617//4617 4620//4620
f 4616//4616 4620//4620 4619//4619
f 4617//4617 4618//4618 4621//4621
f 4617//4617 4621//4621 4620//4620
f 4619//4619 4620//4620 4623//4623
f 4619//4619 4623//4623 4622//4622
f 4620//4620 4621//4621 4624//4624
f 4620//4620 4624//4624 4623//4623
f 2751//2751 3302//3302 4616//4616
f 2751//2751 4616//4616 3641//3641
f 3302//3302 3303//3303 4617//4617
f 3302//3302 4617//4617 4616//4616
f 3303//3303 3304//3304 4618//4618
f 3303//3303 4618//4618 4617//4617
f 3304//3304 2700//2700 3295//3295
f 3304//3304 3295//3295 4618//4618
f 4618//4618 3295//3295 3294//3294
f 4618//4618 3294//3294 4621//4621
f 4621//4621 3294//3294 3293//3293
f 4621//4621 3293//3293 4624//4624
f 4624//4624 3293//3293 2690//2690
f 4624//4624 2690//2690 3283//3283
f 4623//4623 4624//4624 3283//3283
f 4623//4623 3283//3283 3282//3282
f 4622//4622 4623//4623 3282//3282
f 4622//4622 3282//3282 3281//3281
f 3643//3643 4622//4622 3281//3281
f 3643//3643 3281//3281 2750//2750
f 3642//3642 4619//4619 4622//4622
f 3642//3642 4622//4622 3643//3643
f 3641//3641 4616//4616 4619//4619
f 3641//3641 4619//4619 3642//3642
f 4625//4625 4626//4626 4629//4629
f 4625//4625 4629//4629 4628//4628
f 4626//4626 4627//4627 4630//4630
f 4626//4626 4630//4630 4629//4629
f 4628//4628 4629//4629 4632//4632
f 4628//4628 4632//4632 4631//4631
f 4629//4629 4630//4630 4633//4633
f 4629//4629 4633//4633 4632//4632
f 2765//2765 3706//3706 4625//4625
f 2765//2765 4625//4625 3509//3509
f 3706//3706 3705//3705 4626//4626
f 3706//3706 4626//4626 4625//4625
f 3705//3705 3704//3704 4627//4627
f 3705//3705 4627//4627 4626//4626
f 3704//3704 2761//2761 3664//3664
f 3704//3704 3664//3664 4627//4627
f 4627//4627 3664//3664 3663//3663
f 4627//4627 3663//3663 4630//4630
f 4630//4630 3663//3663 3662//3662
f 4630//4630 3662//3662 4633//4633
f 4633//4633 3662//3662 2693//2693
f 4633//4633 2693//2693 3488//3488
f 4632//4632 4633//4633 3488//3488
f 4632//4632 3488//3488 3489//3489
f 4631//4631 4632//4632 3489//3489
f 4631//4631 3489//3489 3490//3490
f 3511//3511 4631//4631 3490//3490
f 3511//3511 3490//3490 2731//2731
f 3510//3510 4628//4628 4631//4631
f 3510//3510 4631//4631 3511//3511
f 3509//3509 4625//4625 4628//4628
f 3509//3509 4628//4628 3510//3510
f 4634//4634 4635//4635 4638//4638
f 4634//4634 4638//4638 4637//4637
f 4635//4635 4636//4636 4639//4639
f 4635//4635 4639//4639 4638//4638
f 4637//4637 4638//4638 4641//4641
f 4637//4637 4641//4641 4640//4640
f 4638//4638 4639//4639 4642//4642
f 4638//4638 4642//4642 4641//4641
f 2699//2699 3307//3307 4634//4634
f 2699//2699 4634//4634 3263//3263
f 3307//3307 3306//3306 4635//4635
f 3307//3307 4635//4635 4634//4634
f 3306//3306 3305//3305 4636//4636
f 3306//3306 4636//4636 4635//4635
f 3305//3305 2737//2737 3556//3556
f 3305//3305 3556//3556 4636//4636
f 4636//4636 3556//3556 3555//3555
f 4636//4636 3555//3555 4639//4639
f 4639//4639 3555//3555 3554//3554
f 4639//4639 3554//3554 4642//4642
f 4642//4642 3554//3554 2736//2736
f 4642//4642 2736//2736 3529//3529
f 4641//4641 4642//4642 3529//3529
f 4641//4641 3529//3529 3528//3528
f 4640//4640 4641//4641 3528//3528
f 4640//4640 3528//3528 3527//3527
f 3265//3265 4640//4640 3527//3527
f 3265//3265 3527//3527 2694//2694
f 3264//3264 4637//4637 4640//4640
f 3264//3264 4640//4640 3265//3265
f 3263//3263 4634//4634 4637//4637
f 3263//3263 4637//4637 3264//3264
f 4643//4643 4644//4644 4647//4647
f 4643//4643 4647//4647 4646//4646
f 4644//4644 4645//4645 4648//4648
f 4644//4644 4648//4648 4647//4647
f 4646//4646 4647//4647 4650//4650
f 4646//4646 4650//4650 4649//4649
f 4647//4647 4648//4648 4651//4651
f 4647//4647 4651//4651 4650//4650
f 2700//2700 3301//3301 4643//4643
f 2700//2700 4643//4643 3295//3295
f 3301//3301 3300//3300 4644//4644
f 3301//3301 4644//4644 4643//4643
f 3300//3300 3299//3299 4645//4645
f 3300//3300 4645//4645 4644//4644
f 3299//3299 2701//2701 3266//3266
f 3299//3299 3266//3266 4645//4645
f 4645//4645 3266//3266 3267//3267
f 4645//4645 3267//3267 4648//4648
f 4648//4648 3267//3267 3268//3268
f 4648//4648 3268//3268 4651//4651
f 4651//4651 3268//3268 2695//2695
f 4651//4651 2695//2695 3271//3271
f 4650//4650 4651//4651 3271//3271
f 4650//4650 3271//3271 3270//3270
f 4649//4649 4650//4650 3270//3270
f 4649//4649 3270//3270 3269//3269
f 3293//3293 4649//4649 3269//3269
f 3293//3293 3269//3269 2690//2690
f 3294//3294 4646//4646 4649//4649
f 3294//3294 4649//4649 3293//3293
f 3295//3295 4643//4643 4646//4646
f 3295//3295 4646//4646 3294//3294
f 4652//4652 4653//4653 4656//4656
f 4652//4652 4656//4656 4655//4655
f 4653//4653 4654//4654 4657//4657
f 4653//4653 4657//4657 4656//4656
f 4655//4655 4656//4656 4659//4659
f 4655//4655 4659//4659 4658//4658
f 4656//4656 4657//4657 4660//4660
f 4656//4656 4660//4660 4659//4659
f 2692//2692 3280//3280 4652//4652
f 2692//2692 4652//4652 3259//3259
f 3280//3280 3279//3279 4653//4653
f 3280//3280 4653//4653 4652//4652
f 3279//3279 3278//3278 4654//4654
f 3279//3279 4654//4654 4653//4653
f 3278//3278 2742//2742 3601//3601
f 3278//3278 3601//3601 4654//4654
f 4654//4654 3601//3601 3600//3600
f 4654//4654 3600//3600 4657//4657
f 4657//4657 3600//3600 3599//3599
f 4657//4657 3599//3599 4660//4660
f 4660//4660 3599//3599 2746//2746
f 4660//4660 2746//2746 3580//3580
f 4659//4659 4660//4660 3580//3580
f 4659//4659 3580//3580 3579//3579
f 4658//4658 4659//4659 3579//3579
f 4658//4658 3579//3579 3578//3578
f 3257//3257 4658//4658 3578//3578
f 3257//3257 3578//3578 2697//2697
f 3258//3258 4655//4655 4658//4658
f 3258//3258 4658//4658 3257//3257
f 3259//3259 4652//4652 4655//4655
f 3259//3259 4655//4655 3258//3258
f 4661//4661 4662//4662 4665//4665
f 4661//4661 4665//4665 4664//4664
f 4662//4662 4663//4663 4666//4666
f 4662//4662 4666//4666 4665//4665
f 4664//4664 4665//4665 4668//4668
f 4664//4664 4668//4668 4667//4667
f 4665//4665 4666//4666 4669//4669
f 4665//4665 4669//4669 4668//4668
f 2715//2715 3409//3409 4661//4661
f 2715//2715 4661//4661 3394//3394
f 3409//3409 3408//3408 4662//4662
f 3409//3409 4662//4662 4661//4661
f 3408//3408 3407//3407 4663//4663
f 3408//3408 4663//4663 4662//4662
f 3407//3407 2714//2714 2978//2978
f 3407//3407 2978//2978 4663//4663
f 4663//4663 2978//2978 2979//2979
f 4663//4663 2979//2979 4666//4666
f 4666//4666 2979//2979 2980//2980
f 4666//4666 2980//2980 4669//4669
f 4669//4669 2980//2980 2633//2633
f 4669//4669 2633//2633 3380//3380
f 4668//4668 4669//4669 3380//3380
f 4668//4668 3380//3380 3381//3381
f 4667//4667 4668//4668 3381//3381
f 4667//4667 3381//3381 3382//3382
f 3392//3392 4667//4667 3382//3382
f 3392//3392 3382//3382 2629//2629
f 3393//3393 4664//4664 4667//4667
f 3393//3393 4667//4667 3392//3392
f 3394//3394 4661//4661 4664//4664
f 3394//3394 4664//4664 3393//3393
f 4670//4670 4671//4671 4674//4674
f 4670//4670 4674//4674 4673//4673
f 4671//4671 4672//4672 4675//4675
f 4671//4671 4675//4675 4674//4674
f 4673//4673 4674//4674 4677//4677
f 4673//4673 4677//4677 4676//4676
f 4674//4674 4675//4675 4678//4678
f 4674//4674 4678//4678 4677//4677
f 2640//2640 3431//3431 4670//4670
f 2640//2640 4670//4670 3697//3697
f 3431//3431 3432//3432 4671//4671
f 3431//3431 4671//4671 4670//4670
f 3432//3432 3433//3433 4672//4672
f 3432//3432 4672//4672 4671//4671
f 3433//3433 2722//2722 3451//3451
f 3433//3433 3451//3451 4672//4672
f 4672//4672 3451//3451 3450//3450
f 4672//4672 3450//3450 4675//4675
f 4675//4675 3450//3450 3449//3449
f 4675//4675 3449//3449 4678//4678
f 4678//4678 3449//3449 2764//2764
f 4678//4678 2764//2764 3275//3275
f 4677//4677 4678//4678 3275//3275
f 4677//4677 3275//3275 3276//3276
f 4676//4676 4677//4677 3276//3276
f 4676//4676 3276//3276 3277//3277
f 3695//3695 4676//4676 3277//3277
f 3695//3695 3277//3277 2760//2760
f 3696//3696 4673//4673 4676//4676
f 3696//3696 4676//4676 3695//3695
f 3697//3697 4670//4670 4673//4673
f 3697//3697 4673//4673 3696//3696
f 4679//4679 4680//4680 4683//4683
f 4679//4679 4683//4683 4682//4682
f 4680//4680 4681//4681 4684//4684
f 4680//4680 4684//4684 4683//4683
f 4682//4682 4683//4683 4686//4686
f 4682//4682 4686//4686 4685//4685
f 4683//4683 4684//4684 4687//4687
f 4683//4683 4687//4687 4686//4686
f 2726//2726 3425//3425 4679//4679
f 2726//2726 4679//4679 3457//3457
f 3425//3425 3426//3426 4680//4680
f 3425//3425 4680//4680 4679//4679
f 3426//3426 3427//3427 4681//4681
f 3426//3426 4681//4681 4680//4680
f 3427//3427 2720//2720 2990//2990
f 3427//3427 2990//2990 4681//4681
f 4681//4681 2990//2990 2991//2991
f 4681//4681 2991//2991 4684//4684
f 4684//4684 2991//2991 2992//2992
f 4684//4684 2992//2992 4687//4687
f 4687//4687 2992//2992 2639//2639
f 4687//4687 2639//2639 2995//2995
f 4686//4686 4687//4687 2995//2995
f 4686//4686 2995//2995 2994//2994
f 4685//4685 4686//4686 2994//2994
f 4685//4685 2994//2994 2993//2993
f 3455//3455 4685//4685 2993//2993
f 3455//3455 2993//2993 2722//2722
f 3456//3456 4682//4682 4685//4685
f 3456//3456 4685//4685 3455//3455
f 3457//3457 4679//4679 4682//4682
f 3457//3457 4682//4682 3456//3456
f 4688//4688 4689//4689 4692//4692
f 4688//4688 4692//4692 4691//4691
f 4689//4689 4690//4690 4693//4693
f 4689//4689 4693//4693 4692//4692
f 4691//4691 4692//4692 4695//4695
f 4691//4691 4695//4695 4694//4694
f 4692//4692 4693//4693 4696//4696
f 4692//4692 4696//4696 4695//4695
f 2725//2725 3404//3404 4688//4688
f 2725//2725 4688//4688 3454//3454
f 3404//3404 3405//3405 4689//4689
f 3404//3404 4689//4689 4688//4688
f 3405//3405 3406//3406 4690//4690
f 3405//3405 4690//4690 4689//4689
f 3406//3406 2716//2716 2987//2987
f 3406//3406 2987//2987 4690//4690
f 4690//4690 2987//2987 2988//2988
f 4690//4690 2988//2988 4693//4693
f 4693//4693 2988//2988 2989//2989
f 4693//4693 2989//2989 4696//4696
f 4696//4696 2989//2989 2637//2637
f 4696//4696 2637//2637 3001//3001
f 4695//4695 4696//4696 3001//3001
f 4695//4695 3001//3001 3000//3000
f 4694//4694 4695//4695 3000//3000
f 4694//4694 3000//3000 2999//2999
f 3452//3452 4694//4694 2999//2999
f 3452//3452 2999//2999 2723//2723
f 3453//3453 4691//4691 4694//4694
f 3453//3453 4694//4694 3452//3452
f 3454//3454 4688//4688 4691//4691
f 3454//3454 4691//4691 3453//3453
f 4697//4697 4698//4698 4701//4701
f 4697//4697 4701//4701 4700//4700
f 4698//4698 4699//4699 4702//4702
f 4698//4698 4702//4702 4701//4701
f 4700//4700 4701//4701 4704//4704
f 4700//4700 4704//4704 4703//4703
f 4701//4701 4702//4702 4705//4705
f 4701//4701 4705//4705 4704//4704
f 2714//2714 3401//3401 4697//4697
f 2714//2714 4697//4697 2978//2978
f 3401//3401 3402//3402 4698//4698
f 3401//3401 4698//4698 4697//4697
f 3402//3402 3403//3403 4699//4699
f 3402//3402 4699//4699 4698//4698
f 3403//3403 2717//2717 3400//3400
f 3403//3403 3400//3400 4699//4699
f 4699//4699 3400//3400 3399//3399
f 4699//4699 3399//3399 4702//4702
f 4702//4702 3399//3399 3398//3398
f 4702//4702 3398//3398 4705//4705
f 4705//4705 3398//3398 2642//2642
f 4705//4705 2642//2642 3010//3010
f 4704//4704 4705//4705 3010//3010
f 4704//4704 3010//3010 3009//3009
f 4703//4703 4704//4704 3009//3009
f 4703//4703 3009//3009 3008//3008
f 2980//2980 4703//4703 3008//3008
f 2980//2980 3008//3008 2633//2633
f 2979//2979 4700//4700 4703//4703
f 2979//2979 4703//4703 2980//2980
f 2978//2978 4697//4697 4700//4700
f 2978//2978 4700//4700 2979//2979
f 4706//4706 4707//4707 4710//4710
f 4706//4706 4710//4710 4709//4709
f 4707//4707 4708//4708 4711//4711
f 4707//4707 4711//4711 4710//4710
f 4709//4709 4710//4710 4713//4713
f 4709//4709 4713//4713 4712//4712
f 4710//4710 4711//4711 4714//4714
f 4710//4710 4714//4714 4713//4713
f 2719//2719 3422//3422 4706//4706
f 2719//2719 4706//4706 2984//2984
f 3422//3422 3423//3423 4707//4707
f 3422//3422 4707//4707 4706//4706
f 3423//3423 3424//3424 4708//4708
f 3423//3423 4708//4708 4707//4707
f 3424//3424 2721//2721 3421//3421
f 3424//3424 3421//3421 4708//4708
f 4708//4708 3421//3421 3420//3420
f 4708//4708 3420//3420 4711//4711
f 4711//4711 3420//3420 3419//3419
f 4711//4711 3419//3419 4714//4714
f 4714//4714 3419//3419 2640//2640
f 4714//4714 2640//2640 3004//3004
f 4713//4713 4714//4714 3004//3004
f 4713//4713 3004//3004 3003//3003
f 4712//4712 4713//4713 3003//3003
f 4712//4712 3003//3003 3002//3002
f 2986//2986 4712//4712 3002//3002
f 2986//2986 3002//3002 2636//2636
f 2985//2985 4709//4709 4712//4712
f 2985//2985 4712//4712 2986//2986
f 2984//2984 4706//4706 4709//4709
f 2984//2984 4709//4709 2985//2985
f 4715//4715 4716//4716 4719//4719
f 4715//4715 4719//4719 4718//4718
f 4716//4716 4717//4717 4720//4720
f 4716//4716 4720//4720 4719//4719
f 4718//4718 4719//4719 4722//4722
f 4718//4718 4722//4722 4721//4721
f 4719//4719 4720//4720 4723//4723
f 4719//4719 4723//4723 4722//4722
f 2739//2739 3538//3538 4715//4715
f 2739//2739 4715//4715 3551//3551
f 3538//3538 3537//3537 4716//4716
f 3538//3538 4716//4716 4715//4715
f 3537//3537 3536//3536 4717//4717
f 3537//3537 4717//4717 4716//4716
f 3536//3536 2710//2710 3355//3355
f 3536//3536 3355//3355 4717//4717
f 4717//4717 3355//3355 3354//3354
f 4717//4717 3354//3354 4720//4720
f 4720//4720 3354//3354 3353//3353
f 4720//4720 3353//3353 4723//4723
f 4723//4723 3353//3353 2647//2647
f 4723//4723 2647//2647 3524//3524
f 4722//4722 4723//4723 3524//3524
f 4722//4722 3524//3524 3525//3525
f 4721//4721 4722//4722 3525//3525
f 4721//4721 3525//3525 3526//3526
f 3553//3553 4721//4721 3526//3526
f 3553//3553 3526//3526 2735//2735
f 3552//3552 4718//4718 4721//4721
f 3552//3552 4721//4721 3553//3553
f 3551//3551 4715//4715 4718//4718
f 3551//3551 4718//4718 3552//3552
f 4724//4724 4725//4725 4728//4728
f 4724//4724 4728//4728 4727//4727
f 4725//4725 4726//4726 4729//4729
f 4725//4725 4729//4729 4728//4728
f 4727//4727 4728//4728 4731//4731
f 4727//4727 4731//4731 4730//4730
f 4728//4728 4729//4729 4732//4732
f 4728//4728 4732//4732 4731//4731
f 2733//2733 3496//3496 4724//4724
f 2733//2733 4724//4724 3671//3671
f 3496//3496 3495//3495 4725//4725
f 3496//3496 4725//4725 4724//4724
f 3495//3495 3494//3494 4726//4726
f 3495//3495 4726//4726 4725//4725
f 3494//3494 2703//2703 3319//3319
f 3494//3494 3319//3319 4726//4726
f 4726//4726 3319//3319 3318//3318
f 4726//4726 3318//3318 4729//4729
f 4729//4729 3318//3318 3317//3317
f 4729//4729 3317//3317 4732//4732
f 4732//4732 3317//3317 2761//2761
f 4732//4732 2761//2761 3704//3704
f 4731//4731 4732//4732 3704//3704
f 4731//4731 3704//3704 3705//3705
f 4730//4730 4731//4731 3705//3705
f 4730//4730 3705//3705 3706//3706
f 3673//3673 4730//4730 3706//3706
f 3673//3673 3706//3706 2765//2765
f 3672//3672 4727//4727 4730//4730
f 3672//3672 4730//4730 3673//3673
f 3671//3671 4724//4724 4727//4727
f 3671//3671 4727//4727 3672//3672
f 4733//4733 4734//4734 4737//4737
f 4733//4733 4737//4737 4736//4736
f 4734//4734 4735//4735 4738//4738
f 4734//4734 4738//4738 4737//4737
f 4736//4736 4737//4737 4740//4740
f 4736//4736 4740//4740 4739//4739
f 4737//4737 4738//4738 4741//4741
f 4737//4737 4741//4741 4740//4740
f 2753//2753 3640//3640 4733//4733
f 2753//2753 4733//4733 3371//3371
f 3640//3640 3639//3639 4734//4734
f 3640//3640 4734//4734 4733//4733
f 3639//3639 3638//3638 4735//4735
f 3639//3639 4735//4735 4734//4734
f 3638//3638 2748//2748 3038//3038
f 3638//3638 3038//3038 4735//4735
f 4735//4735 3038//3038 3039//3039
f 4735//4735 3039//3039 4738//4738
f 4738//4738 3039//3039 3040//3040
f 4738//4738 3040//3040 4741//4741
f 4741//4741 3040//3040 2643//2643
f 4741//4741 2643//2643 3019//3019
f 4740//4740 4741//4741 3019//3019
f 4740//4740 3019//3019 3018//3018
f 4739//4739 4740//4740 3018//3018
f 4739//4739 3018//3018 3017//3017
f 3373//3373 4739//4739 3017//3017
f 3373//3373 3017//3017 2711//2711
f 3372//3372 4736//4736 4739//4739
f 3372//3372 4739//4739 3373//3373
f 3371//3371 4733//4733 4736//4736
f 3371//3371 4736//4736 3372//3372
f 4742//4742 4743//4743 4746//4746
f 4742//4742 4746//4746 4745//4745
f 4743//4743 4744//4744 4747//4747
f 4743//4743 4747//4747 4746//4746
f 4745//4745 4746//4746 4749//4749
f 4745//4745 4749//4749 4748//4748
f 4746//4746 4747//4747 4750//4750
f 4746//4746 4750//4750 4749//4749
f 2713//2713 3364//3364 4742//4742
f 2713//2713 4742//4742 3368//3368
f 3364//3364 3363//3363 4743//4743
f 3364//3364 4743//4743 4742//4742
f 3363//3363 3362//3362 4744//4744
f 3363//3363 4744//4744 4743//4743
f 3362//3362 2688//2688 3041//3041
f 3362//3362 3041//3041 4744//4744
f 4744//4744 3041//3041 3042//3042
f 4744//4744 3042//3042 4747//4747
f 4747//4747 3042//3042 3043//3043
f 4747//4747 3043//3043 4750//4750
f 4750//4750 3043//3043 2644//2644
f 4750//4750 2644//2644 3022//3022
f 4749//4749 4750//4750 3022//3022
f 4749//4749 3022//3022 3021//3021
f 4748//4748 4749//4749 3021//3021
f 4748//4748 3021//3021 3020//3020
f 3370//3370 4748//4748 3020//3020
f 3370//3370 3020//3020 2712//2712
f 3369//3369 4745//4745 4748//4748
f 3369//3369 4748//4748 3370//3370
f 3368//3368 4742//4742 4745//4745
f 3368//3368 4745//4745 3369//3369
f 4751//4751 4752//4752 4755//4755
f 4751//4751 4755//4755 4754//4754
f 4752//4752 4753//4753 4756//4756
f 4752//4752 4756//4756 4755//4755
f 4754//4754 4755//4755 4758//4758
f 4754//4754 4758//4758 4757//4757
f 4755//4755 4756//4756 4759//4759
f 4755//4755 4759//4759 4758//4758
f 2625//2625 3092//3092 4751//4751
f 2625//2625 4751//4751 2935//2935
f 3092//3092 3093//3093 4752//4752
f 3092//3092 4752//4752 4751//4751
f 3093//3093 3094//3094 4753//4753
f 3093//3093 4753//4753 4752//4752
f 3094//3094 2669//2669 3097//3097
f 3094//3094 3097//3097 4753//4753
f 4753//4753 3097//3097 3096//3096
f 4753//4753 3096//3096 4756//4756
f 4756//4756 3096//3096 3095//3095
f 4756//4756 3095//3095 4759//4759
f 4759//4759 3095//3095 2671//2671
f 4759//4759 2671//2671 3136//3136
f 4758//4758 4759//4759 3136//3136
f 4758//4758 3136//3136 3135//3135
f 4757//4757 4758//4758 3135//3135
f 4757//4757 3135//3135 3134//3134
f 2933//2933 4757//4757 3134//3134
f 2933//2933 3134//3134 2648//2648
f 2934//2934 4754//4754 4757//4757
f 2934//2934 4757//4757 2933//2933
f 2935//2935 4751//4751 4754//4754
f 2935//2935 4754//4754 2934//2934
f 4760//4760 4761//4761 4764//4764
f 4760//4760 4764//4764 4763//4763
f 4761//4761 4762//4762 4765//4765
f 4761//4761 4765//4765 4764//4764
f 4763//4763 4764//4764 4767//4767
f 4763//4763 4767//4767 4766//4766
f 4764//4764 4765//4765 4768//4768
f 4764//4764 4768//4768 4767//4767
f 2663//2663 3112//3112 4760//4760
f 2663//2663 4760//4760 3194//3194
f 3112//3112 3111//3111 4761//4761
f 3112//3112 4761//4761 4760//4760
f 3111//3111 3110//3110 4762//4762
f 3111//3111 4762//4762 4761//4761
f 3110//3110 2664//2664 3212//3212
f 3110//3110 3212//3212 4762//4762
f 4762//4762 3212//3212 3213//3213
f 4762//4762 3213//3213 4765//4765
f 4765//4765 3213//3213 3214//3214
f 4765//4765 3214//3214 4768//4768
f 4768//4768 3214//3214 2680//2680
f 4768//4768 2680//2680 3170//3170
f 4767//4767 4768//4768 3170//3170
f 4767//4767 3170//3170 3171//3171
f 4766//4766 4767//4767 3171//3171
f 4766//4766 3171//3171 3172//3172
f 3196//3196 4766//4766 3172//3172
f 3196//3196 3172//3172 2679//2679
f 3195//3195 4763//4763 4766//4766
f 3195//3195 4766//4766 3196//3196
f 3194//3194 4760//4760 4763//4763
f 3194//3194 4763//4763 3195//3195
f 4769//4769 4770//4770 4773//4773
f 4769//4769 4773//4773 4772//4772
f 4770//4770 4771//4771 4774//4774
f 4770//4770 4774//4774 4773//4773
f 4772//4772 4773//4773 4776//4776
f 4772//4772 4776//4776 4775//4775
f 4773//4773 4774//4774 4777//4777
f 4773//4773 4777//4777 4776//4776
f 2771//2771 3769//3769 4769//4769
f 2771//2771 4769//4769 3053//3053
f 3769//3769 3768//3768 4770//4770
f 3769//3769 4770//4770 4769//4769
f 3768//3768 3767//3767 4771//4771
f 3768//3768 4771//4771 4770//4770
f 3767//3767 2772//2772 3056//3056
f 3767//3767 3056//3056 4771//4771
f 4771//4771 3056//3056 3057//3057
f 4771//4771 3057//3057 4774//4774
f 4774//4774 3057//3057 3058//3058
f 4774//4774 3058//3058 4777//4777
f 4777//4777 3058//3058 2651//2651
f 4777//4777 2651//2651 3059//3059
f 4776//4776 4777//4777 3059//3059
f 4776//4776 3059//3059 3060//3060
f 4775//4775 4776//4776 3060//3060
f 4775//4775 3060//3060 3061//3061
f 3055//3055 4775//4775 3061//3061
f 3055//3055 3061//3061 2650//2650
f 3054//3054 4772//4772 4775//4775
f 3054//3054 4775//4775 3055//3055
f 3053//3053 4769//4769 4772//4772
f 3053//3053 4772//4772 3054//3054
f 4778//4778 4779//4779 4782//4782
f 4778//4778 4782//4782 4781//4781
f 4779//4779 4780//4780 4783//4783
f 4779//4779 4783//4783 4782//4782
f 4781//4781 4782//4782 4785//4785
f 4781//4781 4785//4785 4784//4784
f 4782//4782 4783//4783 4786//4786
f 4782//4782 4786//4786 4785//4785
f 2628//2628 3740//3740 4778//4778
f 2628//2628 4778//4778 2944//2944
f 3740//3740 3741//3741 4779//4779
f 3740//3740 4779//4779 4778//4778
f 3741//3741 3742//3742 4780//4780
f 3741//3741 4780//4780 4779//4779
f 3742//3742 2659//2659 3100//3100
f 3742//3742 3100//3100 4780//4780
f 4780//4780 3100//3100 3099//3099
f 4780//4780 3099//3099 4783//4783
f 4783//4783 3099//3099 3098//3098
f 4783//4783 3098//3098 4786//4786
f 4786//4786 3098//3098 2653//2653
f 4786//4786 2653//2653 3736//3736
f 4785//4785 4786//4786 3736//3736
f 4785//4785 3736//3736 3735//3735
f 4784//4784 4785//4785 3735//3735
f 4784//4784 3735//3735 3734//3734
f 2942//2942 4784//4784 3734//3734
f 2942//2942 3734//3734 2649//2649
f 2943//2943 4781//4781 4784//4784
f 2943//2943 4784//4784 2942//2942
f 2944//2944 4778//4778 4781//4781
f 2944//2944 4781//4781 2943//2943
f 4787//4787 4788//4788 4791//4791
f 4787//4787 4791//4791 4790//4790
f 4788//4788 4789//4789 4792//4792
f 4788//4788 4792//4792 4791//4791
f 4790//4790 4791//4791 4794//4794
f 4790//4790 4794//4794 4793//4793
f 4791//4791 4792//4792 4795//4795
f 4791//4791 4795//4795 4794//4794
f 2653//2653 3079//3079 4787//4787
f 2653//2653 4787//4787 3736//3736
f 3079//3079 3078//3078 4788//4788
f 3079//3079 4788//4788 4787//4787
f 3078//3078 3077//3077 4789//4789
f 3078//3078 4789//4789 4788//4788
f 3077//3077 2755//2755 3652//3652
f 3077//3077 3652//3652 4789//4789
f 4789//4789 3652//3652 3651//3651
f 4789//4789 3651//3651 4792//4792
f 4792//4792 3651//3651 3650//3650
f 4792//4792 3650//3650 4795//4795
f 4795//4795 3650//3650 2754//2754
f 4795//4795 2754//2754 3728//3728
f 4794//4794 4795//4795 3728//3728
f 4794//4794 3728//3728 3729//3729
f 4793//4793 4794//4794 3729//3729
f 4793//4793 3729//3729 3730//3730
f 3734//3734 4793//4793 3730//3730
f 3734//3734 3730//3730 2649//2649
f 3735//3735 4790//4790 4793//4793
f 3735//3735 4793//4793 3734//3734
f 3736//3736 4787//4787 4790//4790
f 3736//3736 4790//4790 3735//3735
f 4796//4796 4797//4797 4800//4800
f 4796//4796 4800//4800 4799//4799
f 4797//4797 4798//4798 4801//4801
f 4797//4797 4801//4801 4800//4800
f 4799//4799 4800//4800 4803//4803
f 4799//4799 4803//4803 4802//4802
f 4800//4800 4801//4801 4804//4804
f 4800//4800 4804//4804 4803//4803
f 2652//2652 3743//3743 4796//4796
f 2652//2652 4796//4796 3067//3067
f 3743//3743 3744//3744 4797//4797
f 3743//3743 4797//4797 4796//4796
f 3744//3744 3745//3745 4798//4798
f 3744//3744 4798//4798 4797//4797
f 3745//3745 2660//2660 3085//3085
f 3745//3745 3085//3085 4798//4798
f 4798//4798 3085//3085 3084//3084
f 4798//4798 3084//3084 4801//4801
f 4801//4801 3084//3084 3083//3083
f 4801//4801 3083//3083 4804//4804
f 4804//4804 3083//3083 2659//2659
f 4804//4804 2659//2659 3742//3742
f 4803//4803 4804//4804 3742//3742
f 4803//4803 3742//3742 3741//3741
f 4802//4802 4803//4803 3741//3741
f 4802//4802 3741//3741 3740//3740
f 3065//3065 4802//4802 3740//3740
f 3065//3065 3740//3740 2628//2628
f 3066//3066 4799//4799 4802//4802
f 3066//3066 4802//4802 3065//3065
f 3067//3067 4796//4796 4799//4799
f 3067//3067 4799//4799 3066//3066
f 4805//4805 4806//4806 4809//4809
f 4805//4805 4809//4809 4808//4808
f 4806//4806 4807//4807 4810//4810
f 4806//4806 4810//4810 4809//4809
f 4808//4808 4809//4809 4812//4812
f 4808//4808 4812//4812 4811//4811
f 4809//4809 4810//4810 4813//4813
f 4809//4809 4813//4813 4812//4812
f 2654//2654 3746//3746 4805//4805
f 2654//2654 4805//4805 3073//3073
f 3746//3746 3747//3747 4806//4806
f 3746//3746 4806//4806 4805//4805
f 3747//3747 3748//3748 4807//4807
f 3747//3747 4807//4807 4806//4806
f 3748//3748 2661//2661 3076//3076
f 3748//3748 3076//3076 4807//4807
f 4807//4807 3076//3076 3075//3075
f 4807//4807 3075//3075 4810//4810
f 4810//4810 3075//3075 3074//3074
f 4810//4810 3074//3074 4813//4813
f 4813//4813 3074//3074 2660//2660
f 4813//4813 2660//2660 3745//3745
f 4812//4812 4813//4813 3745//3745
f 4812//4812 3745//3745 3744//3744
f 4811//4811 4812//4812 3744//3744
f 4811//4811 3744//3744 3743//3743
f 3071//3071 4811//4811 3743//3743
f 3071//3071 3743//3743 2652//2652
f 3072//3072 4808//4808 4811//4811
f 3072//3072 4811//4811 3071//3071
f 3073//3073 4805//4805 4808//4808
f 3073//3073 4808//4808 3072//3072
f 4814//4814 4815//4815 4818//4818
f 4814//4814 4818//4818 4817//4817
f 4815//4815 4816//4816 4819//4819
f 4815//4815 4819//4819 4818//4818
f 4817//4817 4818//4818 4821//4821
f 4817//4817 4821//4821 4820//4820
f 4818//4818 4819//4819 4822//4822
f 4818//4818 4822//4822 4821//4821
f 2670//2670 3052//3052 4814//4814
f 2670//2670 4814//4814 3130//3130
f 3052//3052 3051//3051 4815//4815
f 3052//3052 4815//4815 4814//4814
f 3051//3051 3050//3050 4816//4816
f 3051//3051 4816//4816 4815//4815
f 3050//3050 2669//2669 3094//3094
f 3050//3050 3094//3094 4816//4816
f 4816//4816 3094//3094 3093//3093
f 4816//4816 3093//3093 4819//4819
f 4819//4819 3093//3093 3092//3092
f 4819//4819 3092//3092 4822//4822
f 4822//4822 3092//3092 2625//2625
f 4822//4822 2625//2625 3046//3046
f 4821//4821 4822//4822 3046//3046
f 4821//4821 3046//3046 3045//3045
f 4820//4820 4821//4821 3045//3045
f 4820//4820 3045//3045 3044//3044
f 3128//3128 4820//4820 3044//3044
f 3128//3128 3044//3044 2657//2657
f 3129//3129 4817//4817 4820//4820
f 3129//3129 4820//4820 3128//3128
f 3130//3130 4814//4814 4817//4817
f 3130//3130 4817//4817 3129//3129
f 4823//4823 4824//4824 4827//4827
f 4823//4823 4827//4827 4826//4826
f 4824//4824 4825//4825 4828//4828
f 4824//4824 4828//4828 4827//4827
f 4826//4826 4827//4827 4830//4830
f 4826//4826 4830//4830 4829//4829
f 4827//4827 4828//4828 4831//4831
f 4827//4827 4831//4831 4830//4830
f 2663//2663 3064//3064 4823//4823
f 2663//2663 4823//4823 3752//3752
f 3064//3064 3063//3063 4824//4824
f 3064//3064 4824//4824 4823//4823
f 3063//3063 3062//3062 4825//4825
f 3063//3063 4825//4825 4824//4824
f 3062//3062 2662//2662 3751//3751
f 3062//3062 3751//3751 4825//4825
f 4825//4825 3751//3751 3750//3750
f 4825//4825 3750//3750 4828//4828
f 4828//4828 3750//3750 3749//3749
f 4828//4828 3749//3749 4831//4831
f 4831//4831 3749//3749 2631//2631
f 4831//4831 2631//2631 3080//3080
f 4830//4830 4831//4831 3080//3080
f 4830//4830 3080//3080 3081//3081
f 4829//4829 4830//4830 3081//3081
f 4829//4829 3081//3081 3082//3082
f 3754//3754 4829//4829 3082//3082
f 3754//3754 3082//3082 2655//2655
f 3753//3753 4826//4826 4829//4829
f 3753//3753 4829//4829 3754//3754
f 3752//3752 4823//4823 4826//4826
f 3752//3752 4826//4826 3753//3753
f 4832//4832 4833//4833 4836//4836
f 4832//4832 4836//4836 4835//4835
f 4833//4833 4834//4834 4837//4837
f 4833//4833 4837//4837 4836//4836
f 4835//4835 4836//4836 4839//4839
f 4835//4835 4839//4839 4838//4838
f 4836//4836 4837//4837 4840//4840
f 4836//4836 4840//4840 4839//4839
f 2631//2631 3749//3749 4832//4832
f 2631//2631 4832//4832 2941//2941
f 3749//3749 3750//3750 4833//4833
f 3749//3749 4833//4833 4832//4832
f 3750//3750 3751//3751 4834//4834
f 3750//3750 4834//4834 4833//4833
f 3751//3751 2662//2662 3070//3070
f 3751//3751 3070//3070 4834//4834
f 4834//4834 3070//3070 3069//3069
f 4834//4834 3069//3069 4837//4837
f 4837//4837 3069//3069 3068//3068
f 4837//4837 3068//3068 4840//4840
f 4840//4840 3068//3068 2661//2661
f 4840//4840 2661//2661 3748//3748
f 4839//4839 4840//4840 3748//3748
f 4839//4839 3748//3748 3747//3747
f 4838//4838 4839//4839 3747//3747
f 4838//4838 3747//3747 3746//3746
f 2939//2939 4838//4838 3746//3746
f 2939//2939 3746//3746 2654//2654
f 2940//2940 4835//4835 4838//4838
f 2940//2940 4838//4838 2939//2939
f 2941//2941 4832//4832 4835//4835
f 2941//2941 4835//4835 2940//2940
f 4841//4841 4842//4842 4845//4845
f 4841//4841 4845//4845 4844//4844
f 4842//4842 4843//4843 4846//4846
f 4842//4842 4846//4846 4845//4845
f 4844//4844 4845//4845 4848//4848
f 4844//4844 4848//4848 4847//4847
f 4845//4845 4846//4846 4849//4849
f 4845//4845 4849//4849 4848//4848
f 2665//2665 3119//3119 4841//4841
f 2665//2665 4841//4841 3106//3106
f 3119//3119 3120//3120 4842//4842
f 3119//3119 4842//4842 4841//4841
f 3120//3120 3121//3121 4843//4843
f 3120//3120 4843//4843 4842//4842
f 3121//3121 2668//2668 3118//3118
f 3121//3121 3118//3118 4843//4843
f 4843//4843 3118//3118 3117//3117
f 4843//4843 3117//3117 4846//4846
f 4846//4846 3117//3117 3116//3116
f 4846//4846 3116//3116 4849//4849
f 4849//4849 3116//3116 2664//2664
f 4849//4849 2664//2664 3109//3109
f 4848//4848 4849//4849 3109//3109
f 4848//4848 3109//3109 3108//3108
f 4847//4847 4848//4848 3108//3108
f 4847//4847 3108//3108 3107//3107
f 3104//3104 4847//4847 3107//3107
f 3104//3104 3107//3107 2626//2626
f 3105//3105 4844//4844 4847//4847
f 3105//3105 4847//4847 3104//3104
f 3106//3106 4841//4841 4844//4844
f 3106//3106 4844//4844 3105//3105
f 4850//4850 4851//4851 4854//4854
f 4850//4850 4854//4854 4853//4853
f 4851//4851 4852//4852 4855//4855
f 4851//4851 4855//4855 4854//4854
f 4853//4853 4854//4854 4857//4857
f 4853//4853 4857//4857 4856//4856
f 4854//4854 4855//4855 4858//4858
f 4854//4854 4858//4858 4857//4857
f 2667//2667 3125//3125 4850//4850
f 2667//2667 4850//4850 3115//3115
f 3125//3125 3126//3126 4851//4851
f 3125//3125 4851//4851 4850//4850
f 3126//3126 3127//3127 4852//4852
f 3126//3126 4852//4852 4851//4851
f 3127//3127 2658//2658 3124//3124
f 3127//3127 3124//3124 4852//4852
f 4852//4852 3124//3124 3123//3123
f 4852//4852 3123//3123 4855//4855
f 4855//4855 3123//3123 3122//3122
f 4855//4855 3122//3122 4858//4858
f 4858//4858 3122//3122 2668//2668
f 4858//4858 2668//2668 3121//3121
f 4857//4857 4858//4858 3121//3121
f 4857//4857 3121//3121 3120//3120
f 4856//4856 4857//4857 3120//3120
f 4856//4856 3120//3120 3119//3119
f 3113//3113 4856//4856 3119//3119
f 3113//3113 3119//3119 2665//2665
f 3114//3114 4853//4853 4856//4856
f 3114//3114 4856//4856 3113//3113
f 3115//3115 4850//4850 4853//4853
f 3115//3115 4853//4853 3114//3114
f 4859//4859 4860//4860 4863//4863
f 4859//4859 4863//4863 4862//4862
f 4860//4860 4861//4861 4864//4864
f 4860//4860 4864//4864 4863//4863
f 4862//4862 4863//4863 4866//4866
f 4862//4862 4866//4866 4865//4865
f 4863//4863 4864//4864 4867//4867
f 4863//4863 4867//4867 4866//4866
f 2648//2648 3134//3134 4859//4859
f 2648//2648 4859//4859 3049//3049
f 3134//3134 3135//3135 4860//4860
f 3134//3134 4860//4860 4859//4859
f 3135//3135 3136//3136 4861//4861
f 3135//3135 4861//4861 4860//4860
f 3136//3136 2671//2671 3133//3133
f 3136//3136 3133//3133 4861//4861
f 4861//4861 3133//3133 3132//3132
f 4861//4861 3132//3132 4864//4864
f 4864//4864 3132//3132 3131//3131
f 4864//4864 3131//3131 4867//4867
f 4867//4867 3131//3131 2658//2658
f 4867//4867 2658//2658 3127//3127
f 4866//4866 4867//4867 3127//3127
f 4866//4866 3127//3127 3126//3126
f 4865//4865 4866//4866 3126//3126
f 4865//4865 3126//3126 3125//3125
f 3047//3047 4865//4865 3125//3125
f 3047//3047 3125//3125 2667//2667
f 3048//3048 4862//4862 4865//4865
f 3048//3048 4865//4865 3047//3047
f 3049//3049 4859//4859 4862//4862
f 3049//3049 4862//4862 3048//3048
f 4868//4868 4869//4869 4872//4872
f 4868//4868 4872//4872 4871//4871
f 4869//4869 4870//4870 4873//4873
f 4869//4869 4873//4873 4872//4872
f 4871//4871 4872//4872 4875//4875
f 4871//4871 4875//4875 4874//4874
f 4872//4872 4873//4873 4876//4876
f 4872//4872 4876//4876 4875//4875
f 2651//2651 3089//3089 4868//4868
f 2651//2651 4868//4868 3059//3059
f 3089//3089 3090//3090 4869//4869
f 3089//3089 4869//4869 4868//4868
f 3090//3090 3091//3091 4870//4870
f 3090//3090 4870//4870 4869//4869
f 3091//3091 2670//2670 3130//3130
f 3091//3091 3130//3130 4870//4870
f 4870//4870 3130//3130 3129//3129
f 4870//4870 3129//3129 4873//4873
f 4873//4873 3129//3129 3128//3128
f 4873//4873 3128//3128 4876//4876
f 4876//4876 3128//3128 2657//2657
f 4876//4876 2657//2657 3139//3139
f 4875//4875 4876//4876 3139//3139
f 4875//4875 3139//3139 3138//3138
f 4874//4874 4875//4875 3138//3138
f 4874//4874 3138//3138 3137//3137
f 3061//3061 4874//4874 3137//3137
f 3061//3061 3137//3137 2650//2650
f 3060//3060 4871//4871 4874//4874
f 3060//3060 4874//4874 3061//3061
f 3059//3059 4868//4868 4871//4871
f 3059//3059 4871//4871 3060//3060
f 4877//4877 4878//4878 4881//4881
f 4877//4877 4881//4881 4880//4880
f 4878//4878 4879//4879 4882//4882
f 4878//4878 4882//4882 4881//4881
f 4880//4880 4881//4881 4884//4884
f 4880//4880 4884//4884 4883//4883
f 4881//4881 4882//4882 4885//4885
f 4881//4881 4885//4885 4884//4884
f 2668//2668 3122//3122 4877//4877
f 2668//2668 4877//4877 3187//3187
f 3122//3122 3123//3123 4878//4878
f 3122//3122 4878//4878 4877//4877
f 3123//3123 3124//3124 4879//4879
f 3123//3123 4879//4879 4878//4878
f 3124//3124 2658//2658 3188//3188
f 3124//3124 3188//3188 4879//4879
f 4879//4879 3188//3188 3189//3189
f 4879//4879 3189//3189 4882//4882
f 4882//4882 3189//3189 3190//3190
f 4882//4882 3190//3190 4885//4885
f 4885//4885 3190//3190 2674//2674
f 4885//4885 2674//2674 3178//3178
f 4884//4884 4885//4885 3178//3178
f 4884//4884 3178//3178 3177//3177
f 4883//4883 4884//4884 3177//3177
f 4883//4883 3177//3177 3176//3176
f 3185//3185 4883//4883 3176//3176
f 3185//3185 3176//3176 2681//2681
f 3186//3186 4880//4880 4883//4883
f 3186//3186 4883//4883 3185//3185
f 3187//3187 4877//4877 4880//4880
f 3187//3187 4880//4880 3186//3186
f 4886//4886 4887//4887 4890//4890
f 4886//4886 4890//4890 4889//4889
f 4887//4887 4888//4888 4891//4891
f 4887//4887 4891//4891 4890//4890
f 4889//4889 4890//4890 4893//4893
f 4889//4889 4893//4893 4892//4892
f 4890//4890 4891//4891 4894//4894
f 4890//4890 4894//4894 4893//4893
f 2662//2662 3062//3062 4886//4886
f 2662//2662 4886//4886 3193//3193
f 3062//3062 3063//3063 4887//4887
f 3062//3062 4887//4887 4886//4886
f 3063//3063 3064//3064 4888//4888
f 3063//3063 4888//4888 4887//4887
f 3064//3064 2663//2663 3194//3194
f 3064//3064 3194//3194 4888//4888
f 4888//4888 3194//3194 3195//3195
f 4888//4888 3195//3195 4891//4891
f 4891//4891 3195//3195 3196//3196
f 4891//4891 3196//3196 4894//4894
f 4894//4894 3196//3196 2679//2679
f 4894//4894 2679//2679 3148//3148
f 4893//4893 4894//4894 3148//3148
f 4893//4893 3148//3148 3147//3147
f 4892//4892 4893//4893 3147//3147
f 4892//4892 3147//3147 3146//3146
f 3191//3191 4892//4892 3146//3146
f 3191//3191 3146//3146 2678//2678
f 3192//3192 4889//4889 4892//4892
f 3192//3192 4892//4892 3191//3191
f 3193//3193 4886//4886 4889//4889
f 3193//3193 4889//4889 3192//3192
f 4896//4896 4897//4897 4895//4895
f 4896//4896 4895//4895 4925//4925
f 4898//4898 4899//4899 4895//4895
f 4898//4898 4895//4895 4897//4897
f 4900//4900 4901//4901 4895//4895
f 4900//4900 4895//4895 4899//4899
f 4902//4902 4903//4903 4895//4895
f 4902//4902 4895//4895 4901//4901
f 4904//4904 4905//4905 4895//4895
f 4904//4904 4895//4895 4903//4903
f 4906//4906 4907//4907 4895//4895
f 4906//4906 4895//4895 4905//4905
f 4908//4908 4909//4909 4895//4895
f 4908//4908 4895//4895 4907//4907
f 4910//4910 4911//4911 4895//4895
f 4910//4910 4895//4895 4909//4909
f 4912//4912 4913//4913 4895//4895
f 4912//4912 4895//4895 4911//4911
f 4914//4914 4915//4915 4895//4895
f 4914//4914 4895//4895 4913//4913
f 4916//4916 4917//4917 4895//4895
f 4916//4916 4895//4895 4915//4915
f 4918//4918 4919//4919 4895//4895
f 4918//4918 4895//4895 4917//4917
f 4920//4920 4921//4921 4895//4895
f 4920//4920 4895//4895 4919//4919
f 4922//4922 4923//4923 4895//4895
f 4922//4922 4895//4895 4921//4921
f 4924//4924 4925//4925 4895//4895
f 4924//4924 4895//4895 4923//4923
f 2673//2673 3167//3167 4896//4896
f 2673//2673 4896//4896 3157//3157
f 3167//3167 3168//3168 4897//4897
f 3167//3167 4897//4897 4896//4896
f 3157//3157 4896//4896 4925//4925
f 3157//3157 4925//4925 3156//3156
f 2675//2675 3158//3158 4898//4898
f 2675//2675 4898//4898 3169//3169
f 3158//3158 3159//3159 4899//4899
f 3158//3158 4899//4899 4898//4898
f 3169//3169 4898//4898 4897//4897
f 3169//3169 4897//4897 3168//3168
f 2676//2676 3152//3152 4900//4900
f 2676//2676 4900//4900 3160//3160
f 3152//3152 3153//3153 4901//4901
f 3152//3152 4901//4901 4900//4900
f 3160//3160 4900//4900 4899//4899
f 3160//3160 4899//4899 3159//3159
f 2677//2677 3149//3149 4902//4902
f 2677//2677 4902//4902 3154//3154
f 3149//3149 3150//3150 4903//4903
f 3149//3149 4903//4903 4902//4902
f 3154//3154 4902//4902 4901//4901
f 3154//3154 4901//4901 3153//3153
f 2678//2678 3146//3146 4904//4904
f 2678//2678 4904//4904 3151//3151
f 3146//3146 3147//3147 4905//4905
f 3146//3146 4905//4905 4904//4904
f 3151//3151 4904//4904 4903//4903
f 3151//3151 4903//4903 3150//3150
f 2679//2679 3172//3172 4906//4906
f 2679//2679 4906//4906 3148//3148
f 3172//3172 3171//3171 4907//4907
f 3172//3172 4907//4907 4906//4906
f 3148//3148 4906//4906 4905//4905
f 3148//3148 4905//4905 3147//3147
f 2680//2680 3173//3173 4908//4908
f 2680//2680 4908//4908 3170//3170
f 3173//3173 3174//3174 4909//4909
f 3173//3173 4909//4909 4908//4908
f 3170//3170 4908//4908 4907//4907
f 3170//3170 4907//4907 3171//3171
f 2681//2681 3176//3176 4910//4910
f 2681//2681 4910//4910 3175//3175
f 3176//3176 3177//3177 4911//4911
f 3176//3176 4911//4911 4910//4910
f 3175//3175 4910//4910 4909//4909
f 3175//3175 4909//4909 3174//3174
f 2674//2674 3179//3179 4912//4912
f 2674//2674 4912//4912 3178//3178
f 3179//3179 3180//3180 4913//4913
f 3179//3179 4913//4913 4912//4912
f 3178//3178 4912//4912 4911//4911
f 3178//3178 4911//4911 3177//3177
f 2684//2684 3164//3164 4914//4914
f 2684//2684 4914//4914 3181//3181
f 3164//3164 3165//3165 4915//4915
f 3164//3164 4915//4915 4914//4914
f 3181//3181 4914//4914 4913//4913
f 3181//3181 4913//4913 3180//3180
f 2682//2682 3140//3140 4916//4916
f 2682//2682 4916//4916 3166//3166
f 3140//3140 3141//3141 4917//4917
f 3140//3140 4917//4917 4916//4916
f 3166//3166 4916//4916 4915//4915
f 3166//3166 4915//4915 3165//3165
f 2683//2683 3163//3163 4918//4918
f 2683//2683 4918//4918 3142//3142
f 3163//3163 3162//3162 4919//4919
f 3163//3163 4919//4919 4918//4918
f 3142//3142 4918//4918 4917//4917
f 3142//3142 4917//4917 3141//3141
f 2672//2672 3145//3145 4920//4920
f 2672//2672 4920//4920 3161//3161
f 3145//3145 3144//3144 4921//4921
f 3145//3145 4921//4921 4920//4920
f 3161//3161 4920//4920 4919//4919
f 3161//3161 4919//4919 3162//3162
f 2773//2773 3763//3763 4922//4922
f 2773//2773 4922//4922 3143//3143
f 3763//3763 3762//3762 4923//4923
f 3763//3763 4923//4923 4922//4922
f 3143//3143 4922//4922 4921//4921
f 3143//3143 4921//4921 3144//3144
f 2756//2756 3155//3155 4924//4924
f 2756//2756 4924//4924 3761//3761
f 3155//3155 3156//3156 4925//4925
f 3155//3155 4925//4925 4924//4924
f 3761//3761 4924//4924 4923//4923
f 3761//3761 4923//4923 3762//3762
f 4926//4926 4927//4927 4930//4930
f 4926//4926 4930//4930 4929//4929
f 4927//4927 4928//4928 4931//4931
f 4927//4927 4931//4931 4930//4930
f 4929//4929 4930//4930 4933//4933
f 4929//4929 4933//4933 4932//4932
f 4930//4930 4931//4931 4934//4934
f 4930//4930 4934//4934 4933//4933
f 2670//2670 3091//3091 4926//4926
f 2670//2670 4926//4926 3199//3199
f 3091//3091 3090//3090 4927//4927
f 3091//3091 4927//4927 4926//4926
f 3090//3090 3089//3089 4928//4928
f 3090//3090 4928//4928 4927//4927
f 3089//3089 2651//2651 3200//3200
f 3089//3089 3200//3200 4928//4928
f 4928//4928 3200//3200 3201//3201
f 4928//4928 3201//3201 4931//4931
f 4931//4931 3201//3201 3202//3202
f 4931//4931 3202//3202 4934//4934
f 4934//4934 3202//3202 2672//2672
f 4934//4934 2672//2672 3161//3161
f 4933//4933 4934//4934 3161//3161
f 4933//4933 3161//3161 3162//3162
f 4932//4932 4933//4933 3162//3162
f 4932//4932 3162//3162 3163//3163
f 3197//3197 4932//4932 3163//3163
f 3197//3197 3163//3163 2683//2683
f 3198//3198 4929//4929 4932//4932
f 3198//3198 4932//4932 3197//3197
f 3199//3199 4926//4926 4929//4929
f 3199//3199 4929//4929 3198//3198
f 4935//4935 4936//4936 4939//4939
f 4935//4935 4939//4939 4938//4938
f 4936//4936 4937//4937 4940//4940
f 4936//4936 4940//4940 4939//4939
f 4938//4938 4939//4939 4942//4942
f 4938//4938 4942//4942 4941//4941
f 4939//4939 4940//4940 4943//4943
f 4939//4939 4943//4943 4942//4942
f 2660//2660 3074//3074 4935//4935
f 2660//2660 4935//4935 3205//3205
f 3074//3074 3075//3075 4936//4936
f 3074//3074 4936//4936 4935//4935
f 3075//3075 3076//3076 4937//4937
f 3075//3075 4937//4937 4936//4936
f 3076//3076 2661//2661 3206//3206
f 3076//3076 3206//3206 4937//4937
f 4937//4937 3206//3206 3207//3207
f 4937//4937 3207//3207 4940//4940
f 4940//4940 3207//3207 3208//3208
f 4940//4940 3208//3208 4943//4943
f 4943//4943 3208//3208 2677//2677
f 4943//4943 2677//2677 3154//3154
f 4942//4942 4943//4943 3154//3154
f 4942//4942 3154//3154 3153//3153
f 4941//4941 4942//4942 3153//3153
f 4941//4941 3153//3153 3152//3152
f 3203//3203 4941//4941 3152//3152
f 3203//3203 3152//3152 2676//2676
f 3204//3204 4938//4938 4941//4941
f 3204//3204 4941//4941 3203//3203
f 3205//3205 4935//4935 4938//4938
f 3205//3205 4938//4938 3204//3204
f 4944//4944 4945//4945 4948//4948
f 4944//4944 4948//4948 4947//4947
f 4945//4945 4946//4946 4949//4949
f 4945//4945 4949//4949 4948//4948
f 4947//4947 4948//4948 4951//4951
f 4947//4947 4951//4951 4950//4950
f 4948//4948 4949//4949 4952//4952
f 4948//4948 4952//4952 4951//4951
f 2658//2658 3131//3131 4944//4944
f 2658//2658 4944//4944 3188//3188
f 3131//3131 3132//3132 4945//4945
f 3131//3131 4945//4945 4944//4944
f 3132//3132 3133//3133 4946//4946
f 3132//3132 4946//4946 4945//4945
f 3133//3133 2671//2671 3209//3209
f 3133//3133 3209//3209 4946//4946
f 4946//4946 3209//3209 3210//3210
f 4946//4946 3210//3210 4949//4949
f 4949//4949 3210//3210 3211//3211
f 4949//4949 3211//3211 4952//4952
f 4952//4952 3211//3211 2684//2684
f 4952//4952 2684//2684 3181//3181
f 4951//4951 4952//4952 3181//3181
f 4951//4951 3181//3181 3180//3180
f 4950//4950 4951//4951 3180//3180
f 4950//4950 3180//3180 3179//3179
f 3190//3190 4950//4950 3179//3179
f 3190//3190 3179//3179 2674//2674
f 3189//3189 4947//4947 4950//4950
f 3189//3189 4950//4950 3190//3190
f 3188//3188 4944//4944 4947//4947
f 3188//3188 4947//4947 3189//3189
f 4953//4953 4954//4954 4957//4957
f 4953//4953 4957//4957 4956//4956
f 4954//4954 4955//4955 4958//4958
f 4954//4954 4958//4958 4957//4957
f 4956//4956 4957//4957 4960//4960
f 4956//4956 4960//4960 4959//4959
f 4957//4957 4958//4958 4961//4961
f 4957//4957 4961//4961 4960//4960
f 2671//2671 3095//3095 4953//4953
f 2671//2671 4953//4953 3209//3209
f 3095//3095 3096//3096 4954//4954
f 3095//3095 4954//4954 4953//4953
f 3096//3096 3097//3097 4955//4955
f 3096//3096 4955//4955 4954//4954
f 3097//3097 2669//2669 3215//3215
f 3097//3097 3215//3215 4955//4955
f 4955//4955 3215//3215 3216//3216
f 4955//4955 3216//3216 4958//4958
f 4958//4958 3216//3216 3217//3217
f 4958//4958 3217//3217 4961//4961
f 4961//4961 3217//3217 2682//2682
f 4961//4961 2682//2682 3166//3166
f 4960//4960 4961//4961 3166//3166
f 4960//4960 3166//3166 3165//3165
f 4959//4959 4960//4960 3165//3165
f 4959//4959 3165//3165 3164//3164
f 3211//3211 4959//4959 3164//3164
f 3211//3211 3164//3164 2684//2684
f 3210//3210 4956//4956 4959//4959
f 3210//3210 4959//4959 3211//3211
f 3209//3209 4953//4953 4956//4956
f 3209//3209 4956//4956 3210//3210
f 4962//4962 4963//4963 4966//4966
f 4962//4962 4966//4966 4965//4965
f 4963//4963 4964//4964 4967//4967
f 4963//4963 4967//4967 4966//4966
f 4965//4965 4966//4966 4969//4969
f 4965//4965 4969//4969 4968//4968
f 4966//4966 4967//4967 4970//4970
f 4966//4966 4970//4970 4969//4969
f 2669//2669 3050//3050 4962//4962
f 2669//2669 4962//4962 3215//3215
f 3050//3050 3051//3051 4963//4963
f 3050//3050 4963//4963 4962//4962
f 3051//3051 3052//3052 4964//4964
f 3051//3051 4964//4964 4963//4963
f 3052//3052 2670//2670 3199//3199
f 3052//3052 3199//3199 4964//4964
f 4964//4964 3199//3199 3198//3198
f 4964//4964 3198//3198 4967//4967
f 4967//4967 3198//3198 3197//3197
f 4967//4967 3197//3197 4970//4970
f 4970//4970 3197//3197 2683//2683
f 4970//4970 2683//2683 3142//3142
f 4969//4969 4970//4970 3142//3142
f 4969//4969 3142//3142 3141//3141
f 4968//4968 4969//4969 3141//3141
f 4968//4968 3141//3141 3140//3140
f 3217//3217 4968//4968 3140//3140
f 3217//3217 3140//3140 2682//2682
f 3216//3216 4965//4965 4968//4968
f 3216//3216 4968//4968 3217//3217
f 3215//3215 4962//4962 4965//4965
f 3215//3215 4965//4965 3216//3216
f 4971//4971 4972//4972 4975//4975
f 4971//4971 4975//4975 4974//4974
f 4972//4972 4973//4973 4976//4976
f 4972//4972 4976//4976 4975//4975
f 4974//4974 4975//4975 4978//4978
f 4974//4974 4978//4978 4977//4977
f 4975//4975 4976//4976 4979//4979
f 4975//4975 4979//4979 4978//4978
f 2661//2661 3068//3068 4971//4971
f 2661//2661 4971//4971 3206//3206
f 3068//3068 3069//3069 4972//4972
f 3068//3068 4972//4972 4971//4971
f 3069//3069 3070//3070 4973//4973
f 3069//3069 4973//4973 4972//4972
f 3070//3070 2662//2662 3193//3193
f 3070//3070 3193//3193 4973//4973
f 4973//4973 3193//3193 3192//3192
f 4973//4973 3192//3192 4976//4976
f 4976//4976 3192//3192 3191//3191
f 4976//4976 3191//3191 4979//4979
f 4979//4979 3191//3191 2678//2678
f 4979//4979 2678//2678 3151//3151
f 4978//4978 4979//4979 3151//3151
f 4978//4978 3151//3151 3150//3150
f 4977//4977 4978//4978 3150//3150
f 4977//4977 3150//3150 3149//3149
f 3208//3208 4977//4977 3149//3149
f 3208//3208 3149//3149 2677//2677
f 3207//3207 4974//4974 4977//4977
f 3207//3207 4977//4977 3208//3208
f 3206//3206 4971//4971 4974//4974
f 3206//3206 4974//4974 3207//3207
f 4980//4980 4981//4981 4984//4984
f 4980//4980 4984//4984 4983//4983
f 4981//4981 4982//4982 4985//4985
f 4981//4981 4985//4985 4984//4984
f 4983//4983 4984//4984 4987//4987
f 4983//4983 4987//4987 4986//4986
f 4984//4984 4985//4985 4988//4988
f 4984//4984 4988//4988 4987//4987
f 2653//2653 3098//3098 4980//4980
f 2653//2653 4980//4980 3182//3182
f 3098//3098 3099//3099 4981//4981
f 3098//3098 4981//4981 4980//4980
f 3099//3099 3100//3100 4982//4982
f 3099//3099 4982//4982 4981//4981
f 3100//3100 2659//2659 3218//3218
f 3100//3100 3218//3218 4982//4982
f 4982//4982 3218//3218 3219//3219
f 4982//4982 3219//3219 4985//4985
f 4985//4985 3219//3219 3220//3220
f 4985//4985 3220//3220 4988//4988
f 4988//4988 3220//3220 2675//2675
f 4988//4988 2675//2675 3169//3169
f 4987//4987 4988//4988 3169//3169
f 4987//4987 3169//3169 3168//3168
f 4986//4986 4987//4987 3168//3168
f 4986//4986 3168//3168 3167//3167
f 3184//3184 4986//4986 3167//3167
f 3184//3184 3167//3167 2673//2673
f 3183//3183 4983//4983 4986//4986
f 3183//3183 4986//4986 3184//3184
f 3182//3182 4980//4980 4983//4983
f 3182//3182 4983//4983 3183//3183
f 4989//4989 4990//4990 4993//4993
f 4989//4989 4993//4993 4992//4992
f 4990//4990 4991//4991 4994//4994
f 4990//4990 4994//4994 4993//4993
f 4992//4992 4993//4993 4996//4996
f 4992//4992 4996//4996 4995//4995
f 4993//4993 4994//4994 4997//4997
f 4993//4993 4997//4997 4996//4996
f 2664//2664 3116//3116 4989//4989
f 2664//2664 4989//4989 3212//3212
f 3116//3116 3117//3117 4990//4990
f 3116//3116 4990//4990 4989//4989
f 3117//3117 3118//3118 4991//4991
f 3117//3117 4991//4991 4990//4990
f 3118//3118 2668//2668 3187//3187
f 3118//3118 3187//3187 4991//4991
f 4991//4991 3187//3187 3186//3186
f 4991//4991 3186//3186 4994//4994
f 4994//4994 3186//3186 3185//3185
f 4994//4994 3185//3185 4997//4997
f 4997//4997 3185//3185 2681//2681
f 4997//4997 2681//2681 3175//3175
f 4996//4996 4997//4997 3175//3175
f 4996//4996 3175//3175 3174//3174
f 4995//4995 4996//4996 3174//3174
f 4995//4995 3174//3174 3173//3173
f 3214//3214 4995//4995 3173//3173
f 3214//3214 3173//3173 2680//2680
f 3213//3213 4992//4992 4995//4995
f 3213//3213 4995//4995 3214//3214
f 3212//3212 4989//4989 4992//4992
f 3212//3212 4992//4992 3213//3213
f 4998//4998 4999//4999 5002//5002
f 4998//4998 5002//5002 5001//5001
f 4999//4999 5000//5000 5003//5003
f 4999//4999 5003//5003 5002//5002
f 5001//5001 5002//5002 5005//5005
f 5001//5001 5005//5005 5004//5004
f 5002//5002 5003//5003 5006//5006
f 5002//5002 5006//5006 5005//5005
f 2626//2626 3107//3107 4998//4998
f 2626//2626 4998//4998 3733//3733
f 3107//3107 3108//3108 4999//4999
f 3107//3107 4999//4999 4998//4998
f 3108//3108 3109//3109 5000//5000
f 3108//3108 5000//5000 4999//4999
f 3109//3109 2664//2664 3739//3739
f 3109//3109 3739//3739 5000//5000
f 5000//5000 3739//3739 3738//3738
f 5000//5000 3738//3738 5003//5003
f 5003//5003 3738//3738 3737//3737
f 5003//5003 3737//3737 5006//5006
f 5006//5006 3737//3737 2666//2666
f 5006//5006 2666//2666 3086//3086
f 5005//5005 5006//5006 3086//3086
f 5005//5005 3086//3086 3087//3087
f 5004//5004 5005//5005 3087//3087
f 5004//5004 3087//3087 3088//3088
f 3731//3731 5004//5004 3088//3088
f 3731//3731 3088//3088 2656//2656
f 3732//3732 5001//5001 5004//5004
f 3732//3732 5004//5004 3731//3731
f 3733//3733 4998//4998 5001//5001
f 3733//3733 5001//5001 3732//3732
f 5007//5007 5008//5008 5011//5011
f 5007//5007 5011//5011 5010//5010
f 5008//5008 5009//5009 5012//5012
f 5008//5008 5012//5012 5011//5011
f 5010//5010 5011//5011 5014//5014
f 5010//5010 5014//5014 5013//5013
f 5011//5011 5012//5012 5015//5015
f 5011//5011 5015//5015 5014//5014
f 2659//2659 3083//3083 5007//5007
f 2659//2659 5007//5007 3218//3218
f 3083//3083 3084//3084 5008//5008
f 3083//3083 5008//5008 5007//5007
f 3084//3084 3085//3085 5009//5009
f 3084//3084 5009//5009 5008//5008
f 3085//3085 2660//2660 3205//3205
f 3085//3085 3205//3205 5009//5009
f 5009//5009 3205//3205 3204//3204
f 5009//5009 3204//3204 5012//5012
f 5012//5012 3204//3204 3203//3203
f 5012//5012 3203//3203 5015//5015
f 5015//5015 3203//3203 2676//2676
f 5015//5015 2676//2676 3160//3160
f 5014//5014 5015//5015 3160//3160
f 5014//5014 3160//3160 3159//3159
f 5013//5013 5014//5014 3159//3159
f 5013//5013 3159//3159 3158//3158
f 3220//3220 5013//5013 3158//3158
f 3220//3220 3158//3158 2675//2675
f 3219//3219 5010//5010 5013//5013
f 3219//3219 5013//5013 3220//3220
f 3218//3218 5007//5007 5010//5010
f 3218//3218 5010//5010 3219//3219
f 5016//5016 5017//5017 5020//5020
f 5016//5016 5020//5020 5019//5019
f 5017//5017 5018//5018 5021//5021
f 5017//5017 5021//5021 5020//5020
f 5019//5019 5020//5020 5023//5023
f 5019//5019 5023//5023 5022//5022
f 5020//5020 5021//5021 5024//5024
f 5020//5020 5024//5024 5023//5023
f 2740//2740 2960//2960 5016//5016
f 2740//2740 5016//5016 3596//3596
f 2960//2960 2961//2961 5017//5017
f 2960//2960 5017//5017 5016//5016
f 2961//2961 2962//2962 5018//5018
f 2961//2961 5018//5018 5017//5017
f 2962//2962 2632//2632 3224//3224
f 2962//2962 3224//3224 5018//5018
f 5018//5018 3224//3224 3225//3225
f 5018//5018 3225//3225 5021//5021
f 5021//5021 3225//3225 3226//3226
f 5021//5021 3226//3226 5024//5024
f 5024//5024 3226//3226 2686//2686
f 5024//5024 2686//2686 3575//3575
f 5023//5023 5024//5024 3575//3575
f 5023//5023 3575//3575 3576//3576
f 5022//5022 5023//5023 3576//3576
f 5022//5022 3576//3576 3577//3577
f 3598//3598 5022//5022 3577//3577
f 3598//3598 3577//3577 2745//2745
f 3597//3597 5019//5019 5022//5022
f 3597//3597 5022//5022 3598//3598
f 3596//3596 5016//5016 5019//5019
f 3596//3596 5019//5019 3597//3597
f 5025//5025 5026//5026 5029//5029
f 5025//5025 5029//5029 5028//5028
f 5026//5026 5027//5027 5030//5030
f 5026//5026 5030//5030 5029//5029
f 5028//5028 5029//5029 5032//5032
f 5028//5028 5032//5032 5031//5031
f 5029//5029 5030//5030 5033//5033
f 5029//5029 5033//5033 5032//5032
f 2751//2751 3637//3637 5025//5025
f 2751//2751 5025//5025 3302//3302
f 3637//3637 3636//3636 5026//5026
f 3637//3637 5026//5026 5025//5025
f 3636//3636 3635//3635 5027//5027
f 3636//3636 5027//5027 5026//5026
f 3635//3635 2749//2749 3227//3227
f 3635//3635 3227//3227 5027//5027
f 5027//5027 3227//3227 3228//3228
f 5027//5027 3228//3228 5030//5030
f 5030//5030 3228//3228 3229//3229
f 5030//5030 3229//3229 5033//5033
f 5033//5033 3229//3229 2685//2685
f 5033//5033 2685//2685 3223//3223
f 5032//5032 5033//5033 3223//3223
f 5032//5032 3223//3223 3222//3222
f 5031//5031 5032//5032 3222//3222
f 5031//5031 3222//3222 3221//3221
f 3304//3304 5031//5031 3221//3221
f 3304//3304 3221//3221 2700//2700
f 3303//3303 5028//5028 5031//5031
f 3303//3303 5031//5031 3304//3304
f 3302//3302 5025//5025 5028//5028
f 3302//3302 5028//5028 3303//3303
f 5034//5034 5035//5035 5038//5038
f 5034//5034 5038//5038 5037//5037
f 5035//5035 5036//5036 5039//5039
f 5035//5035 5039//5039 5038//5038
f 5037//5037 5038//5038 5041//5041
f 5037//5037 5041//5041 5040//5040
f 5038//5038 5039//5039 5042//5042
f 5038//5038 5042//5042 5041//5041
f 2627//2627 3236//3236 5034//5034
f 2627//2627 5034//5034 2947//2947
f 3236//3236 3237//3237 5035//5035
f 3236//3236 5035//5035 5034//5034
f 3237//3237 3238//3238 5036//5036
f 3237//3237 5036//5036 5035//5035
f 3238//3238 2687//2687 3242//3242
f 3238//3238 3242//3242 5036//5036
f 5036//5036 3242//3242 3243//3243
f 5036//5036 3243//3243 5039//5039
f 5039//5039 3243//3243 3244//3244
f 5039//5039 3244//3244 5042//5042
f 5042//5042 3244//3244 2689//2689
f 5042//5042 2689//2689 3230//3230
f 5041//5041 5042//5042 3230//3230
f 5041//5041 3230//3230 3231//3231
f 5040//5040 5041//5041 3231//3231
f 5040//5040 3231//3231 3232//3232
f 2945//2945 5040//5040 3232//3232
f 2945//2945 3232//3232 2685//2685
f 2946//2946 5037//5037 5040//5040
f 2946//2946 5040//5040 2945//2945
f 2947//2947 5034//5034 5037//5037
f 2947//2947 5037//5037 2946//2946
f 5043//5043 5044//5044 5047//5047
f 5043//5043 5047//5047 5046//5046
f 5044//5044 5045//5045 5048//5048
f 5044//5044 5048//5048 5047//5047
f 5046//5046 5047//5047 5050//5050
f 5046//5046 5050//5050 5049//5049
f 5047//5047 5048//5048 5051//5051
f 5047//5047 5051//5051 5050//5050
f 2711//2711 3017//3017 5043//5043
f 2711//2711 5043//5043 3365//3365
f 3017//3017 3018//3018 5044//5044
f 3017//3017 5044//5044 5043//5043
f 3018//3018 3019//3019 5045//5045
f 3018//3018 5045//5045 5044//5044
f 3019//3019 2643//2643 3239//3239
f 3019//3019 3239//3239 5045//5045
f 5045//5045 3239//3239 3240//3240
f 5045//5045 3240//3240 5048//5048
f 5048//5048 3240//3240 3241//3241
f 5048//5048 3241//3241 5051//5051
f 5051//5051 3241//3241 2688//2688
f 5051//5051 2688//2688 3362//3362
f 5050//5050 5051//5051 3362//3362
f 5050//5050 3362//3362 3363//3363
f 5049//5049 5050//5050 3363//3363
f 5049//5049 3363//3363 3364//3364
f 3367//3367 5049//5049 3364//3364
f 3367//3367 3364//3364 2713//2713
f 3366//3366 5046//5046 5049//5049
f 3366//3366 5049//5049 3367//3367
f 3365//3365 5043//5043 5046//5046
f 3365//3365 5046//5046 3366//3366
f 5052//5052 5053//5053 5056//5056
f 5052//5052 5056//5056 5055//5055
f 5053//5053 5054//5054 5057//5057
f 5053//5053 5057//5057 5056//5056
f 5055//5055 5056//5056 5059//5059
f 5055//5055 5059//5059 5058//5058
f 5056//5056 5057//5057 5060//5060
f 5056//5056 5060//5060 5059//5059
f 2646//2646 3028//3028 5052//5052
f 2646//2646 5052//5052 3482//3482
f 3028//3028 3027//3027 5053//5053
f 3028//3028 5053//5053 5052//5052
f 3027//3027 3026//3026 5054//5054
f 3027//3027 5054//5054 5053//5053
f 3026//3026 2703//2703 3494//3494
f 3026//3026 3494//3494 5054//5054
f 5054//5054 3494//3494 3495//3495
f 5054//5054 3495//3495 5057//5057
f 5057//5057 3495//3495 3496//3496
f 5057//5057 3496//3496 5060//5060
f 5060//5060 3496//3496 2733//2733
f 5060//5060 2733//2733 3505//3505
f 5059//5059 5060//5060 3505//3505
f 5059//5059 3505//3505 3504//3504
f 5058//5058 5059//5059 3504//3504
f 5058//5058 3504//3504 3503//3503
f 3484//3484 5058//5058 3503//3503
f 3484//3484 3503//3503 2729//2729
f 3483//3483 5055//5055 5058//5058
f 3483//3483 5058//5058 3484//3484
f 3482//3482 5052//5052 5055//5055
f 3482//3482 5055//5055 3483//3483
f 5061//5061 5062//5062 5065//5065
f 5061//5061 5065//5065 5064//5064
f 5062//5062 5063//5063 5066//5066
f 5062//5062 5066//5066 5065//5065
f 5064//5064 5065//5065 5068//5068
f 5064//5064 5068//5068 5067//5067
f 5065//5065 5066//5066 5069//5069
f 5065//5065 5069//5069 5068//5068
f 2757//2757 3251//3251 5061//5061
f 2757//2757 5061//5061 3710//3710
f 3251//3251 3252//3252 5062//5062
f 3251//3251 5062//5062 5061//5061
f 3252//3252 3253//3253 5063//5063
f 3252//3252 5063//5063 5062//5062
f 3253//3253 2690//2690 3269//3269
f 3253//3253 3269//3269 5063//5063
f 5063//5063 3269//3269 3270//3270
f 5063//5063 3270//3270 5066//5066
f 5066//5066 3270//3270 3271//3271
f 5066//5066 3271//3271 5069//5069
f 5069//5069 3271//3271 2695//2695
f 5069//5069 2695//2695 3668//3668
f 5068//5068 5069//5069 3668//3668
f 5068//5068 3668//3668 3669//3669
f 5067//5067 5068//5068 3669//3669
f 5067//5067 3669//3669 3670//3670
f 3712//3712 5067//5067 3670//3670
f 3712//3712 3670//3670 2763//2763
f 3711//3711 5064//5064 5067//5067
f 3711//3711 5067//5067 3712//3712
f 3710//3710 5061//5061 5064//5064
f 3710//3710 5064//5064 3711//3711
f 5070//5070 5071//5071 5074//5074
f 5070//5070 5074//5074 5073//5073
f 5071//5071 5072//5072 5075//5075
f 5071//5071 5075//5075 5074//5074
f 5073//5073 5074//5074 5077//5077
f 5073//5073 5077//5077 5076//5076
f 5074//5074 5075//5075 5078//5078
f 5074//5074 5078//5078 5077//5077
f 2766//2766 3709//3709 5070//5070
f 2766//2766 5070//5070 3545//3545
f 3709//3709 3708//3708 5071//5071
f 3709//3709 5071//5071 5070//5070
f 3708//3708 3707//3707 5072//5072
f 3708//3708 5072//5072 5071//5071
f 3707//3707 2762//2762 3667//3667
f 3707//3707 3667//3667 5072//5072
f 5072//5072 3667//3667 3666//3666
f 5072//5072 3666//3666 5075//5075
f 5075//5075 3666//3666 3665//3665
f 5075//5075 3665//3665 5078//5078
f 5078//5078 3665//3665 2694//2694
f 5078//5078 2694//2694 3527//3527
f 5077//5077 5078//5078 3527//3527
f 5077//5077 3527//3527 3528//3528
f 5076//5076 5077//5077 3528//3528
f 5076//5076 3528//3528 3529//3529
f 3547//3547 5076//5076 3529//3529
f 3547//3547 3529//3529 2736//2736
f 3546//3546 5073//5073 5076//5076
f 3546//3546 5076//5076 3547//3547
f 3545//3545 5070//5070 5073//5073
f 3545//3545 5073//5073 3546//3546
f 5079//5079 5080//5080 5083//5083
f 5079//5079 5083//5083 5082//5082
f 5080//5080 5081//5081 5084//5084
f 5080//5080 5084//5084 5083//5083
f 5082//5082 5083//5083 5086//5086
f 5082//5082 5086//5086 5085//5085
f 5083//5083 5084//5084 5087//5087
f 5083//5083 5087//5087 5086//5086
f 2635//2635 3388//3388 5079//5079
f 2635//2635 5079//5079 3718//3718
f 3388//3388 3387//3387 5080//5080
f 3388//3388 5080//5080 5079//5079
f 3387//3387 3386//3386 5081//5081
f 3387//3387 5081//5081 5080//5080
f 3386//3386 2636//2636 3308//3308
f 3386//3386 3308//3308 5081//5081
f 5081//5081 3308//3308 3309//3309
f 5081//5081 3309//3309 5084//5084
f 5084//5084 3309//3309 3310//3310
f 5084//5084 3310//3310 5087//5087
f 5087//5087 3310//3310 2770//2770
f 5087//5087 2770//2770 3469//3469
f 5086//5086 5087//5087 3469//3469
f 5086//5086 3469//3469 3468//3468
f 5085//5085 5086//5086 3468//3468
f 5085//5085 3468//3468 3467//3467
f 3716//3716 5085//5085 3467//3467
f 3716//3716 3467//3467 2727//2727
f 3717//3717 5082//5082 5085//5085
f 3717//3717 5085//5085 3716//3716
f 3718//3718 5079//5079 5082//5082
f 3718//3718 5082//5082 3717//3717
f 5088//5088 5089//5089 5092//5092
f 5088//5088 5092//5092 5091//5091
f 5089//5089 5090//5090 5093//5093
f 5089//5089 5093//5093 5092//5092
f 5091//5091 5092//5092 5095//5095
f 5091//5091 5095//5095 5094//5094
f 5092//5092 5093//5093 5096//5096
f 5092//5092 5096//5096 5095//5095
f 2718//2718 2948//2948 5088//5088
f 2718//2718 5088//5088 3430//3430
f 2948//2948 2949//2949 5089//5089
f 2948//2948 5089//5089 5088//5088
f 2949//2949 2950//2950 5090//5090
f 2949//2949 5090//5090 5089//5089
f 2950//2950 2630//2630 3383//3383
f 2950//2950 3383//3383 5090//5090
f 5090//5090 3383//3383 3384//3384
f 5090//5090 3384//3384 5093//5093
f 5093//5093 3384//3384 3385//3385
f 5093//5093 3385//3385 5096//5096
f 5096//5096 3385//3385 2634//2634
f 5096//5096 2634//2634 3413//3413
f 5095//5095 5096//5096 3413//3413
f 5095//5095 3413//3413 3414//3414
f 5094//5094 5095//5095 3414//3414
f 5094//5094 3414//3414 3415//3415
f 3428//3428 5094//5094 3415//3415
f 3428//3428 3415//3415 2719//2719
f 3429//3429 5091//5091 5094//5094
f 3429//3429 5094//5094 3428//3428
f 3430//3430 5088//5088 5091//5091
f 3430//3430 5091//5091 3429//3429
f 5097//5097 5098//5098 5101//5101
f 5097//5097 5101//5101 5100//5100
f 5098//5098 5099//5099 5102//5102
f 5098//5098 5102//5102 5101//5101
f 5100//5100 5101//5101 5104//5104
f 5100//5100 5104//5104 5103//5103
f 5101//5101 5102//5102 5105//5105
f 5101//5101 5105//5105 5104//5104
f 2768//2768 3682//3682 5097//5097
f 2768//2768 5097//5097 3701//3701
f 3682//3682 3681//3681 5098//5098
f 3682//3682 5098//5098 5097//5097
f 3681//3681 3680//3680 5099//5099
f 3681//3681 5099//5099 5098//5098
f 3680//3680 2750//2750 3281//3281
f 3680//3680 3281//3281 5099//5099
f 5099//5099 3281//3281 3282//3282
f 5099//5099 3282//3282 5102//5102
f 5102//5102 3282//3282 3283//3283
f 5102//5102 3283//3283 5105//5105
f 5105//5105 3283//3283 2690//2690
f 5105//5105 2690//2690 3253//3253
f 5104//5104 5105//5105 3253//3253
f 5104//5104 3253//3253 3252//3252
f 5103//5103 5104//5104 3252//3252
f 5103//5103 3252//3252 3251//3251
f 3703//3703 5103//5103 3251//3251
f 3703//3703 3251//3251 2757//2757
f 3702//3702 5100//5100 5103//5103
f 3702//3702 5103//5103 3703//3703
f 3701//3701 5097//5097 5100//5100
f 3701//3701 5100//5100 3702//3702
f 5106//5106 5107//5107 5110//5110
f 5106//5106 5110//5110 5109//5109
f 5107//5107 5108//5108 5111//5111
f 5107//5107 5111//5111 5110//5110
f 5109//5109 5110//5110 5113//5113
f 5109//5109 5113//5113 5112//5112
f 5110//5110 5111//5111 5114//5114
f 5110//5110 5114//5114 5113//5113
f 2763//2763 3670//3670 5106//5106
f 2763//2763 5106//5106 3698//3698
f 3670//3670 3669//3669 5107//5107
f 3670//3670 5107//5107 5106//5106
f 3669//3669 3668//3668 5108//5108
f 3669//3669 5108//5108 5107//5107
f 3668//3668 2695//2695 3284//3284
f 3668//3668 3284//3284 5108//5108
f 5108//5108 3284//3284 3285//3285
f 5108//5108 3285//3285 5111//5111
f 5111//5111 3285//3285 3286//3286
f 5111//5111 3286//3286 5114//5114
f 5114//5114 3286//3286 2691//2691
f 5114//5114 2691//2691 3256//3256
f 5113//5113 5114//5114 3256//3256
f 5113//5113 3256//3256 3255//3255
f 5112//5112 5113//5113 3255//3255
f 5112//5112 3255//3255 3254//3254
f 3700//3700 5112//5112 3254//3254
f 3700//3700 3254//3254 2758//2758
f 3699//3699 5109//5109 5112//5112
f 3699//3699 5112//5112 3700//3700
f 3698//3698 5106//5106 5109//5109
f 3698//3698 5109//5109 3699//3699
f 5115//5115 5116//5116 5119//5119
f 5115//5115 5119//5119 5118//5118
f 5116//5116 5117//5117 5120//5120
f 5116//5116 5120//5120 5119//5119
f 5118//5118 5119//5119 5122//5122
f 5118//5118 5122//5122 5121//5121
f 5119//5119 5120//5120 5123//5123
f 5119//5119 5123//5123 5122//5122
f 2685//2685 3232//3232 5115//5115
f 2685//2685 5115//5115 3223//3223
f 3232//3232 3231//3231 5116//5116
f 3232//3232 5116//5116 5115//5115
f 3231//3231 3230//3230 5117//5117
f 3231//3231 5117//5117 5116//5116
f 3230//3230 2689//2689 3296//3296
f 3230//3230 3296//3296 5117//5117
f 5117//5117 3296//3296 3297//3297
f 5117//5117 3297//3297 5120//5120
f 5120//5120 3297//3297 3298//3298
f 5120//5120 3298//3298 5123//5123
f 5123//5123 3298//3298 2701//2701
f 5123//5123 2701//2701 3299//3299
f 5122//5122 5123//5123 3299//3299
f 5122//5122 3299//3299 3300//3300
f 5121//5121 5122//5122 3300//3300
f 5121//5121 3300//3300 3301//3301
f 3221//3221 5121//5121 3301//3301
f 3221//3221 3301//3301 2700//2700
f 3222//3222 5118//5118 5121//5121
f 3222//3222 5121//5121 3221//3221
f 3223//3223 5115//5115 5118//5118
f 3223//3223 5118//5118 3222//3222
f 5124//5124 5125//5125 5128//5128
f 5124//5124 5128//5128 5127//5127
f 5125//5125 5126//5126 5129//5129
f 5125//5125 5129//5129 5128//5128
f 5127//5127 5128//5128 5131//5131
f 5127//5127 5131//5131 5130//5130
f 5128//5128 5129//5129 5132//5132
f 5128//5128 5132//5132 5131//5131
f 2732//2732 3493//3493 5124//5124
f 2732//2732 5124//5124 3520//3520
f 3493//3493 3492//3492 5125//5125
f 3493//3493 5125//5125 5124//5124
f 3492//3492 3491//3491 5126//5126
f 3492//3492 5126//5126 5125//5125
f 3491//3491 2746//2746 3599//3599
f 3491//3491 3599//3599 5126//5126
f 5126//5126 3599//3599 3600//3600
f 5126//5126 3600//3600 5129//5129
f 5129//5129 3600//3600 3601//3601
f 5129//5129 3601//3601 5132//5132
f 5132//5132 3601//3601 2742//2742
f 5132//5132 2742//2742 3565//3565
f 5131//5131 5132//5132 3565//3565
f 5131//5131 3565//3565 3564//3564
f 5130//5130 5131//5131 3564//3564
f 5130//5130 3564//3564 3563//3563
f 3518//3518 5130//5130 3563//3563
f 3518//3518 3563//3563 2731//2731
f 3519//3519 5127//5127 5130//5130
f 3519//3519 5130//5130 3518//3518
f 3520//3520 5124//5124 5127//5127
f 3520//3520 5127//5127 3519//3519
f 5133//5133 5134//5134 5137//5137
f 5133//5133 5137//5137 5136//5136
f 5134//5134 5135//5135 5138//5138
f 5134//5134 5138//5138 5137//5137
f 5136//5136 5137//5137 5140//5140
f 5136//5136 5140//5140 5139//5139
f 5137//5137 5138//5138 5141//5141
f 5137//5137 5141//5141 5140//5140
f 2732//2732 3464//3464 5133//5133
f 2732//2732 5133//5133 3508//3508
f 3464//3464 3465//3465 5134//5134
f 3464//3464 5134//5134 5133//5133
f 3465//3465 3466//3466 5135//5135
f 3465//3465 5135//5135 5134//5134
f 3466//3466 2727//2727 3013//3013
f 3466//3466 3013//3013 5135//5135
f 5135//5135 3013//3013 3012//3012
f 5135//5135 3012//3012 5138//5138
f 5138//5138 3012//3012 3011//3011
f 5138//5138 3011//3011 5141//5141
f 5141//5141 3011//3011 2715//2715
f 5141//5141 2715//2715 3724//3724
f 5140//5140 5141//5141 3724//3724
f 5140//5140 3724//3724 3723//3723
f 5139//5139 5140//5140 3723//3723
f 5139//5139 3723//3723 3722//3722
f 3506//3506 5139//5139 3722//3722
f 3506//3506 3722//3722 2730//2730
f 3507//3507 5136//5136 5139//5139
f 3507//3507 5139//5139 3506//3506
f 3508//3508 5133//5133 5136//5136
f 3508//3508 5136//5136 3507//3507
f 5142//5142 5143//5143 5146//5146
f 5142//5142 5146//5146 5145//5145
f 5143//5143 5144//5144 5147//5147
f 5143//5143 5147//5147 5146//5146
f 5145//5145 5146//5146 5149//5149
f 5145//5145 5149//5149 5148//5148
f 5146//5146 5147//5147 5150//5150
f 5146//5146 5150//5150 5149//5149
f 2745//2745 3577//3577 5142//5142
f 2745//2745 5142//5142 3593//3593
f 3577//3577 3576//3576 5143//5143
f 3577//3577 5143//5143 5142//5142
f 3576//3576 3575//3575 5144//5144
f 3576//3576 5144//5144 5143//5143
f 3575//3575 2686//2686 3287//3287
f 3575//3575 3287//3287 5144//5144
f 5144//5144 3287//3287 3288//3288
f 5144//5144 3288//3288 5147//5147
f 5147//5147 3288//3288 3289//3289
f 5147//5147 3289//3289 5150//5150
f 5150//5150 3289//3289 2697//2697
f 5150//5150 2697//2697 3578//3578
f 5149//5149 5150//5150 3578//3578
f 5149//5149 3578//3578 3579//3579
f 5148//5148 5149//5149 3579//3579
f 5148//5148 3579//3579 3580//3580
f 3595//3595 5148//5148 3580//3580
f 3595//3595 3580//3580 2746//2746
f 3594//3594 5145//5145 5148//5148
f 3594//3594 5148//5148 3595//3595
f 3593//3593 5142//5142 5145//5145
f 3593//3593 5145//5145 3594//3594
f 5151//5151 5152//5152 5155//5155
f 5151//5151 5155//5155 5154//5154
f 5152//5152 5153//5153 5156//5156
f 5152//5152 5156//5156 5155//5155
f 5154//5154 5155//5155 5158//5158
f 5154//5154 5158//5158 5157//5157
f 5155//5155 5156//5156 5159//5159
f 5155//5155 5159//5159 5158//5158
f 2696//2696 3311//3311 5151//5151
f 2696//2696 5151//5151 2953//2953
f 3311//3311 3312//3312 5152//5152
f 3311//3311 5152//5152 5151//5151
f 3312//3312 3313//3313 5153//5153
f 3312//3312 5153//5153 5152//5152
f 3313//3313 2701//2701 3298//3298
f 3313//3313 3298//3298 5153//5153
f 5153//5153 3298//3298 3297//3297
f 5153//5153 3297//3297 5156//5156
f 5156//5156 3297//3297 3296//3296
f 5156//5156 3296//3296 5159//5159
f 5159//5159 3296//3296 2689//2689
f 5159//5159 2689//2689 3244//3244
f 5158//5158 5159//5159 3244//3244
f 5158//5158 3244//3244 3243//3243
f 5157//5157 5158//5158 3243//3243
f 5157//5157 3243//3243 3242//3242
f 2951//2951 5157//5157 3242//3242
f 2951//2951 3242//3242 2687//2687
f 2952//2952 5154//5154 5157//5157
f 2952//2952 5157//5157 2951//2951
f 2953//2953 5151//5151 5154//5154
f 2953//2953 5154//5154 2952//2952
f 5160//5160 5161//5161 5164//5164
f 5160//5160 5164//5164 5163//5163
f 5161//5161 5162//5162 5165//5165
f 5161//5161 5165//5165 5164//5164
f 5163//5163 5164//5164 5167//5167
f 5163//5163 5167//5167 5166//5166
f 5164//5164 5165//5165 5168//5168
f 5164//5164 5168//5168 5167//5167
f 2688//2688 3250//3250 5160//5160
f 2688//2688 5160//5160 3041//3041
f 3250//3250 3249//3249 5161//5161
f 3250//3250 5161//5161 5160//5160
f 3249//3249 3248//3248 5162//5162
f 3249//3249 5162//5162 5161//5161
f 3248//3248 2705//2705 3332//3332
f 3248//3248 3332//3332 5162//5162
f 5162//5162 3332//3332 3333//3333
f 5162//5162 3333//3333 5165//5165
f 5165//5165 3333//3333 3334//3334
f 5165//5165 3334//3334 5168//5168
f 5168//5168 3334//3334 2707//2707
f 5168//5168 2707//2707 3331//3331
f 5167//5167 5168//5168 3331//3331
f 5167//5167 3331//3331 3330//3330
f 5166//5166 5167//5167 3330//3330
f 5166//5166 3330//3330 3329//3329
f 3043//3043 5166//5166 3329//3329
f 3043//3043 3329//3329 2644//2644
f 3042//3042 5163//5163 5166//5166
f 3042//3042 5166//5166 3043//3043
f 3041//3041 5160//5160 5163//5163
f 3041//3041 5163//5163 3042//3042
f 5169//5169 5170//5170 5173//5173
f 5169//5169 5173//5173 5172//5172
f 5170//5170 5171//5171 5174//5174
f 5170//5170 5174//5174 5173//5173
f 5172//5172 5173//5173 5176//5176
f 5172//5172 5176//5176 5175//5175
f 5173//5173 5174//5174 5177//5177
f 5173//5173 5177//5177 5176//5176
f 2748//2748 3631//3631 5169//5169
f 2748//2748 5169//5169 3038//3038
f 3631//3631 3630//3630 5170//5170
f 3631//3631 5170//5170 5169//5169
f 3630//3630 3629//3629 5171//5171
f 3630//3630 5171//5171 5170//5170
f 3629//3629 2752//2752 3335//3335
f 3629//3629 3335//3335 5171//5171
f 5171//5171 3335//3335 3336//3336
f 5171//5171 3336//3336 5174//5174
f 5174//5174 3336//3336 3337//3337
f 5174//5174 3337//3337 5177//5177
f 5177//5177 3337//3337 2706//2706
f 5177//5177 2706//2706 3328//3328
f 5176//5176 5177//5177 3328//3328
f 5176//5176 3328//3328 3327//3327
f 5175//5175 5176//5176 3327//3327
f 5175//5175 3327//3327 3326//3326
f 3040//3040 5175//5175 3326//3326
f 3040//3040 3326//3326 2643//2643
f 3039//3039 5172//5172 5175//5175
f 3039//3039 5175//5175 3040//3040
f 3038//3038 5169//5169 5172//5172
f 3038//3038 5172//5172 3039//3039
f 5178//5178 5179//5179 5182//5182
f 5178//5178 5182//5182 5181//5181
f 5179//5179 5180//5180 5183//5183
f 5179//5179 5183//5183 5182//5182
f 5181//5181 5182//5182 5185//5185
f 5181//5181 5185//5185 5184//5184
f 5182//5182 5183//5183 5186//5186
f 5182//5182 5186//5186 5185//5185
f 2764//2764 3472//3472 5178//5178
f 2764//2764 5178//5178 3721//3721
f 3472//3472 3471//3471 5179//5179
f 3472//3472 5179//5179 5178//5178
f 3471//3471 3470//3470 5180//5180
f 3471//3471 5180//5180 5179//5179
f 3470//3470 2769//2769 3395//3395
f 3470//3470 3395//3395 5180//5180
f 5180//5180 3395//3395 3396//3396
f 5180//5180 3396//3396 5183//5183
f 5183//5183 3396//3396 3397//3397
f 5183//5183 3397//3397 5186//5186
f 5186//5186 3397//3397 2716//2716
f 5186//5186 2716//2716 3406//3406
f 5185//5185 5186//5186 3406//3406
f 5185//5185 3406//3406 3405//3405
f 5184//5184 5185//5185 3405//3405
f 5184//5184 3405//3405 3404//3404
f 3719//3719 5184//5184 3404//3404
f 3719//3719 3404//3404 2725//2725
f 3720//3720 5181//5181 5184//5184
f 3720//3720 5184//5184 3719//3719
f 3721//3721 5178//5178 5181//5181
f 3721//3721 5181//5181 3720//3720
f 5187//5187 5188//5188 5191//5191
f 5187//5187 5191//5191 5190//5190
f 5188//5188 5189//5189 5192//5192
f 5188//5188 5192//5192 5191//5191
f 5190//5190 5191//5191 5194//5194
f 5190//5190 5194//5194 5193//5193
f 5191//5191 5192//5192 5195//5195
f 5191//5191 5195//5195 5194//5194
f 2718//2718 3548//3548 5187//5187
f 2718//2718 5187//5187 2948//2948
f 3548//3548 3549//3549 5188//5188
f 3548//3548 5188//5188 5187//5187
f 3549//3549 3550//3550 5189//5189
f 3549//3549 5189//5189 5188//5188
f 3550//3550 2737//2737 3305//3305
f 3550//3550 3305//3305 5189//5189
f 5189//5189 3305//3305 3306//3306
f 5189//5189 3306//3306 5192//5192
f 5192//5192 3306//3306 3307//3307
f 5192//5192 3307//3307 5195//5195
f 5195//5195 3307//3307 2699//2699
f 5195//5195 2699//2699 3475//3475
f 5194//5194 5195//5195 3475//3475
f 5194//5194 3475//3475 3474//3474
f 5193//5193 5194//5194 3474//3474
f 5193//5193 3474//3474 3473//3473
f 2950//2950 5193//5193 3473//3473
f 2950//2950 3473//3473 2630//2630
f 2949//2949 5190//5190 5193//5193
f 2949//2949 5193//5193 2950//2950
f 2948//2948 5187//5187 5190//5190
f 2948//2948 5190//5190 2949//2949
f 5196//5196 5197//5197 5200//5200
f 5196//5196 5200//5200 5199//5199
f 5197//5197 5198//5198 5201//5201
f 5197//5197 5201//5201 5200//5200
f 5199//5199 5200//5200 5203//5203
f 5199//5199 5203//5203 5202//5202
f 5200//5200 5201//5201 5204//5204
f 5200//5200 5204//5204 5203//5203
f 2735//2735 3526//3526 5196//5196
f 2735//2735 5196//5196 3542//3542
f 3526//3526 3525//3525 5197//5197
f 3526//3526 5197//5197 5196//5196
f 3525//3525 3524//3524 5198//5198
f 3525//3525 5198//5198 5197//5197
f 3524//3524 2647//2647 3031//3031
f 3524//3524 3031//3031 5198//5198
f 5198//5198 3031//3031 3030//3030
f 5198//5198 3030//3030 5201//5201
f 5201//5201 3030//3030 3029//3029
f 5201//5201 3029//3029 5204//5204
f 5204//5204 3029//3029 2704//2704
f 5204//5204 2704//2704 3533//3533
f 5203//5203 5204//5204 3533//3533
f 5203//5203 3533//3533 3534//3534
f 5202//5202 5203//5203 3534//3534
f 5202//5202 3534//3534 3535//3535
f 3544//3544 5202//5202 3535//3535
f 3544//3544 3535//3535 2738//2738
f 3543//3543 5199//5199 5202//5202
f 3543//3543 5202//5202 3544//3544
f 3542//3542 5196//5196 5199//5199
f 3542//3542 5199//5199 3543//3543
f 5205//5205 5206//5206 5209//5209
f 5205//5205 5209//5209 5208//5208
f 5206//5206 5207//5207 5210//5210
f 5206//5206 5210//5210 5209//5209
f 5208//5208 5209//5209 5212//5212
f 5208//5208 5212//5212 5211//5211
f 5209//5209 5210//5210 5213//5213
f 5209//5209 5213//5213 5212//5212
f 2643//2643 3326//3326 5205//5205
f 2643//2643 5205//5205 3239//3239
f 3326//3326 3327//3327 5206//5206
f 3326//3326 5206//5206 5205//5205
f 3327//3327 3328//3328 5207//5207
f 3327//3327 5207//5207 5206//5206
f 3328//3328 2706//2706 3344//3344
f 3328//3328 3344//3344 5207//5207
f 5207//5207 3344//3344 3345//3345
f 5207//5207 3345//3345 5210//5210
f 5210//5210 3345//3345 3346//3346
f 5210//5210 3346//3346 5213//5213
f 5213//5213 3346//3346 2705//2705
f 5213//5213 2705//2705 3248//3248
f 5212//5212 5213//5213 3248//3248
f 5212//5212 3248//3248 3249//3249
f 5211//5211 5212//5212 3249//3249
f 5211//5211 3249//3249 3250//3250
f 3241//3241 5211//5211 3250//3250
f 3241//3241 3250//3250 2688//2688
f 3240//3240 5208//5208 5211//5211
f 3240//3240 5211//5211 3241//3241
f 3239//3239 5205//5205 5208//5208
f 3239//3239 5208//5208 3240//3240
f 5214//5214 5215//5215 5218//5218
f 5214//5214 5218//5218 5217//5217
f 5215//5215 5216//5216 5219//5219
f 5215//5215 5219//5219 5218//5218
f 5217//5217 5218//5218 5221//5221
f 5217//5217 5221//5221 5220//5220
f 5218//5218 5219//5219 5222//5222
f 5218//5218 5222//5222 5221//5221
f 2774//2774 3356//3356 5214//5214
f 2774//2774 5214//5214 2938//2938
f 3356//3356 3357//3357 5215//5215
f 3356//3356 5215//5215 5214//5214
f 3357//3357 3358//3358 5216//5216
f 3357//3357 5216//5216 5215//5215
f 3358//3358 2711//2711 3365//3365
f 3358//3358 3365//3365 5216//5216
f 5216//5216 3365//3365 3366//3366
f 5216//5216 3366//3366 5219//5219
f 5219//5219 3366//3366 3367//3367
f 5219//5219 3367//3367 5222//5222
f 5222//5222 3367//3367 2713//2713
f 5222//5222 2713//2713 3245//3245
f 5221//5221 5222//5222 3245//3245
f 5221//5221 3245//3245 3246//3246
f 5220//5220 5221//5221 3246//3246
f 5220//5220 3246//3246 3247//3247
f 2936//2936 5220//5220 3247//3247
f 2936//2936 3247//3247 2841//2841
f 2937//2937 5217//5217 5220//5220
f 2937//2937 5220//5220 2936//2936
f 2938//2938 5214//5214 5217//5217
f 2938//2938 5217//5217 2937//2937
f 5223//5223 5224//5224 5227//5227
f 5223//5223 5227//5227 5226//5226
f 5224//5224 5225//5225 5228//5228
f 5224//5224 5228//5228 5227//5227
f 5226//5226 5227//5227 5230//5230
f 5226//5226 5230//5230 5229//5229
f 5227//5227 5228//5228 5231//5231
f 5227//5227 5231//5231 5230//5230
f 2841//2841 3247//3247 5223//5223
f 2841//2841 5223//5223 3235//3235
f 3247//3247 3246//3246 5224//5224
f 3247//3247 5224//5224 5223//5223
f 3246//3246 3245//3245 5225//5225
f 3246//3246 5225//5225 5224//5224
f 3245//3245 2713//2713 3368//3368
f 3245//3245 3368//3368 5225//5225
f 5225//5225 3368//3368 3369//3369
f 5225//5225 3369//3369 5228//5228
f 5228//5228 3369//3369 3370//3370
f 5228//5228 3370//3370 5231//5231
f 5231//5231 3370//3370 2712//2712
f 5231//5231 2712//2712 3361//3361
f 5230//5230 5231//5231 3361//3361
f 5230//5230 3361//3361 3360//3360
f 5229//5229 5230//5230 3360//3360
f 5229//5229 3360//3360 3359//3359
f 3233//3233 5229//5229 3359//3359
f 3233//3233 3359//3359 2775//2775
f 3234//3234 5226//5226 5229//5229
f 3234//3234 5229//5229 3233//3233
f 3235//3235 5223//5223 5226//5226
f 3235//3235 5226//5226 3234//3234
f 5232//5232 5233//5233 5236//5236
f 5232//5232 5236//5236 5235//5235
f 5233//5233 5234//5234 5237//5237
f 5233//5233 5237//5237 5236//5236
f 5235//5235 5236//5236 5239//5239
f 5235//5235 5239//5239 5238//5238
f 5236//5236 5237//5237 5240//5240
f 5236//5236 5240//5240 5239//5239
f 2906//2906 3628//3628 5232//5232
f 2906//2906 5232//5232 3607//3607
f 3628//3628 3627//3627 5233//5233
f 3628//3628 5233//5233 5232//5232
f 3627//3627 3626//3626 5234//5234
f 3627//3627 5234//5234 5233//5233
f 3626//3626 2753//2753 3371//3371
f 3626//3626 3371//3371 5234//5234
f 5234//5234 3371//3371 3372//3372
f 5234//5234 3372//3372 5237//5237
f 5237//5237 3372//3372 3373//3373
f 5237//5237 3373//3373 5240//5240
f 5240//5240 3373//3373 2711//2711
f 5240//5240 2711//2711 3358//3358
f 5239//5239 5240//5240 3358//3358
f 5239//5239 3358//3358 3357//3357
f 5238//5238 5239//5239 3357//3357
f 5238//5238 3357//3357 3356//3356
f 3605//3605 5238//5238 3356//3356
f 3605//3605 3356//3356 2774//2774
f 3606//3606 5235//5235 5238//5238
f 3606//3606 5238//5238 3605//3605
f 3607//3607 5232//5232 5235//5235
f 3607//3607 5235//5235 3606//3606
f 5241//5241 5242//5242 5245//5245
f 5241//5241 5245//5245 5244//5244
f 5242//5242 5243//5243 5246//5246
f 5242//5242 5246//5246 5245//5245
f 5244//5244 5245//5245 5248//5248
f 5244//5244 5248//5248 5247//5247
f 5245//5245 5246//5246 5249//5249
f 5245//5245 5249//5249 5248//5248
f 2760//2760 2983//2983 5241//5241
f 2760//2760 5241//5241 3713//3713
f 2983//2983 2982//2982 5242//5242
f 2983//2983 5242//5242 5241//5241
f 2982//2982 2981//2981 5243//5243
f 2982//2982 5243//5243 5242//5242
f 2981//2981 2717//2717 3403//3403
f 2981//2981 3403//3403 5243//5243
f 5243//5243 3403//3403 3402//3402
f 5243//5243 3402//3402 5246//5246
f 5246//5246 3402//3402 3401//3401
f 5246//5246 3401//3401 5249//5249
f 5249//5249 3401//3401 2714//2714
f 5249//5249 2714//2714 3391//3391
f 5248//5248 5249//5249 3391//3391
f 5248//5248 3391//3391 3390//3390
f 5247//5247 5248//5248 3390//3390
f 5247//5247 3390//3390 3389//3389
f 3715//3715 5247//5247 3389//3389
f 3715//3715 3389//3389 2770//2770
f 3714//3714 5244//5244 5247//5247
f 3714//3714 5247//5247 3715//3715
f 3713//3713 5241//5241 5244//5244
f 3713//3713 5244//5244 3714//3714
f 5250//5250 5251//5251 5254//5254
f 5250//5250 5254//5254 5253//5253
f 5251//5251 5252//5252 5255//5255
f 5251//5251 5255//5255 5254//5254
f 5253//5253 5254//5254 5257//5257
f 5253//5253 5257//5257 5256//5256
f 5254//5254 5255//5255 5258//5258
f 5254//5254 5258//5258 5257//5257
f 2891//2891 2972//2972 5250//5250
f 2891//2891 5250//5250 3539//3539
f 2972//2972 2973//2973 5251//5251
f 2972//2972 5251//5251 5250//5250
f 2973//2973 2974//2974 5252//5252
f 2973//2973 5252//5252 5251//5251
f 2974//2974 2786//2786 2977//2977
f 2974//2974 2977//2977 5252//5252
f 5252//5252 2977//2977 2976//2976
f 5252//5252 2976//2976 5255//5255
f 5255//5255 2976//2976 2975//2975
f 5255//5255 2975//2975 5258//5258
f 5258//5258 2975//2975 2710//2710
f 5258//5258 2710//2710 3536//3536
f 5257//5257 5258//5258 3536//3536
f 5257//5257 3536//3536 3537//3537
f 5256//5256 5257//5257 3537//3537
f 5256//5256 3537//3537 3538//3538
f 3541//3541 5256//5256 3538//3538
f 3541//3541 3538//3538 2739//2739
f 3540//3540 5253//5253 5256//5256
f 3540//3540 5256//5256 3541//3541
f 3539//3539 5250//5250 5253//5253
f 3539//3539 5253//5253 3540//3540
f 5259//5259 5260//5260 5263//5263
f 5259//5259 5263//5263 5262//5262
f 5260//5260 5261//5261 5264//5264
f 5260//5260 5264//5264 5263//5263
f 5262//5262 5263//5263 5266//5266
f 5262//5262 5266//5266 5265//5265
f 5263//5263 5264//5264 5267//5267
f 5263//5263 5267//5267 5266//5266
f 2760//2760 3277//3277 5259//5259
f 2760//2760 5259//5259 2983//2983
f 3277//3277 3276//3276 5260//5260
f 3277//3277 5260//5260 5259//5259
f 3276//3276 3275//3275 5261//5261
f 3276//3276 5261//5261 5260//5260
f 3275//3275 2764//2764 3721//3721
f 3275//3275 3721//3721 5261//5261
f 5261//5261 3721//3721 3720//3720
f 5261//5261 3720//3720 5264//5264
f 5264//5264 3720//3720 3719//3719
f 5264//5264 3719//3719 5267//5267
f 5267//5267 3719//3719 2725//2725
f 5267//5267 2725//2725 3442//3442
f 5266//5266 5267//5267 3442//3442
f 5266//5266 3442//3442 3441//3441
f 5265//5265 5266//5266 3441//3441
f 5265//5265 3441//3441 3440//3440
f 2981//2981 5265//5265 3440//3440
f 2981//2981 3440//3440 2717//2717
f 2982//2982 5262//5262 5265//5265
f 2982//2982 5265//5265 2981//2981
f 2983//2983 5259//5259 5262//5262
f 2983//2983 5262//5262 2982//2982
f 5268//5268 5269//5269 5272//5272
f 5268//5268 5272//5272 5271//5271
f 5269//5269 5270//5270 5273//5273
f 5269//5269 5273//5273 5272//5272
f 5271//5271 5272//5272 5275//5275
f 5271//5271 5275//5275 5274//5274
f 5272//5272 5273//5273 5276//5276
f 5272//5272 5276//5276 5275//5275
f 2718//2718 3430//3430 5268//5268
f 2718//2718 5268//5268 3412//3412
f 3430//3430 3429//3429 5269//5269
f 3430//3430 5269//5269 5268//5268
f 3429//3429 3428//3428 5270//5270
f 3429//3429 5270//5270 5269//5269
f 3428//3428 2719//2719 2984//2984
f 3428//3428 2984//2984 5270//5270
f 5270//5270 2984//2984 2985//2985
f 5270//5270 2985//2985 5273//5273
f 5273//5273 2985//2985 2986//2986
f 5273//5273 2986//2986 5276//5276
f 5276//5276 2986//2986 2636//2636
f 5276//5276 2636//2636 3386//3386
f 5275//5275 5276//5276 3386//3386
f 5275//5275 3386//3386 3387//3387
f 5274//5274 5275//5275 3387//3387
f 5274//5274 3387//3387 3388//3388
f 3410//3410 5274//5274 3388//3388
f 3410//3410 3388//3388 2635//2635
f 3411//3411 5271//5271 5274//5274
f 3411//3411 5274//5274 3410//3410
f 3412//3412 5268//5268 5271//5271
f 3412//3412 5271//5271 3411//3411
f 5277//5277 5278//5278 5281//5281
f 5277//5277 5281//5281 5280//5280
f 5278//5278 5279//5279 5282//5282
f 5278//5278 5282//5282 5281//5281
f 5280//5280 5281//5281 5284//5284
f 5280//5280 5284//5284 5283//5283
f 5281//5281 5282//5282 5285//5285
f 5281//5281 5285//5285 5284//5284
f 2770//2770 3389//3389 5277//5277
f 2770//2770 5277//5277 3469//3469
f 3389//3389 3390//3390 5278//5278
f 3389//3389 5278//5278 5277//5277
f 3390//3390 3391//3391 5279//5279
f 3390//3390 5279//5279 5278//5278
f 3391//3391 2714//2714 3407//3407
f 3391//3391 3407//3407 5279//5279
f 5279//5279 3407//3407 3408//3408
f 5279//5279 3408//3408 5282//5282
f 5282//5282 3408//3408 3409//3409
f 5282//5282 3409//3409 5285//5285
f 5285//5285 3409//3409 2715//2715
f 5285//5285 2715//2715 3011//3011
f 5284//5284 5285//5285 3011//3011
f 5284//5284 3011//3011 3012//3012
f 5283//5283 5284//5284 3012//3012
f 5283//5283 3012//3012 3013//3013
f 3467//3467 5283//5283 3013//3013
f 3467//3467 3013//3013 2727//2727
f 3468//3468 5280//5280 5283//5283
f 3468//3468 5283//5283 3467//3467
f 3469//3469 5277//5277 5280//5280
f 3469//3469 5280//5280 3468//3468
f 5286//5286 5287//5287 5290//5290
f 5286//5286 5290//5290 5289//5289
f 5287//5287 5288//5288 5291//5291
f 5287//5287 5291//5291 5290//5290
f 5289//5289 5290//5290 5293//5293
f 5289//5289 5293//5293 5292//5292
f 5290//5290 5291//5291 5294//5294
f 5290//5290 5294//5294 5293//5293
f 2634//2634 2998//2998 5286//5286
f 2634//2634 5286//5286 3413//3413
f 2998//2998 2997//2997 5287//5287
f 2998//2998 5287//5287 5286//5286
f 2997//2997 2996//2996 5288//5288
f 2997//2997 5288//5288 5287//5287
f 2996//2996 2641//2641 3016//3016
f 2996//2996 3016//3016 5288//5288
f 5288//5288 3016//3016 3015//3015
f 5288//5288 3015//3015 5291//5291
f 5291//5291 3015//3015 3014//3014
f 5291//5291 3014//3014 5294//5294
f 5294//5294 3014//3014 2721//2721
f 5294//5294 2721//2721 3424//3424
f 5293//5293 5294//5294 3424//3424
f 5293//5293 3424//3424 3423//3423
f 5292//5292 5293//5293 3423//3423
f 5292//5292 3423//3423 3422//3422
f 3415//3415 5292//5292 3422//3422
f 3415//3415 3422//3422 2719//2719
f 3414//3414 5289//5289 5292//5292
f 3414//3414 5292//5292 3415//3415
f 3413//3413 5286//5286 5289//5289
f 3413//3413 5289//5289 3414//3414
f 5295//5295 5296//5296 5299//5299
f 5295//5295 5299//5299 5298//5298
f 5296//5296 5297//5297 5300//5300
f 5296//5296 5300//5300 5299//5299
f 5298//5298 5299//5299 5302//5302
f 5298//5298 5302//5302 5301//5301
f 5299//5299 5300//5300 5303//5303
f 5299//5299 5303//5303 5302//5302
f 2724//2724 3439//3439 5295//5295
f 2724//2724 5295//5295 3448//3448
f 3439//3439 3438//3438 5296//5296
f 3439//3439 5296//5296 5295//5295
f 3438//3438 3437//3437 5297//5297
f 3438//3438 5297//5297 5296//5296
f 3437//3437 2638//2638 3416//3416
f 3437//3437 3416//3416 5297//5297
f 5297//5297 3416//3416 3417//3417
f 5297//5297 3417//3417 5300//5300
f 5300//5300 3417//3417 3418//3418
f 5300//5300 3418//3418 5303//5303
f 5303//5303 3418//3418 2720//2720
f 5303//5303 2720//2720 3427//3427
f 5302//5302 5303//5303 3427//3427
f 5302//5302 3427//3427 3426//3426
f 5301//5301 5302//5302 3426//3426
f 5301//5301 3426//3426 3425//3425
f 3446//3446 5301//5301 3425//3425
f 3446//3446 3425//3425 2726//2726
f 3447//3447 5298//5298 5301//5301
f 3447//3447 5301//5301 3446//3446
f 3448//3448 5295//5295 5298//5298
f 3448//3448 5298//5298 3447//3447
f 5304//5304 5305//5305 5308//5308
f 5304//5304 5308//5308 5307//5307
f 5305//5305 5306//5306 5309//5309
f 5305//5305 5309//5309 5308//5308
f 5307//5307 5308//5308 5311//5311
f 5307//5307 5311//5311 5310//5310
f 5308//5308 5309//5309 5312//5312
f 5308//5308 5312//5312 5311//5311
f 2641//2641 3007//3007 5304//5304
f 2641//2641 5304//5304 3016//3016
f 3007//3007 3006//3006 5305//5305
f 3007//3007 5305//5305 5304//5304
f 3006//3006 3005//3005 5306//5306
f 3006//3006 5306//5306 5305//5305
f 3005//3005 2724//2724 3448//3448
f 3005//3005 3448//3448 5306//5306
f 5306//5306 3448//3448 3447//3447
f 5306//5306 3447//3447 5309//5309
f 5309//5309 3447//3447 3446//3446
f 5309//5309 3446//3446 5312//5312
f 5312//5312 3446//3446 2726//2726
f 5312//5312 2726//2726 3445//3445
f 5311//5311 5312//5312 3445//3445
f 5311//5311 3445//3445 3444//3444
f 5310//5310 5311//5311 3444//3444
f 5310//5310 3444//3444 3443//3443
f 3014//3014 5310//5310 3443//3443
f 3014//3014 3443//3443 2721//2721
f 3015//3015 5307//5307 5310//5310
f 3015//3015 5310//5310 3014//3014
f 3016//3016 5304//5304 5307//5307
f 3016//3016 5307//5307 3015//3015
f 5313//5313 5314//5314 5317//5317
f 5313//5313 5317//5317 5316//5316
f 5314//5314 5315//5315 5318//5318
f 5314//5314 5318//5318 5317//5317
f 5316//5316 5317//5317 5320//5320
f 5316//5316 5320//5320 5319//5319
f 5317//5317 5318//5318 5321//5321
f 5317//5317 5321//5321 5320//5320
f 2717//2717 3440//3440 5313//5313
f 2717//2717 5313//5313 3400//3400
f 3440//3440 3441//3441 5314//5314
f 3440//3440 5314//5314 5313//5313
f 3441//3441 3442//3442 5315//5315
f 3441//3441 5315//5315 5314//5314
f 3442//3442 2725//2725 3454//3454
f 3442//3442 3454//3454 5315//5315
f 5315//5315 3454//3454 3453//3453
f 5315//5315 3453//3453 5318//5318
f 5318//5318 3453//3453 3452//3452
f 5318//5318 3452//3452 5321//5321
f 5321//5321 3452//3452 2723//2723
f 5321//5321 2723//2723 3436//3436
f 5320//5320 5321//5321 3436//3436
f 5320//5320 3436//3436 3435//3435
f 5319//5319 5320//5320 3435//3435
f 5319//5319 3435//3435 3434//3434
f 3398//3398 5319//5319 3434//3434
f 3398//3398 3434//3434 2642//2642
f 3399//3399 5316//5316 5319//5319
f 3399//3399 5319//5319 3398//3398
f 3400//3400 5313//5313 5316//5316
f 3400//3400 5316//5316 3399//3399
f 5322//5322 5323//5323 5326//5326
f 5322//5322 5326//5326 5325//5325
f 5323//5323 5324//5324 5327//5327
f 5323//5323 5327//5327 5326//5326
f 5325//5325 5326//5326 5329//5329
f 5325//5325 5329//5329 5328//5328
f 5326//5326 5327//5327 5330//5330
f 5326//5326 5330//5330 5329//5329
f 2721//2721 3443//3443 5322//5322
f 2721//2721 5322//5322 3421//3421
f 3443//3443 3444//3444 5323//5323
f 3443//3443 5323//5323 5322//5322
f 3444//3444 3445//3445 5324//5324
f 3444//3444 5324//5324 5323//5323
f 3445//3445 2726//2726 3457//3457
f 3445//3445 3457//3457 5324//5324
f 5324//5324 3457//3457 3456//3456
f 5324//5324 3456//3456 5327//5327
f 5327//5327 3456//3456 3455//3455
f 5327//5327 3455//3455 5330//5330
f 5330//5330 3455//3455 2722//2722
f 5330//5330 2722//2722 3433//3433
f 5329//5329 5330//5330 3433//3433
f 5329//5329 3433//3433 3432//3432
f 5328//5328 5329//5329 3432//3432
f 5328//5328 3432//3432 3431//3431
f 3419//3419 5328//5328 3431//3431
f 3419//3419 3431//3431 2640//2640
f 3420//3420 5325//5325 5328//5328
f 3420//3420 5328//5328 3419//3419
f 3421//3421 5322//5322 5325//5325
f 3421//3421 5325//5325 3420//3420
f 5331//5331 5332//5332 5335//5335
f 5331//5331 5335//5335 5334//5334
f 5332//5332 5333//5333 5336//5336
f 5332//5332 5336//5336 5335//5335
f 5334//5334 5335//5335 5338//5338
f 5334//5334 5338//5338 5337//5337
f 5335//5335 5336//5336 5339//5339
f 5335//5335 5339//5339 5338//5338
f 2715//2715 3394//3394 5331//5331
f 2715//2715 5331//5331 3724//3724
f 3394//3394 3393//3393 5332//5332
f 3394//3394 5332//5332 5331//5331
f 3393//3393 3392//3392 5333//5333
f 3393//3393 5333//5333 5332//5332
f 3392//3392 2629//2629 3727//3727
f 3392//3392 3727//3727 5333//5333
f 5333//5333 3727//3727 3726//3726
f 5333//5333 3726//3726 5336//5336
f 5336//5336 3726//3726 3725//3725
f 5336//5336 3725//3725 5339//5339
f 5339//5339 3725//3725 2728//2728
f 5339//5339 2728//2728 3512//3512
f 5338//5338 5339//5339 3512//3512
f 5338//5338 3512//3512 3513//3513
f 5337//5337 5338//5338 3513//3513
f 5337//5337 3513//3513 3514//3514
f 3722//3722 5337//5337 3514//3514
f 3722//3722 3514//3514 2730//2730
f 3723//3723 5334//5334 5337//5337
f 3723//3723 5337//5337 3722//3722
f 3724//3724 5331//5331 5334//5334
f 3724//3724 5334//5334 3723//3723
f 5340//5340 5341//5341 5344//5344
f 5340//5340 5344//5344 5343//5343
f 5341//5341 5342//5342 5345//5345
f 5341//5341 5345//5345 5344//5344
f 5343//5343 5344//5344 5347//5347
f 5343//5343 5347//5347 5346//5346
f 5344//5344 5345//5345 5348//5348
f 5344//5344 5348//5348 5347//5347
f 2722//2722 2993//2993 5340//5340
f 2722//2722 5340//5340 3451//3451
f 2993//2993 2994//2994 5341//5341
f 2993//2993 5341//5341 5340//5340
f 2994//2994 2995//2995 5342//5342
f 2994//2994 5342//5342 5341//5341
f 2995//2995 2639//2639 3290//3290
f 2995//2995 3290//3290 5342//5342
f 5342//5342 3290//3290 3291//3291
f 5342//5342 3291//3291 5345//5345
f 5345//5345 3291//3291 3292//3292
f 5345//5345 3292//3292 5348//5348
f 5348//5348 3292//3292 2769//2769
f 5348//5348 2769//2769 3470//3470
f 5347//5347 5348//5348 3470//3470
f 5347//5347 3470//3470 3471//3471
f 5346//5346 5347//5347 3471//3471
f 5346//5346 3471//3471 3472//3472
f 3449//3449 5346//5346 3472//3472
f 3449//3449 3472//3472 2764//2764
f 3450//3450 5343//5343 5346//5346
f 3450//3450 5346//5346 3449//3449
f 3451//3451 5340//5340 5343//5343
f 3451//3451 5343//5343 3450//3450
f 5349//5349 5350//5350 5353//5353
f 5349//5349 5353//5353 5352//5352
f 5350//5350 5351//5351 5354//5354
f 5350//5350 5354//5354 5353//5353
f 5352//5352 5353//5353 5356//5356
f 5352//5352 5356//5356 5355//5355
f 5353//5353 5354//5354 5357//5357
f 5353//5353 5357//5357 5356//5356
f 2902//2902 3479//3479 5349//5349
f 2902//2902 5349//5349 3590//3590
f 3479//3479 3480//3480 5350//5350
f 3479//3479 5350//5350 5349//5349
f 3480//3480 3481//3481 5351//5351
f 3480//3480 5351//5351 5350//5350
f 3481//3481 2884//2884 3500//3500
f 3481//3481 3500//3500 5351//5351
f 5351//5351 3500//3500 3501//3501
f 5351//5351 3501//3501 5354//5354
f 5354//5354 3501//3501 3502//3502
f 5354//5354 3502//3502 5357//5357
f 5357//5357 3502//3502 2734//2734
f 5357//5357 2734//2734 3569//3569
f 5356//5356 5357//5357 3569//3569
f 5356//5356 3569//3569 3570//3570
f 5355//5355 5356//5356 3570//3570
f 5355//5355 3570//3570 3571//3571
f 3592//3592 5355//5355 3571//3571
f 3592//3592 3571//3571 2744//2744
f 3591//3591 5352//5352 5355//5355
f 3591//3591 5355//5355 3592//3592
f 3590//3590 5349//5349 5352//5352
f 3590//3590 5352//5352 3591//3591
f 5358//5358 5359//5359 5362//5362
f 5358//5358 5362//5362 5361//5361
f 5359//5359 5360//5360 5363//5363
f 5359//5359 5363//5363 5362//5362
f 5361//5361 5362//5362 5365//5365
f 5361//5361 5365//5365 5364//5364
f 5362//5362 5363//5363 5366//5366
f 5362//5362 5366//5366 5365//5365
f 2741//2741 3562//3562 5358//5358
f 2741//2741 5358//5358 3587//3587
f 3562//3562 3561//3561 5359//5359
f 3562//3562 5359//5359 5358//5358
f 3561//3561 3560//3560 5360//5360
f 3561//3561 5360//5360 5359//5359
f 3560//3560 2729//2729 3503//3503
f 3560//3560 3503//3503 5360//5360
f 5360//5360 3503//3503 3504//3504
f 5360//5360 3504//3504 5363//5363
f 5363//5363 3504//3504 3505//3505
f 5363//5363 3505//3505 5366//5366
f 5366//5366 3505//3505 2733//2733
f 5366//5366 2733//2733 3566//3566
f 5365//5365 5366//5366 3566//3566
f 5365//5365 3566//3566 3567//3567
f 5364//5364 5365//5365 3567//3567
f 5364//5364 3567//3567 3568//3568
f 3589//3589 5364//5364 3568//3568
f 3589//3589 3568//3568 2743//2743
f 3588//3588 5361//5361 5364//5364
f 3588//3588 5364//5364 3589//3589
f 3587//3587 5358//5358 5361//5361
f 3587//3587 5361//5361 3588//3588
f 5367//5367 5368//5368 5371//5371
f 5367//5367 5371//5371 5370//5370
f 5368//5368 5369//5369 5372//5372
f 5368//5368 5372//5372 5371//5371
f 5370//5370 5371//5371 5374//5374
f 5370//5370 5374//5374 5373//5373
f 5371//5371 5372//5372 5375//5375
f 5371//5371 5375//5375 5374//5374
f 2698//2698 3461//3461 5367//5367
f 2698//2698 5367//5367 3260//3260
f 3461//3461 3462//3462 5368//5368
f 3461//3461 5368//5368 5367//5367
f 3462//3462 3463//3463 5369//5369
f 3462//3462 5369//5369 5368//5368
f 3463//3463 2732//2732 3520//3520
f 3463//3463 3520//3520 5369//5369
f 5369//5369 3520//3520 3519//3519
f 5369//5369 3519//3519 5372//5372
f 5372//5372 3519//3519 3518//3518
f 5372//5372 3518//3518 5375//5375
f 5375//5375 3518//3518 2731//2731
f 5375//5375 2731//2731 3490//3490
f 5374//5374 5375//5375 3490//3490
f 5374//5374 3490//3490 3489//3489
f 5373//5373 5374//5374 3489//3489
f 5373//5373 3489//3489 3488//3488
f 3262//3262 5373//5373 3488//3488
f 3262//3262 3488//3488 2693//2693
f 3261//3261 5370//5370 5373//5373
f 3261//3261 5373//5373 3262//3262
f 3260//3260 5367//5367 5370//5370
f 3260//3260 5370//5370 3261//3261
f 5376//5376 5377//5377 5380//5380
f 5376//5376 5380//5380 5379//5379
f 5377//5377 5378//5378 5381//5381
f 5377//5377 5381//5381 5380//5380
f 5379//5379 5380//5380 5383//5383
f 5379//5379 5383//5383 5382//5382
f 5380//5380 5381//5381 5384//5384
f 5380//5380 5384//5384 5383//5383
f 2767//2767 3694//3694 5376//5376
f 2767//2767 5376//5376 3584//3584
f 3694//3694 3693//3693 5377//5377
f 3694//3694 5377//5377 5376//5376
f 3693//3693 3692//3692 5378//5378
f 3693//3693 5378//5378 5377//5377
f 3692//3692 2765//2765 3509//3509
f 3692//3692 3509//3509 5378//5378
f 5378//5378 3509//3509 3510//3510
f 5378//5378 3510//3510 5381//5381
f 5381//5381 3510//3510 3511//3511
f 5381//5381 3511//3511 5384//5384
f 5384//5384 3511//3511 2731//2731
f 5384//5384 2731//2731 3563//3563
f 5383//5383 5384//5384 3563//3563
f 5383//5383 3563//3563 3564//3564
f 5382//5382 5383//5383 3564//3564
f 5382//5382 3564//3564 3565//3565
f 3586//3586 5382//5382 3565//3565
f 3586//3586 3565//3565 2742//2742
f 3585//3585 5379//5379 5382//5382
f 3585//3585 5382//5382 3586//3586
f 3584//3584 5376//5376 5379//5379
f 3584//3584 5379//5379 3585//3585
f 5385//5385 5386//5386 5389//5389
f 5385//5385 5389//5389 5388//5388
f 5386//5386 5387//5387 5390//5390
f 5386//5386 5390//5390 5389//5389
f 5388//5388 5389//5389 5392//5392
f 5388//5388 5392//5392 5391//5391
f 5389//5389 5390//5390 5393//5393
f 5389//5389 5393//5393 5392//5392
f 2744//2744 3571//3571 5385//5385
f 2744//2744 5385//5385 3581//3581
f 3571//3571 3570//3570 5386//5386
f 3571//3571 5386//5386 5385//5385
f 3570//3570 3569//3569 5387//5387
f 3570//3570 5387//5387 5386//5386
f 3569//3569 2734//2734 3515//3515
f 3569//3569 3515//3515 5387//5387
f 5387//5387 3515//3515 3516//3516
f 5387//5387 3516//3516 5390//5390
f 5390//5390 3516//3516 3517//3517
f 5390//5390 3517//3517 5393//5393
f 5393//5393 3517//3517 2729//2729
f 5393//5393 2729//2729 3560//3560
f 5392//5392 5393//5393 3560//3560
f 5392//5392 3560//3560 3561//3561
f 5391//5391 5392//5392 3561//3561
f 5391//5391 3561//3561 3562//3562
f 3583//3583 5391//5391 3562//3562
f 3583//3583 3562//3562 2741//2741
f 3582//3582 5388//5388 5391//5391
f 3582//3582 5391//5391 3583//3583
f 3581//3581 5385//5385 5388//5388
f 3581//3581 5388//5388 3582//3582
f 5394//5394 5395//5395 5398//5398
f 5394//5394 5398//5398 5397//5397
f 5395//5395 5396//5396 5399//5399
f 5395//5395 5399//5399 5398//5398
f 5397//5397 5398//5398 5401//5401
f 5397//5397 5401//5401 5400//5400
f 5398//5398 5399//5399 5402//5402
f 5398//5398 5402//5402 5401//5401
f 2693//2693 3274//3274 5394//5394
f 2693//2693 5394//5394 3262//3262
f 3274//3274 3273//3273 5395//5395
f 3274//3274 5395//5395 5394//5394
f 3273//3273 3272//3272 5396//5396
f 3273//3273 5396//5396 5395//5395
f 3272//3272 2736//2736 3554//3554
f 3272//3272 3554//3554 5396//5396
f 5396//5396 3554//3554 3555//3555
f 5396//5396 3555//3555 5399//5399
f 5399//5399 3555//3555 3556//3556
f 5399//5399 3556//3556 5402//5402
f 5402//5402 3556//3556 2737//2737
f 5402//5402 2737//2737 3532//3532
f 5401//5401 5402//5402 3532//3532
f 5401//5401 3532//3532 3531//3531
f 5400//5400 5401//5401 3531//3531
f 5400//5400 3531//3531 3530//3530
f 3260//3260 5400//5400 3530//3530
f 3260//3260 3530//3530 2698//2698
f 3261//3261 5397//5397 5400//5400
f 3261//3261 5400//5400 3260//3260
f 3262//3262 5394//5394 5397//5397
f 3262//3262 5397//5397 3261//3261
f 5403//5403 5404//5404 5407//5407
f 5403//5403 5407//5407 5406//5406
f 5404//5404 5405//5405 5408//5408
f 5404//5404 5408//5408 5407//5407
f 5406//5406 5407//5407 5410//5410
f 5406//5406 5410//5410 5409//5409
f 5407//5407 5408//5408 5411//5411
f 5407//5407 5411//5411 5410//5410
f 2785//2785 3521//3521 5403//5403
f 2785//2785 5403//5403 2971//2971
f 3521//3521 3522//3522 5404//5404
f 3521//3521 5404//5404 5403//5403
f 3522//3522 3523//3523 5405//5405
f 3522//3522 5405//5405 5404//5404
f 3523//3523 2891//2891 3539//3539
f 3523//3523 3539//3539 5405//5405
f 5405//5405 3539//3539 3540//3540
f 5405//5405 3540//3540 5408//5408
f 5408//5408 3540//3540 3541//3541
f 5408//5408 3541//3541 5411//5411
f 5411//5411 3541//3541 2739//2739
f 5411//5411 2739//2739 3377//3377
f 5410//5410 5411//5411 3377//3377
f 5410//5410 3377//3377 3378//3378
f 5409//5409 5410//5410 3378//3378
f 5409//5409 3378//3378 3379//3379
f 2969//2969 5409//5409 3379//3379
f 2969//2969 3379//3379 2709//2709
f 2970//2970 5406//5406 5409//5409
f 2970//2970 5409//5409 2969//2969
f 2971//2971 5403//5403 5406//5406
f 2971//2971 5406//5406 2970//2970
f 5412//5412 5413//5413 5416//5416
f 5412//5412 5416//5416 5415//5415
f 5413//5413 5414//5414 5417//5417
f 5413//5413 5417//5417 5416//5416
f 5415//5415 5416//5416 5419//5419
f 5415//5415 5419//5419 5418//5418
f 5416//5416 5417//5417 5420//5420
f 5416//5416 5420//5420 5419//5419
f 2646//2646 3034//3034 5412//5412
f 2646//2646 5412//5412 3028//3028
f 3034//3034 3033//3033 5413//5413
f 3034//3034 5413//5413 5412//5412
f 3033//3033 3032//3032 5414//5414
f 3033//3033 5414//5414 5413//5413
f 3032//3032 2735//2735 3542//3542
f 3032//3032 3542//3542 5414//5414
f 5414//5414 3542//3542 3543//3543
f 5414//5414 3543//3543 5417//5417
f 5417//5417 3543//3543 3544//3544
f 5417//5417 3544//3544 5420//5420
f 5420//5420 3544//3544 2738//2738
f 5420//5420 2738//2738 3341//3341
f 5419//5419 5420//5420 3341//3341
f 5419//5419 3341//3341 3342//3342
f 5418//5418 5419//5419 3342//3342
f 5418//5418 3342//3342 3343//3343
f 3026//3026 5418//5418 3343//3343
f 3026//3026 3343//3343 2703//2703
f 3027//3027 5415//5415 5418//5418
f 3027//3027 5418//5418 3026//3026
f 3028//3028 5412//5412 5415//5415
f 3028//3028 5415//5415 3027//3027
f 5421//5421 5422//5422 5425//5425
f 5421//5421 5425//5425 5424//5424
f 5422//5422 5423//5423 5426//5426
f 5422//5422 5426//5426 5425//5425
f 5424//5424 5425//5425 5428//5428
f 5424//5424 5428//5428 5427//5427
f 5425//5425 5426//5426 5429//5429
f 5425//5425 5429//5429 5428//5428
f 2718//2718 3412//3412 5421//5421
f 2718//2718 5421//5421 3548//3548
f 3412//3412 3411//3411 5422//5422
f 3412//3412 5422//5422 5421//5421
f 3411//3411 3410//3410 5423//5423
f 3411//3411 5423//5423 5422//5422
f 3410//3410 2635//2635 3476//3476
f 3410//3410 3476//3476 5423//5423
f 5423//5423 3476//3476 3477//3477
f 5423//5423 3477//3477 5426//5426
f 5426//5426 3477//3477 3478//3478
f 5426//5426 3478//3478 5429//5429
f 5429//5429 3478//3478 2698//2698
f 5429//5429 2698//2698 3530//3530
f 5428//5428 5429//5429 3530//3530
f 5428//5428 3530//3530 3531//3531
f 5427//5427 5428//5428 3531//3531
f 5427//5427 3531//3531 3532//3532
f 3550//3550 5427//5427 3532//3532
f 3550//3550 3532//3532 2737//2737
f 3549//3549 5424//5424 5427//5427
f 3549//3549 5427//5427 3550//3550
f 3548//3548 5421//5421 5424//5424
f 3548//3548 5424//5424 3549//3549
f 5430//5430 5431//5431 5434//5434
f 5430//5430 5434//5434 5433//5433
f 5431//5431 5432//5432 5435//5435
f 5431//5431 5435//5435 5434//5434
f 5433//5433 5434//5434 5437//5437
f 5433//5433 5437//5437 5436//5436
f 5434//5434 5435//5435 5438//5438
f 5434//5434 5438//5438 5437//5437
f 2761//2761 3691//3691 5430//5430
f 2761//2761 5430//5430 3664//3664
f 3691//3691 3690//3690 5431//5431
f 3691//3691 5431//5431 5430//5430
f 3690//3690 3689//3689 5432//5432
f 3690//3690 5432//5432 5431//5431
f 3689//3689 2766//2766 3545//3545
f 3689//3689 3545//3545 5432//5432
f 5432//5432 3545//3545 3546//3546
f 5432//5432 3546//3546 5435//5435
f 5435//5435 3546//3546 3547//3547
f 5435//5435 3547//3547 5438//5438
f 5438//5438 3547//3547 2736//2736
f 5438//5438 2736//2736 3272//3272
f 5437//5437 5438//5438 3272//3272
f 5437//5437 3272//3272 3273//3273
f 5436//5436 5437//5437 3273//3273
f 5436//5436 3273//3273 3274//3274
f 3662//3662 5436//5436 3274//3274
f 3662//3662 3274//3274 2693//2693
f 3663//3663 5433//5433 5436//5436
f 3663//3663 5436//5436 3662//3662
f 3664//3664 5430//5430 5433//5433
f 3664//3664 5433//5433 3663//3663
f 5439//5439 5440//5440 5443//5443
f 5439//5439 5443//5443 5442//5442
f 5440//5440 5441//5441 5444//5444
f 5440//5440 5444//5444 5443//5443
f 5442//5442 5443//5443 5446//5446
f 5442//5442 5446//5446 5445//5445
f 5443//5443 5444//5444 5447//5447
f 5443//5443 5447//5447 5446//5446
f 2709//2709 3379//3379 5439//5439
f 2709//2709 5439//5439 3352//3352
f 3379//3379 3378//3378 5440//5440
f 3379//3379 5440//5440 5439//5439
f 3378//3378 3377//3377 5441//5441
f 3378//3378 5441//5441 5440//5440
f 3377//3377 2739//2739 3551//3551
f 3377//3377 3551//3551 5441//5441
f 5441//5441 3551//3551 3552//3552
f 5441//5441 3552//3552 5444//5444
f 5444//5444 3552//3552 3553//3553
f 5444//5444 3553//3553 5447//5447
f 5447//5447 3553//3553 2735//2735
f 5447//5447 2735//2735 3032//3032
f 5446//5446 5447//5447 3032//3032
f 5446//5446 3032//3032 3033//3033
f 5445//5445 5446//5446 3033//3033
f 5445//5445 3033//3033 3034//3034
f 3350//3350 5445//5445 3034//3034
f 3350//3350 3034//3034 2646//2646
f 3351//3351 5442//5442 5445//5445
f 3351//3351 5445//5445 3350//3350
f 3352//3352 5439//5439 5442//5442
f 3352//3352 5442//5442 3351//3351
f 5448//5448 5449//5449 5452//5452
f 5448//5448 5452//5452 5451//5451
f 5449//5449 5450//5450 5453//5453
f 5449//5449 5453//5453 5452//5452
f 5451//5451 5452//5452 5455//5455
f 5451//5451 5455//5455 5454//5454
f 5452//5452 5453//5453 5456//5456
f 5452//5452 5456//5456 5455//5455
f 2708//2708 3376//3376 5448//5448
f 2708//2708 5448//5448 3349//3349
f 3376//3376 3375//3375 5449//5449
f 3376//3376 5449//5449 5448//5448
f 3375//3375 3374//3374 5450//5450
f 3375//3375 5450//5450 5449//5449
f 3374//3374 2744//2744 3581//3581
f 3374//3374 3581//3581 5450//5450
f 5450//5450 3581//3581 3582//3582
f 5450//5450 3582//3582 5453//5453
f 5453//5453 3582//3582 3583//3583
f 5453//5453 3583//3583 5456//5456
f 5456//5456 3583//3583 2741//2741
f 5456//5456 2741//2741 3035//3035
f 5455//5455 5456//5456 3035//3035
f 5455//5455 3035//3035 3036//3036
f 5454//5454 5455//5455 3036//3036
f 5454//5454 3036//3036 3037//3037
f 3347//3347 5454//5454 3037//3037
f 3347//3347 3037//3037 2645//2645
f 3348//3348 5451//5451 5454//5454
f 3348//3348 5454//5454 3347//3347
f 3349//3349 5448//5448 5451//5451
f 3349//3349 5451//5451 3348//3348
f 5457//5457 5458//5458 5461//5461
f 5457//5457 5461//5461 5460//5460
f 5458//5458 5459//5459 5462//5462
f 5458//5458 5462//5462 5461//5461
f 5460//5460 5461//5461 5464//5464
f 5460//5460 5464//5464 5463//5463
f 5461//5461 5462//5462 5465//5465
f 5461//5461 5465//5465 5464//5464
f 2759//2759 3688//3688 5457//5457
f 2759//2759 5457//5457 3661//3661
f 3688//3688 3687//3687 5458//5458
f 3688//3688 5458//5458 5457//5457
f 3687//3687 3686//3686 5459//5459
f 3687//3687 5459//5459 5458//5458
f 3686//3686 2767//2767 3584//3584
f 3686//3686 3584//3584 5459//5459
f 5459//5459 3584//3584 3585//3585
f 5459//5459 3585//3585 5462//5462
f 5462//5462 3585//3585 3586//3586
f 5462//5462 3586//3586 5465//5465
f 5465//5465 3586//3586 2742//2742
f 5465//5465 2742//2742 3278//3278
f 5464//5464 5465//5465 3278//3278
f 5464//5464 3278//3278 3279//3279
f 5463//5463 5464//5464 3279//3279
f 5463//5463 3279//3279 3280//3280
f 3659//3659 5463//5463 3280//3280
f 3659//3659 3280//3280 2692//2692
f 3660//3660 5460//5460 5463//5463
f 3660//3660 5463//5463 3659//3659
f 3661//3661 5457//5457 5460//5460
f 3661//3661 5460//5460 3660//3660
f 5466//5466 5467//5467 5470//5470
f 5466//5466 5470//5470 5469//5469
f 5467//5467 5468//5468 5471//5471
f 5467//5467 5471//5471 5470//5470
f 5469//5469 5470//5470 5473//5473
f 5469//5469 5473//5473 5472//5472
f 5470//5470 5471//5471 5474//5474
f 5470//5470 5474//5474 5473//5473
f 2645//2645 3037//3037 5466//5466
f 2645//2645 5466//5466 3025//3025
f 3037//3037 3036//3036 5467//5467
f 3037//3037 5467//5467 5466//5466
f 3036//3036 3035//3035 5468//5468
f 3036//3036 5468//5468 5467//5467
f 3035//3035 2741//2741 3587//3587
f 3035//3035 3587//3587 5468//5468
f 5468//5468 3587//3587 3588//3588
f 5468//5468 3588//3588 5471//5471
f 5471//5471 3588//3588 3589//3589
f 5471//5471 3589//3589 5474//5474
f 5474//5474 3589//3589 2743//2743
f 5474//5474 2743//2743 3338//3338
f 5473//5473 5474//5474 3338//3338
f 5473//5473 3338//3338 3339//3339
f 5472//5472 5473//5473 3339//3339
f 5472//5472 3339//3339 3340//3340
f 3023//3023 5472//5472 3340//3340
f 3023//3023 3340//3340 2702//2702
f 3024//3024 5469//5469 5472//5472
f 3024//3024 5472//5472 3023//3023
f 3025//3025 5466//5466 5469//5469
f 3025//3025 5469//5469 3024//3024
f 5475//5475 5476//5476 5479//5479
f 5475//5475 5479//5479 5478//5478
f 5476//5476 5477//5477 5480//5480
f 5476//5476 5480//5480 5479//5479
f 5478//5478 5479//5479 5482//5482
f 5478//5478 5482//5482 5481//5481
f 5479//5479 5480//5480 5483//5483
f 5479//5479 5483//5483 5482//5482
f 2784//2784 3572//3572 5475//5475
f 2784//2784 5475//5475 2968//2968
f 3572//3572 3573//3573 5476//5476
f 3572//3572 5476//5476 5475//5475
f 3573//3573 3574//3574 5477//5477
f 3573//3573 5477//5477 5476//5476
f 3574//3574 2902//2902 3590//3590
f 3574//3574 3590//3590 5477//5477
f 5477//5477 3590//3590 3591//3591
f 5477//5477 3591//3591 5480//5480
f 5480//5480 3591//3591 3592//3592
f 5480//5480 3592//3592 5483//5483
f 5483//5483 3592//3592 2744//2744
f 5483//5483 2744//2744 3374//3374
f 5482//5482 5483//5483 3374//3374
f 5482//5482 3374//3374 3375//3375
f 5481//5481 5482//5482 3375//3375
f 5481//5481 3375//3375 3376//3376
f 2966//2966 5481//5481 3376//3376
f 2966//2966 3376//3376 2708//2708
f 2967//2967 5478//5478 5481//5481
f 2967//2967 5481//5481 2966//2966
f 2968//2968 5475//5475 5478//5478
f 2968//2968 5478//5478 2967//2967
f 5484//5484 5485//5485 5488//5488
f 5484//5484 5488//5488 5487//5487
f 5485//5485 5486//5486 5489//5489
f 5485//5485 5489//5489 5488//5488
f 5487//5487 5488//5488 5491//5491
f 5487//5487 5491//5491 5490//5490
f 5488//5488 5489//5489 5492//5492
f 5488//5488 5492//5492 5491//5491
f 2730//2730 3487//3487 5484//5484
f 2730//2730 5484//5484 3506//3506
f 3487//3487 3486//3486 5485//5485
f 3487//3487 5485//5485 5484//5484
f 3486//3486 3485//3485 5486//5486
f 3486//3486 5486//5486 5485//5485
f 3485//3485 2745//2745 3593//3593
f 3485//3485 3593//3593 5486//5486
f 5486//5486 3593//3593 3594//3594
f 5486//5486 3594//3594 5489//5489
f 5489//5489 3594//3594 3595//3595
f 5489//5489 3595//3595 5492//5492
f 5492//5492 3595//3595 2746//2746
f 5492//5492 2746//2746 3491//3491
f 5491//5491 5492//5492 3491//3491
f 5491//5491 3491//3491 3492//3492
f 5490//5490 5491//5491 3492//3492
f 5490//5490 3492//3492 3493//3493
f 3508//3508 5490//5490 3493//3493
f 3508//3508 3493//3493 2732//2732
f 3507//3507 5487//5487 5490//5490
f 3507//3507 5490//5490 3508//3508
f 3506//3506 5484//5484 5487//5487
f 3506//3506 5487//5487 3507//3507
f 5493//5493 5494//5494 5497//5497
f 5493//5493 5497//5497 5496//5496
f 5494//5494 5495//5495 5498//5498
f 5494//5494 5498//5498 5497//5497
f 5496//5496 5497//5497 5500//5500
f 5496//5496 5500//5500 5499//5499
f 5497//5497 5498//5498 5501//5501
f 5497//5497 5501//5501 5500//5500
f 2728//2728 3557//3557 5493//5493
f 2728//2728 5493//5493 3512//3512
f 3557//3557 3558//3558 5494//5494
f 3557//3557 5494//5494 5493//5493
f 3558//3558 3559//3559 5495//5495
f 3558//3558 5495//5495 5494//5494
f 3559//3559 2740//2740 3596//3596
f 3559//3559 3596//3596 5495//5495
f 5495//5495 3596//3596 3597//3597
f 5495//5495 3597//3597 5498//5498
f 5498//5498 3597//3597 3598//3598
f 5498//5498 3598//3598 5501//5501
f 5501//5501 3598//3598 2745//2745
f 5501//5501 2745//2745 3485//3485
f 5500//5500 5501//5501 3485//3485
f 5500//5500 3485//3485 3486//3486
f 5499//5499 5500//5500 3486//3486
f 5499//5499 3486//3486 3487//3487
f 3514//3514 5499//5499 3487//3487
f 3514//3514 3487//3487 2730//2730
f 3513//3513 5496//5496 5499//5499
f 3513//3513 5499//5499 3514//3514
f 3512//3512 5493//5493 5496//5496
f 3512//3512 5496//5496 3513//3513
f 5502//5502 5503//5503 5506//5506
f 5502//5502 5506//5506 5505//5505
f 5503//5503 5504//5504 5507//5507
f 5503//5503 5507//5507 5506//5506
f 5505//5505 5506//5506 5509//5509
f 5505//5505 5509//5509 5508//5508
f 5506//5506 5507//5507 5510//5510
f 5506//5506 5510//5510 5509//5509
f 2784//2784 2968//2968 5502//5502
f 2784//2784 5502//5502 2965//2965
f 2968//2968 2967//2967 5503//5503
f 2968//2968 5503//5503 5502//5502
f 2967//2967 2966//2966 5504//5504
f 2967//2967 5504//5504 5503//5503
f 2966//2966 2708//2708 3623//3623
f 2966//2966 3623//3623 5504//5504
f 5504//5504 3623//3623 3624//3624
f 5504//5504 3624//3624 5507//5507
f 5507//5507 3624//3624 3625//3625
f 5507//5507 3625//3625 5510//5510
f 5510//5510 3625//3625 2753//2753
f 5510//5510 2753//2753 3626//3626
f 5509//5509 5510//5510 3626//3626
f 5509//5509 3626//3626 3627//3627
f 5508//5508 5509//5509 3627//3627
f 5508//5508 3627//3627 3628//3628
f 2963//2963 5508//5508 3628//3628
f 2963//2963 3628//3628 2906//2906
f 2964//2964 5505//5505 5508//5508
f 2964//2964 5508//5508 2963//2963
f 2965//2965 5502//5502 5505//5505
f 2965//2965 5505//5505 2964//2964
f 5511//5511 5512//5512 5515//5515
f 5511//5511 5515//5515 5514//5514
f 5512//5512 5513//5513 5516//5516
f 5512//5512 5516//5516 5515//5515
f 5514//5514 5515//5515 5518//5518
f 5514//5514 5518//5518 5517//5517
f 5515//5515 5516//5516 5519//5519
f 5515//5515 5519//5519 5518//5518
f 2645//2645 3025//3025 5511//5511
f 2645//2645 5511//5511 3608//3608
f 3025//3025 3024//3024 5512//5512
f 3025//3025 5512//5512 5511//5511
f 3024//3024 3023//3023 5513//5513
f 3024//3024 5513//5513 5512//5512
f 3023//3023 2702//2702 3620//3620
f 3023//3023 3620//3620 5513//5513
f 5513//5513 3620//3620 3621//3621
f 5513//5513 3621//3621 5516//5516
f 5516//5516 3621//3621 3622//3622
f 5516//5516 3622//3622 5519//5519
f 5519//5519 3622//3622 2752//2752
f 5519//5519 2752//2752 3629//3629
f 5518//5518 5519//5519 3629//3629
f 5518//5518 3629//3629 3630//3630
f 5517//5517 5518//5518 3630//3630
f 5517//5517 3630//3630 3631//3631
f 3610//3610 5517//5517 3631//3631
f 3610//3610 3631//3631 2748//2748
f 3609//3609 5514//5514 5517//5517
f 3609//3609 5517//5517 3610//3610
f 3608//3608 5511//5511 5514//5514
f 3608//3608 5514//5514 3609//3609
f 5520//5520 5521//5521 5524//5524
f 5520//5520 5524//5524 5523//5523
f 5521//5521 5522//5522 5525//5525
f 5521//5521 5525//5525 5524//5524
f 5523//5523 5524//5524 5527//5527
f 5523//5523 5527//5527 5526//5526
f 5524//5524 5525//5525 5528//5528
f 5524//5524 5528//5528 5527//5527
f 2759//2759 3661//3661 5520//5520
f 2759//2759 5520//5520 3683//3683
f 3661//3661 3660//3660 5521//5521
f 3661//3661 5521//5521 5520//5520
f 3660//3660 3659//3659 5522//5522
f 3660//3660 5522//5522 5521//5521
f 3659//3659 2692//2692 3614//3614
f 3659//3659 3614//3614 5522//5522
f 5522//5522 3614//3614 3615//3615
f 5522//5522 3615//3615 5525//5525
f 5525//5525 3615//3615 3616//3616
f 5525//5525 3616//3616 5528//5528
f 5528//5528 3616//3616 2750//2750
f 5528//5528 2750//2750 3680//3680
f 5527//5527 5528//5528 3680//3680
f 5527//5527 3680//3680 3681//3681
f 5526//5526 5527//5527 3681//3681
f 5526//5526 3681//3681 3682//3682
f 3685//3685 5526//5526 3682//3682
f 3685//3685 3682//3682 2768//2768
f 3684//3684 5523//5523 5526//5526
f 3684//3684 5526//5526 3685//3685
f 3683//3683 5520//5520 5523//5523
f 3683//3683 5523//5523 3684//3684
f 5529//5529 5530//5530 5533//5533
f 5529//5529 5533//5533 5532//5532
f 5530//5530 5531//5531 5534//5534
f 5530//5530 5534//5534 5533//5533
f 5532//5532 5533//5533 5536//5536
f 5532//5532 5536//5536 5535//5535
f 5533//5533 5534//5534 5537//5537
f 5533//5533 5537//5537 5536//5536
f 2697//2697 3289//3289 5529//5529
f 2697//2697 5529//5529 3617//3617
f 3289//3289 3288//3288 5530//5530
f 3289//3289 5530//5530 5529//5529
f 3288//3288 3287//3287 5531//5531
f 3288//3288 5531//5531 5530//5530
f 3287//3287 2686//2686 3611//3611
f 3287//3287 3611//3611 5531//5531
f 5531//5531 3611//3611 3612//3612
f 5531//5531 3612//3612 5534//5534
f 5534//5534 3612//3612 3613//3613
f 5534//5534 3613//3613 5537//5537
f 5537//5537 3613//3613 2749//2749
f 5537//5537 2749//2749 3635//3635
f 5536//5536 5537//5537 3635//3635
f 5536//5536 3635//3635 3636//3636
f 5535//5535 5536//5536 3636//3636
f 5535//5535 3636//3636 3637//3637
f 3619//3619 5535//5535 3637//3637
f 3619//3619 3637//3637 2751//2751
f 3618//3618 5532//5532 5535//5535
f 3618//3618 5535//5535 3619//3619
f 3617//3617 5529//5529 5532//5532
f 3617//3617 5532//5532 3618//3618
f 5538//5538 5539//5539 5542//5542
f 5538//5538 5542//5542 5541//5541
f 5539//5539 5540//5540 5543//5543
f 5539//5539 5543//5543 5542//5542
f 5541//5541 5542//5542 5545//5545
f 5541//5541 5545//5545 5544//5544
f 5542//5542 5543//5543 5546//5546
f 5542//5542 5546//5546 5545//5545
f 2708//2708 3349//3349 5538//5538
f 2708//2708 5538//5538 3623//3623
f 3349//3349 3348//3348 5539//5539
f 3349//3349 5539//5539 5538//5538
f 3348//3348 3347//3347 5540//5540
f 3348//3348 5540//5540 5539//5539
f 3347//3347 2645//2645 3608//3608
f 3347//3347 3608//3608 5540//5540
f 5540//5540 3608//3608 3609//3609
f 5540//5540 3609//3609 5543//5543
f 5543//5543 3609//3609 3610//3610
f 5543//5543 3610//3610 5546//5546
f 5546//5546 3610//3610 2748//2748
f 5546//5546 2748//2748 3638//3638
f 5545//5545 5546//5546 3638//3638
f 5545//5545 3638//3638 3639//3639
f 5544//5544 5545//5545 3639//3639
f 5544//5544 3639//3639 3640//3640
f 3625//3625 5544//5544 3640//3640
f 3625//3625 3640//3640 2753//2753
f 3624//3624 5541//5541 5544//5544
f 3624//3624 5544//5544 3625//3625
f 3623//3623 5538//5538 5541//5541
f 3623//3623 5541//5541 3624//3624
f 5547//5547 5548//5548 5551//5551
f 5547//5547 5551//5551 5550//5550
f 5548//5548 5549//5549 5552//5552
f 5548//5548 5552//5552 5551//5551
f 5550//5550 5551//5551 5554//5554
f 5550//5550 5554//5554 5553//5553
f 5551//5551 5552//5552 5555//5555
f 5551//5551 5555//5555 5554//5554
f 2686//2686 3226//3226 5547//5547
f 2686//2686 5547//5547 3611//3611
f 3226//3226 3225//3225 5548//5548
f 3226//3226 5548//5548 5547//5547
f 3225//3225 3224//3224 5549//5549
f 3225//3225 5549//5549 5548//5548
f 3224//3224 2632//2632 2959//2959
f 3224//3224 2959//2959 5549//5549
f 5549//5549 2959//2959 2958//2958
f 5549//5549 2958//2958 5552//5552
f 5552//5552 2958//2958 2957//2957
f 5552//5552 2957//2957 5555//5555
f 5555//5555 2957//2957 2747//2747
f 5555//5555 2747//2747 3644//3644
f 5554//5554 5555//5555 3644//3644
f 5554//5554 3644//3644 3645//3645
f 5553//5553 5554//5554 3645//3645
f 5553//5553 3645//3645 3646//3646
f 3613//3613 5553//5553 3646//3646
f 3613//3613 3646//3646 2749//2749
f 3612//3612 5550//5550 5553//5553
f 3612//3612 5553//5553 3613//3613
f 3611//3611 5547//5547 5550//5550
f 3611//3611 5550//5550 3612//3612
f 5556//5556 5557//5557 5560//5560
f 5556//5556 5560//5560 5559//5559
f 5557//5557 5558//5558 5561//5561
f 5557//5557 5561//5561 5560//5560
f 5559//5559 5560//5560 5563//5563
f 5559//5559 5563//5563 5562//5562
f 5560//5560 5561//5561 5564//5564
f 5560//5560 5564//5564 5563//5563
f 2755//2755 3647//3647 5556//5556
f 2755//2755 5556//5556 3758//3758
f 3647//3647 3648//3648 5557//5557
f 3647//3647 5557//5557 5556//5556
f 3648//3648 3649//3649 5558//5558
f 3648//3648 5558//5558 5557//5557
f 3649//3649 2756//2756 3761//3761
f 3649//3649 3761//3761 5558//5558
f 5558//5558 3761//3761 3762//3762
f 5558//5558 3762//3762 5561//5561
f 5561//5561 3762//3762 3763//3763
f 5561//5561 3763//3763 5564//5564
f 5564//5564 3763//3763 2773//2773
f 5564//5564 2773//2773 3766//3766
f 5563//5563 5564//5564 3766//3766
f 5563//5563 3766//3766 3765//3765
f 5562//5562 5563//5563 3765//3765
f 5562//5562 3765//3765 3764//3764
f 3760//3760 5562//5562 3764//3764
f 3760//3760 3764//3764 2772//2772
f 3759//3759 5559//5559 5562//5562
f 3759//3759 5562//5562 3760//3760
f 3758//3758 5556//5556 5559//5559
f 3758//3758 5559//5559 3759//3759
f 5565//5565 5566//5566 5569//5569
f 5565//5565 5569//5569 5568//5568
f 5566//5566 5567//5567 5570//5570
f 5566//5566 5570//5570 5569//5569
f 5568//5568 5569//5569 5572//5572
f 5568//5568 5572//5572 5571//5571
f 5569//5569 5570//5570 5573//5573
f 5569//5569 5573//5573 5572//5572
f 2702//2702 3316//3316 5565//5565
f 2702//2702 5565//5565 3620//3620
f 3316//3316 3315//3315 5566//5566
f 3316//3316 5566//5566 5565//5565
f 3315//3315 3314//3314 5567//5567
f 3315//3315 5567//5567 5566//5566
f 3314//3314 2759//2759 3683//3683
f 3314//3314 3683//3683 5567//5567
f 5567//5567 3683//3683 3684//3684
f 5567//5567 3684//3684 5570//5570
f 5570//5570 3684//3684 3685//3685
f 5570//5570 3685//3685 5573//5573
f 5573//5573 3685//3685 2768//2768
f 5573//5573 2768//2768 3632//3632
f 5572//5572 5573//5573 3632//3632
f 5572//5572 3632//3632 3633//3633
f 5571//5571 5572//5572 3633//3633
f 5571//5571 3633//3633 3634//3634
f 3622//3622 5571//5571 3634//3634
f 3622//3622 3634//3634 2752//2752
f 3621//3621 5568//5568 5571//5571
f 3621//3621 5571//5571 3622//3622
f 3620//3620 5565//5565 5568//5568
f 3620//3620 5568//5568 3621//3621
f 5574//5574 5575//5575 5578//5578
f 5574//5574 5578//5578 5577//5577
f 5575//5575 5576//5576 5579//5579
f 5575//5575 5579//5579 5578//5578
f 5577//5577 5578//5578 5581//5581
f 5577//5577 5581//5581 5580//5580
f 5578//5578 5579//5579 5582//5582
f 5578//5578 5582//5582 5581//5581
f 2702//2702 3340//3340 5574//5574
f 2702//2702 5574//5574 3316//3316
f 3340//3340 3339//3339 5575//5575
f 3340//3340 5575//5575 5574//5574
f 3339//3339 3338//3338 5576//5576
f 3339//3339 5576//5576 5575//5575
f 3338//3338 2743//2743 3677//3677
f 3338//3338 3677//3677 5576//5576
f 5576//5576 3677//3677 3678//3678
f 5576//5576 3678//3678 5579//5579
f 5579//5579 3678//3678 3679//3679
f 5579//5579 3679//3679 5582//5582
f 5582//5582 3679//3679 2767//2767
f 5582//5582 2767//2767 3686//3686
f 5581//5581 5582//5582 3686//3686
f 5581//5581 3686//3686 3687//3687
f 5580//5580 5581//5581 3687//3687
f 5580//5580 3687//3687 3688//3688
f 3314//3314 5580//5580 3688//3688
f 3314//3314 3688//3688 2759//2759
f 3315//3315 5577//5577 5580//5580
f 3315//3315 5580//5580 3314//3314
f 3316//3316 5574//5574 5577//5577
f 3316//3316 5577//5577 3315//3315
f 5583//5583 5584//5584 5587//5587
f 5583//5583 5587//5587 5586//5586
f 5584//5584 5585//5585 5588//5588
f 5584//5584 5588//5588 5587//5587
f 5586//5586 5587//5587 5590//5590
f 5586//5586 5590//5590 5589//5589
f 5587//5587 5588//5588 5591//5591
f 5587//5587 5591//5591 5590//5590
f 2703//2703 3343//3343 5583//5583
f 2703//2703 5583//5583 3319//3319
f 3343//3343 3342//3342 5584//5584
f 3343//3343 5584//5584 5583//5583
f 3342//3342 3341//3341 5585//5585
f 3342//3342 5585//5585 5584//5584
f 3341//3341 2738//2738 3674//3674
f 3341//3341 3674//3674 5585//5585
f 5585//5585 3674//3674 3675//3675
f 5585//5585 3675//3675 5588//5588
f 5588//5588 3675//3675 3676//3676
f 5588//5588 3676//3676 5591//5591
f 5591//5591 3676//3676 2766//2766
f 5591//5591 2766//2766 3689//3689
f 5590//5590 5591//5591 3689//3689
f 5590//5590 3689//3689 3690//3690
f 5589//5589 5590//5590 3690//3690
f 5589//5589 3690//3690 3691//3691
f 3317//3317 5589//5589 3691//3691
f 3317//3317 3691//3691 2761//2761
f 3318//3318 5586//5586 5589//5589
f 3318//3318 5589//5589 3317//3317
f 3319//3319 5583//5583 5586//5586
f 3319//3319 5586//5586 3318//3318
f 5592//5592 5593//5593 5596//5596
f 5592//5592 5596//5596 5595//5595
f 5593//5593 5594//5594 5597//5597
f 5593//5593 5597//5597 5596//5596
f 5595//5595 5596//5596 5599//5599
f 5595//5595 5599//5599 5598//5598
f 5596//5596 5597//5597 5600//5600
f 5596//5596 5600//5600 5599//5599
f 2743//2743 3568//3568 5592//5592
f 2743//2743 5592//5592 3677//3677
f 3568//3568 3567//3567 5593//5593
f 3568//3568 5593//5593 5592//5592
f 3567//3567 3566//3566 5594//5594
f 3567//3567 5594//5594 5593//5593
f 3566//3566 2733//2733 3671//3671
f 3566//3566 3671//3671 5594//5594
f 5594//5594 3671//3671 3672//3672
f 5594//5594 3672//3672 5597//5597
f 5597//5597 3672//3672 3673//3673
f 5597//5597 3673//3673 5600//5600
f 5600//5600 3673//3673 2765//2765
f 5600//5600 2765//2765 3692//3692
f 5599//5599 5600//5600 3692//3692
f 5599//5599 3692//3692 3693//3693
f 5598//5598 5599//5599 3693//3693
f 5598//5598 3693//3693 3694//3694
f 3679//3679 5598//5598 3694//3694
f 3679//3679 3694//3694 2767//2767
f 3678//3678 5595//5595 5598//5598
f 3678//3678 5598//5598 3679//3679
f 3677//3677 5592//5592 5595//5595
f 3677//3677 5595//5595 3678//3678
f 5601//5601 5602//5602 5605//5605
f 5601//5601 5605//5605 5604//5604
f 5602//5602 5603//5603 5606//5606
f 5602//5602 5606//5606 5605//5605
f 5604//5604 5605//5605 5608//5608
f 5604//5604 5608//5608 5607//5607
f 5605//5605 5606//5606 5609//5609
f 5605//5605 5609//5609 5608//5608
f 2640//2640 3697//3697 5601//5601
f 2640//2640 5601//5601 3004//3004
f 3697//3697 3696//3696 5602//5602
f 3697//3697 5602//5602 5601//5601
f 3696//3696 3695//3695 5603//5603
f 3696//3696 5603//5603 5602//5602
f 3695//3695 2760//2760 3713//3713
f 3695//3695 3713//3713 5603//5603
f 5603//5603 3713//3713 3714//3714
f 5603//5603 3714//3714 5606//5606
f 5606//5606 3714//3714 3715//3715
f 5606//5606 3715//3715 5609//5609
f 5609//5609 3715//3715 2770//2770
f 5609//5609 2770//2770 3310//3310
f 5608//5608 5609//5609 3310//3310
f 5608//5608 3310//3310 3309//3309
f 5607//5607 5608//5608 3309//3309
f 5607//5607 3309//3309 3308//3308
f 3002//3002 5607//5607 3308//3308
f 3002//3002 3308//3308 2636//2636
f 3003//3003 5604//5604 5607//5607
f 3003//3003 5607//5607 3002//3002
f 3004//3004 5601//5601 5604//5604
f 3004//3004 5604//5604 3003//3003
f 5610//5610 5611//5611 5614//5614
f 5610//5610 5614//5614 5613//5613
f 5611//5611 5612//5612 5615//5615
f 5611//5611 5615//5615 5614//5614
f 5613//5613 5614//5614 5617//5617
f 5613//5613 5617//5617 5616//5616
f 5614//5614 5615//5615 5618//5618
f 5614//5614 5618//5618 5617//5617
f 2705//2705 3325//3325 5610//5610
f 2705//2705 5610//5610 3332//3332
f 3325//3325 3324//3324 5611//5611
f 3325//3325 5611//5611 5610//5610
f 3324//3324 3323//3323 5612//5612
f 3324//3324 5612//5612 5611//5611
f 3323//3323 2763//2763 3698//3698
f 3323//3323 3698//3698 5612//5612
f 5612//5612 3698//3698 3699//3699
f 5612//5612 3699//3699 5615//5615
f 5615//5615 3699//3699 3700//3700
f 5615//5615 3700//3700 5618//5618
f 5618//5618 3700//3700 2758//2758
f 5618//5618 2758//2758 3658//3658
f 5617//5617 5618//5618 3658//3658
f 5617//5617 3658//3658 3657//3657
f 5616//5616 5617//5617 3657//3657
f 5616//5616 3657//3657 3656//3656
f 3334//3334 5616//5616 3656//3656
f 3334//3334 3656//3656 2707//2707
f 3333//3333 5613//5613 5616//5616
f 3333//3333 5616//5616 3334//3334
f 3332//3332 5610//5610 5613//5613
f 3332//3332 5613//5613 3333//3333
f 5619//5619 5620//5620 5623//5623
f 5619//5619 5623//5623 5622//5622
f 5620//5620 5621//5621 5624//5624
f 5620//5620 5624//5624 5623//5623
f 5622//5622 5623//5623 5626//5626
f 5622//5622 5626//5626 5625//5625
f 5623//5623 5624//5624 5627//5627
f 5623//5623 5627//5627 5626//5626
f 2752//2752 3634//3634 5619//5619
f 2752//2752 5619//5619 3335//3335
f 3634//3634 3633//3633 5620//5620
f 3634//3634 5620//5620 5619//5619
f 3633//3633 3632//3632 5621//5621
f 3633//3633 5621//5621 5620//5620
f 3632//3632 2768//2768 3701//3701
f 3632//3632 3701//3701 5621//5621
f 5621//5621 3701//3701 3702//3702
f 5621//5621 3702//3702 5624//5624
f 5624//5624 3702//3702 3703//3703
f 5624//5624 3703//3703 5627//5627
f 5627//5627 3703//3703 2757//2757
f 5627//5627 2757//2757 3655//3655
f 5626//5626 5627//5627 3655//3655
f 5626//5626 3655//3655 3654//3654
f 5625//5625 5626//5626 3654//3654
f 5625//5625 3654//3654 3653//3653
f 3337//3337 5625//5625 3653//3653
f 3337//3337 3653//3653 2706//2706
f 3336//3336 5622//5622 5625//5625
f 3336//3336 5625//5625 3337//3337
f 3335//3335 5619//5619 5622//5622
f 3335//3335 5622//5622 3336//3336
f 5628//5628 5629//5629 5632//5632
f 5628//5628 5632//5632 5631//5631
f 5629//5629 5630//5630 5633//5633
f 5629//5629 5633//5633 5632//5632
f 5631//5631 5632//5632 5635//5635
f 5631//5631 5635//5635 5634//5634
f 5632//5632 5633//5633 5636//5636
f 5632//5632 5636//5636 5635//5635
f 2738//2738 3535//3535 5628//5628
f 2738//2738 5628//5628 3674//3674
f 3535//3535 3534//3534 5629//5629
f 3535//3535 5629//5629 5628//5628
f 3534//3534 3533//3533 5630//5630
f 3534//3534 5630//5630 5629//5629
f 3533//3533 2704//2704 3322//3322
f 3533//3533 3322//3322 5630//5630
f 5630//5630 3322//3322 3321//3321
f 5630//5630 3321//3321 5633//5633
f 5633//5633 3321//3321 3320//3320
f 5633//5633 3320//3320 5636//5636
f 5636//5636 3320//3320 2762//2762
f 5636//5636 2762//2762 3707//3707
f 5635//5635 5636//5636 3707//3707
f 5635//5635 3707//3707 3708//3708
f 5634//5634 5635//5635 3708//3708
f 5634//5634 3708//3708 3709//3709
f 3676//3676 5634//5634 3709//3709
f 3676//3676 3709//3709 2766//2766
f 3675//3675 5631//5631 5634//5634
f 3675//3675 5634//5634 3676//3676
f 3674//3674 5628//5628 5631//5631
f 3674//3674 5631//5631 3675//3675
f 5637//5637 5638//5638 5641//5641
f 5637//5637 5641//5641 5640//5640
f 5638//5638 5639//5639 5642//5642
f 5638//5638 5642//5642 5641//5641
f 5640//5640 5641//5641 5644//5644
f 5640//5640 5644//5644 5643//5643
f 5641//5641 5642//5642 5645//5645
f 5641//5641 5645//5645 5644//5644
f 2706//2706 3653//3653 5637//5637
f 2706//2706 5637//5637 3344//3344
f 3653//3653 3654//3654 5638//5638
f 3653//3653 5638//5638 5637//5637
f 3654//3654 3655//3655 5639//5639
f 3654//3654 5639//5639 5638//5638
f 3655//3655 2757//2757 3710//3710
f 3655//3655 3710//3710 5639//5639
f 5639//5639 3710//3710 3711//3711
f 5639//5639 3711//3711 5642//5642
f 5642//5642 3711//3711 3712//3712
f 5642//5642 3712//3712 5645//5645
f 5645//5645 3712//3712 2763//2763
f 5645//5645 2763//2763 3323//3323
f 5644//5644 5645//5645 3323//3323
f 5644//5644 3323//3323 3324//3324
f 5643//5643 5644//5644 3324//3324
f 5643//5643 3324//3324 3325//3325
f 3346//3346 5643//5643 3325//3325
f 3346//3346 3325//3325 2705//2705
f 3345//3345 5640//5640 5643//5643
f 3345//3345 5643//5643 3346//3346
f 3344//3344 5637//5637 5640//5640
f 3344//3344 5640//5640 3345//3345
f 5646//5646 5647//5647 5650//5650
f 5646//5646 5650//5650 5649//5649
f 5647//5647 5648//5648 5651//5651
f 5647//5647 5651//5651 5650//5650
f 5649//5649 5650//5650 5653//5653
f 5649//5649 5653//5653 5652//5652
f 5650//5650 5651//5651 5654//5654
f 5650//5650 5654//5654 5653//5653
f 2695//2695 3268//3268 5646//5646
f 2695//2695 5646//5646 3284//3284
f 3268//3268 3267//3267 5647//5647
f 3268//3268 5647//5647 5646//5646
f 3267//3267 3266//3266 5648//5648
f 3267//3267 5648//5648 5647//5647
f 3266//3266 2701//2701 3313//3313
f 3266//3266 3313//3313 5648//5648
f 5648//5648 3313//3313 3312//3312
f 5648//5648 3312//3312 5651//5651
f 5651//5651 3312//3312 3311//3311
f 5651//5651 3311//3311 5654//5654
f 5654//5654 3311//3311 2696//2696
f 5654//5654 2696//2696 2956//2956
f 5653//5653 5654//5654 2956//2956
f 5653//5653 2956//2956 2955//2955
f 5652//5652 5653//5653 2955//2955
f 5652//5652 2955//2955 2954//2954
f 3286//3286 5652//5652 2954//2954
f 3286//3286 2954//2954 2691//2691
f 3285//3285 5649//5649 5652//5652
f 3285//3285 5652//5652 3286//3286
f 3284//3284 5646//5646 5649//5649
f 3284//3284 5649//5649 3285//3285
f 5655//5655 5656//5656 5659//5659
f 5655//5655 5659//5659 5658//5658
f 5656//5656 5657//5657 5660//5660
f 5656//5656 5660//5660 5659//5659
f 5658//5658 5659//5659 5662//5662
f 5658//5658 5662//5662 5661//5661
f 5659//5659 5660//5660 5663//5663
f 5659//5659 5663//5663 5662//5662
f 2651//2651 3058//3058 5655//5655
f 2651//2651 5655//5655 3200//3200
f 3058//3058 3057//3057 5656//5656
f 3058//3058 5656//5656 5655//5655
f 3057//3057 3056//3056 5657//5657
f 3057//3057 5657//5657 5656//5656
f 3056//3056 2772//2772 3764//3764
f 3056//3056 3764//3764 5657//5657
f 5657//5657 3764//3764 3765//3765
f 5657//5657 3765//3765 5660//5660
f 5660//5660 3765//3765 3766//3766
f 5660//5660 3766//3766 5663//5663
f 5663//5663 3766//3766 2773//2773
f 5663//5663 2773//2773 3143//3143
f 5662//5662 5663//5663 3143//3143
f 5662//5662 3143//3143 3144//3144
f 5661//5661 5662//5662 3144//3144
f 5661//5661 3144//3144 3145//3145
f 3202//3202 5661//5661 3145//3145
f 3202//3202 3145//3145 2672//2672
f 3201//3201 5658//5658 5661//5661
f 3201//3201 5661//5661 3202//3202
f 3200//3200 5655//5655 5658//5658
f 3200//3200 5658//5658 3201//3201
f 5664//5664 5665//5665 5668//5668
f 5664//5664 5668//5668 5667//5667
f 5665//5665 5666//5666 5669//5669
f 5665//5665 5669//5669 5668//5668
f 5667//5667 5668//5668 5671//5671
f 5667//5667 5671//5671 5670//5670
f 5668//5668 5669//5669 5672//5672
f 5668//5668 5672//5672 5671//5671
f 2666//2666 3737//3737 5664//5664
f 2666//2666 5664//5664 3103//3103
f 3737//3737 3738//3738 5665//5665
f 3737//3737 5665//5665 5664//5664
f 3738//3738 3739//3739 5666//5666
f 3738//3738 5666//5666 5665//5665
f 3739//3739 2664//2664 3110//3110
f 3739//3739 3110//3110 5666//5666
f 5666//5666 3110//3110 3111//3111
f 5666//5666 3111//3111 5669//5669
f 5669//5669 3111//3111 3112//3112
f 5669//5669 3112//3112 5672//5672
f 5672//5672 3112//3112 2663//2663
f 5672//5672 2663//2663 3752//3752
f 5671//5671 5672//5672 3752//3752
f 5671//5671 3752//3752 3753//3753
f 5670//5670 5671//5671 3753//3753
f 5670//5670 3753//3753 3754//3754
f 3101//3101 5670//5670 3754//3754
f 3101//3101 3754//3754 2655//2655
f 3102//3102 5667//5667 5670//5670
f 3102//3102 5670//5670 3101//3101
f 3103//3103 5664//5664 5667//5667
f 3103//3103 5667//5667 3102//3102
f 5673//5673 5674//5674 5677//5677
f 5673//5673 5677//5677 5676//5676
f 5674//5674 5675//5675 5678//5678
f 5674//5674 5678//5678 5677//5677
f 5676//5676 5677//5677 5680//5680
f 5676//5676 5680//5680 5679//5679
f 5677//5677 5678//5678 5681//5681
f 5677//5677 5681//5681 5680//5680
f 2884//2884 3458//3458 5673//5673
f 2884//2884 5673//5673 3500//3500
f 3458//3458 3459//3459 5674//5674
f 3458//3458 5674//5674 5673//5673
f 3459//3459 3460//3460 5675//5675
f 3459//3459 5675//5675 5674//5674
f 3460//3460 2785//2785 2971//2971
f 3460//3460 2971//2971 5675//5675
f 5675//5675 2971//2971 2970//2970
f 5675//5675 2970//2970 5678//5678
f 5678//5678 2970//2970 2969//2969
f 5678//5678 2969//2969 5681//5681
f 5681//5681 2969//2969 2709//2709
f 5681//5681 2709//2709 3497//3497
f 5680//5680 5681//5681 3497//3497
f 5680//5680 3497//3497 3498//3498
f 5679//5679 5680//5680 3498//3498
f 5679//5679 3498//3498 3499//3499
f 3502//3502 5679//5679 3499//3499
f 3502//3502 3499//3499 2734//2734
f 3501//3501 5676//5676 5679//5679
f 3501//3501 5679//5679 3502//3502
f 3500//3500 5673//5673 5676//5676
f 3500//3500 5676//5676 3501//3501
f 5682//5682 5683//5683 5686//5686
f 5682//5682 5686//5686 5685//5685
f 5683//5683 5684//5684 5687//5687
f 5683//5683 5687//5687 5686//5686
f 5685//5685 5686//5686 5689//5689
f 5685//5685 5689//5689 5688//5688
f 5686//5686 5687//5687 5690//5690
f 5686//5686 5690//5690 5689//5689
f 2698//2698 3478//3478 5682//5682
f 2698//2698 5682//5682 3461//3461
f 3478//3478 3477//3477 5683//5683
f 3478//3478 5683//5683 5682//5682
f 3477//3477 3476//3476 5684//5684
f 3477//3477 5684//5684 5683//5683
f 3476//3476 2635//2635 3718//3718
f 3476//3476 3718//3718 5684//5684
f 5684//5684 3718//3718 3717//3717
f 5684//5684 3717//3717 5687//5687
f 5687//5687 3717//3717 3716//3716
f 5687//5687 3716//3716 5690//5690
f 5690//5690 3716//3716 2727//2727
f 5690//5690 2727//2727 3466//3466
f 5689//5689 5690//5690 3466//3466
f 5689//5689 3466//3466 3465//3465
f 5688//5688 5689//5689 3465//3465
f 5688//5688 3465//3465 3464//3464
f 3463//3463 5688//5688 3464//3464
f 3463//3463 3464//3464 2732//2732
f 3462//3462 5685//5685 5688//5688
f 3462//3462 5688//5688 3463//3463
f 3461//3461 5682//5682 5685//5685
f 3461//3461 5685//5685 3462//3462
f 5691//5691 5692//5692 5695//5695
f 5691//5691 5695//5695 5694//5694
f 5692//5692 5693//5693 5696//5696
f 5692//5692 5696//5696 5695//5695
f 5694//5694 5695//5695 5698//5698
f 5694//5694 5698//5698 5697//5697
f 5695//5695 5696//5696 5699//5699
f 5695//5695 5699//5699 5698//5698
f 2755//2755 3758//3758 5691//5691
f 2755//2755 5691//5691 3652//3652
f 3758//3758 3759//3759 5692//5692
f 3758//3758 5692//5692 5691//5691
f 3759//3759 3760//3760 5693//5693
f 3759//3759 5693//5693 5692//5692
f 3760//3760 2772//2772 3767//3767
f 3760//3760 3767//3767 5693//5693
f 5693//5693 3767//3767 3768//3768
f 5693//5693 3768//3768 5696//5696
f 5696//5696 3768//3768 3769//3769
f 5696//5696 3769//3769 5699//5699
f 5699//5699 3769//3769 2771//2771
f 5699//5699 2771//2771 3757//3757
f 5698//5698 5699//5699 3757//3757
f 5698//5698 3757//3757 3756//3756
f 5697//5697 5698//5698 3756//3756
f 5697//5697 3756//3756 3755//3755
f 3650//3650 5697//5697 3755//3755
f 3650//3650 3755//3755 2754//2754
f 3651//3651 5694//5694 5697//5697
f 3651//3651 5697//5697 3650//3650
f 3652//3652 5691//5691 5694//5694
f 3652//3652 5694//5694 3651//3651
f 5700//5700 5701//5701 5704//5704
f 5700//5700 5704//5704 5703//5703
f 5701//5701 5702//5702 5705//5705
f 5701//5701 5705//5705 5704//5704
f 5703//5703 5704//5704 5707//5707
f 5703//5703 5707//5707 5706//5706
f 5704//5704 5705//5705 5708//5708
f 5704//5704 5708//5708 5707//5707
f 2807//2807 3907//3907 5700//5700
f 2807//2807 5700//5700 4010//4010
f 3907//3907 3906//3906 5701//5701
f 3907//3907 5701//5701 5700//5700
f 3906//3906 3905//3905 5702//5702
f 3906//3906 5702//5702 5701//5701
f 3905//3905 2914//2914 4457//4457
f 3905//3905 4457//4457 5702//5702
f 5702//5702 4457//4457 4458//4458
f 5702//5702 4458//4458 5705//5705
f 5705//5705 4458//4458 4459//4459
f 5705//5705 4459//4459 5708//5708
f 5708//5708 4459//4459 2915//2915
f 5708//5708 2915//2915 3983//3983
f 5707//5707 5708//5708 3983//3983
f 5707//5707 3983//3983 3984//3984
f 5706//5706 5707//5707 3984//3984
f 5706//5706 3984//3984 3985//3985
f 4012//4012 5706//5706 3985//3985
f 4012//4012 3985//3985 2827//2827
f 4011//4011 5703//5703 5706//5706
f 4011//4011 5706//5706 4012//4012
f 4010//4010 5700//5700 5703//5703
f 4010//4010 5703//5703 4011//4011
f 5709//5709 5710//5710 5713//5713
f 5709//5709 5713//5713 5712//5712
f 5710//5710 5711//5711 5714//5714
f 5710//5710 5714//5714 5713//5713
f 5712//5712 5713//5713 5716//5716
f 5712//5712 5716//5716 5715//5715
f 5713//5713 5714//5714 5717//5717
f 5713//5713 5717//5717 5716//5716
f 2847//2847 4424//4424 5709//5709
f 2847//2847 5709//5709 4084//4084
f 4424//4424 4425//4425 5710//5710
f 4424//4424 5710//5710 5709//5709
f 4425//4425 4426//4426 5711//5711
f 4425//4425 5711//5711 5710//5710
f 4426//4426 2909//2909 4453//4453
f 4426//4426 4453//4453 5711//5711
f 5711//5711 4453//4453 4452//4452
f 5711//5711 4452//4452 5714//5714
f 5714//5714 4452//4452 4451//4451
f 5714//5714 4451//4451 5717//5717
f 5717//5717 4451//4451 2910//2910
f 5717//5717 2910//2910 4429//4429
f 5716//5716 5717//5717 4429//4429
f 5716//5716 4429//4429 4428//4428
f 5715//5715 5716//5716 4428//4428
f 5715//5715 4428//4428 4427//4427
f 4082//4082 5715//5715 4427//4427
f 4082//4082 4427//4427 2852//2852
f 4083//4083 5712//5712 5715//5715
f 4083//4083 5715//5715 4082//4082
f 4084//4084 5709//5709 5712//5712
f 4084//4084 5712//5712 4083//4083
f 5718//5718 5719//5719 5722//5722
f 5718//5718 5722//5722 5721//5721
f 5719//5719 5720//5720 5723//5723
f 5719//5719 5723//5723 5722//5722
f 5721//5721 5722//5722 5725//5725
f 5721//5721 5725//5725 5724//5724
f 5722//5722 5723//5723 5726//5726
f 5722//5722 5726//5726 5725//5725
f 2908//2908 4055//4055 5718//5718
f 2908//2908 5718//5718 4456//4456
f 4055//4055 4056//4056 5719//5719
f 4055//4055 5719//5719 5718//5718
f 4056//4056 4057//4057 5720//5720
f 4056//4056 5720//5720 5719//5719
f 4057//4057 2839//2839 3779//3779
f 4057//4057 3779//3779 5720//5720
f 5720//5720 3779//3779 3780//3780
f 5720//5720 3780//3780 5723//5723
f 5723//5723 3780//3780 3781//3781
f 5723//5723 3781//3781 5726//5726
f 5726//5726 3781//3781 2778//2778
f 5726//5726 2778//2778 4415//4415
f 5725//5725 5726//5726 4415//4415
f 5725//5725 4415//4415 4416//4416
f 5724//5724 5725//5725 4416//4416
f 5724//5724 4416//4416 4417//4417
f 4454//4454 5724//5724 4417//4417
f 4454//4454 4417//4417 2905//2905
f 4455//4455 5721//5721 5724//5724
f 4455//4455 5724//5724 4454//4454
f 4456//4456 5718//5718 5721//5721
f 4456//4456 5721//5721 4455//4455
f 5727//5727 5728//5728 5731//5731
f 5727//5727 5731//5731 5730//5730
f 5728//5728 5729//5729 5732//5732
f 5728//5728 5732//5732 5731//5731
f 5730//5730 5731//5731 5734//5734
f 5730//5730 5734//5734 5733//5733
f 5731//5731 5732//5732 5735//5735
f 5731//5731 5735//5735 5734//5734
f 2864//2864 4316//4316 5727//5727
f 2864//2864 5727//5727 4177//4177
f 4316//4316 4317//4317 5728//5728
f 4316//4316 5728//5728 5727//5727
f 4317//4317 4318//4318 5729//5729
f 4317//4317 5729//5729 5728//5728
f 4318//4318 2890//2890 4334//4334
f 4318//4318 4334//4334 5729//5729
f 5729//5729 4334//4334 4335//4335
f 5729//5729 4335//4335 5732//5732
f 5732//5732 4335//4335 4336//4336
f 5732//5732 4336//4336 5735//5735
f 5735//5735 4336//4336 2885//2885
f 5735//5735 2885//2885 4303//4303
f 5734//5734 5735//5735 4303//4303
f 5734//5734 4303//4303 4302//4302
f 5733//5733 5734//5734 4302//4302
f 5733//5733 4302//4302 4301//4301
f 4175//4175 5733//5733 4301//4301
f 4175//4175 4301//4301 2800//2800
f 4176//4176 5730//5730 5733//5733
f 4176//4176 5733//5733 4175//4175
f 4177//4177 5727//5727 5730//5730
f 4177//4177 5730//5730 4176//4176
f 5736//5736 5737//5737 5740//5740
f 5736//5736 5740//5740 5739//5739
f 5737//5737 5738//5738 5741//5741
f 5737//5737 5741//5741 5740//5740
f 5739//5739 5740//5740 5743//5743
f 5739//5739 5743//5743 5742//5742
f 5740//5740 5741//5741 5744//5744
f 5740//5740 5744//5744 5743//5743
f 2910//2910 4451//4451 5736//5736
f 2910//2910 5736//5736 4127//4127
f 4451//4451 4452//4452 5737//5737
f 4451//4451 5737//5737 5736//5736
f 4452//4452 4453//4453 5738//5738
f 4452//4452 5738//5738 5737//5737
f 4453//4453 2909//2909 4106//4106
f 4453//4453 4106//4106 5738//5738
f 5738//5738 4106//4106 4107//4107
f 5738//5738 4107//4107 5741//5741
f 5741//5741 4107//4107 4108//4108
f 5741//5741 4108//4108 5744//5744
f 5744//5744 4108//4108 2845//2845
f 5744//5744 2845//2845 4118//4118
f 5743//5743 5744//5744 4118//4118
f 5743//5743 4118//4118 4119//4119
f 5742//5742 5743//5743 4119//4119
f 5742//5742 4119//4119 4120//4120
f 4129//4129 5742//5742 4120//4120
f 4129//4129 4120//4120 2855//2855
f 4128//4128 5739//5739 5742//5742
f 4128//4128 5742//5742 4129//4129
f 4127//4127 5736//5736 5739//5739
f 4127//4127 5739//5739 4128//4128
f 5745//5745 5746//5746 5749//5749
f 5745//5745 5749//5749 5748//5748
f 5746//5746 5747//5747 5750//5750
f 5746//5746 5750//5750 5749//5749
f 5748//5748 5749//5749 5752//5752
f 5748//5748 5752//5752 5751//5751
f 5749//5749 5750//5750 5753//5753
f 5749//5749 5753//5753 5752//5752
f 2924//2924 4328//4328 5745//5745
f 2924//2924 5745//5745 4516//4516
f 4328//4328 4329//4329 5746//5746
f 4328//4328 5746//5746 5745//5745
f 4329//4329 4330//4330 5747//5747
f 4329//4329 5747//5747 5746//5746
f 4330//4330 2887//2887 4309//4309
f 4330//4330 4309//4309 5747//5747
f 5747//5747 4309//4309 4308//4308
f 5747//5747 4308//4308 5750//5750
f 5750//5750 4308//4308 4307//4307
f 5750//5750 4307//4307 5753//5753
f 5753//5753 4307//4307 2848//2848
f 5753//5753 2848//2848 4472//4472
f 5752//5752 5753//5753 4472//4472
f 5752//5752 4472//4472 4473//4473
f 5751//5751 5752//5752 4473//4473
f 5751//5751 4473//4473 4474//4474
f 4514//4514 5751//5751 4474//4474
f 4514//4514 4474//4474 2920//2920
f 4515//4515 5748//5748 5751//5751
f 4515//4515 5751//5751 4514//4514
f 4516//4516 5745//5745 5748//5748
f 4516//4516 5748//5748 4515//4515
f 5754//5754 5755//5755 5758//5758
f 5754//5754 5758//5758 5757//5757
f 5755//5755 5756//5756 5759//5759
f 5755//5755 5759//5759 5758//5758
f 5757//5757 5758//5758 5761//5761
f 5757//5757 5761//5761 5760//5760
f 5758//5758 5759//5759 5762//5762
f 5758//5758 5762//5762 5761//5761
f 2854//2854 4088//4088 5754//5754
f 2854//2854 5754//5754 4132//4132
f 4088//4088 4089//4089 5755//5755
f 4088//4088 5755//5755 5754//5754
f 4089//4089 4090//4090 5756//5756
f 4089//4089 5756//5756 5755//5755
f 4090//4090 2849//2849 4343//4343
f 4090//4090 4343//4343 5756//5756
f 5756//5756 4343//4343 4344//4344
f 5756//5756 4344//4344 5759//5759
f 5759//5759 4344//4344 4345//4345
f 5759//5759 4345//4345 5762//5762
f 5762//5762 4345//4345 2893//2893
f 5762//5762 2893//2893 4370//4370
f 5761//5761 5762//5762 4370//4370
f 5761//5761 4370//4370 4371//4371
f 5760//5760 5761//5761 4371//4371
f 5760//5760 4371//4371 4372//4372
f 4130//4130 5760//5760 4372//4372
f 4130//4130 4372//4372 2894//2894
f 4131//4131 5757//5757 5760//5760
f 4131//4131 5760//5760 4130//4130
f 4132//4132 5754//5754 5757//5757
f 4132//4132 5757//5757 4131//4131
f 5763//5763 5764//5764 5767//5767
f 5763//5763 5767//5767 5766//5766
f 5764//5764 5765//5765 5768//5768
f 5764//5764 5768//5768 5767//5767
f 5766//5766 5767//5767 5770//5770
f 5766//5766 5770//5770 5769//5769
f 5767//5767 5768//5768 5771//5771
f 5767//5767 5771//5771 5770//5770
f 2855//2855 4120//4120 5763//5763
f 2855//2855 5763//5763 4126//4126
f 4120//4120 4119//4119 5764//5764
f 4120//4120 5764//5764 5763//5763
f 4119//4119 4118//4118 5765//5765
f 4119//4119 5765//5765 5764//5764
f 4118//4118 2845//2845 4094//4094
f 4118//4118 4094//4094 5765//5765
f 5765//5765 4094//4094 4095//4095
f 5765//5765 4095//4095 5768//5768
f 5768//5768 4095//4095 4096//4096
f 5768//5768 4096//4096 5771//5771
f 5771//5771 4096//4096 2850//2850
f 5771//5771 2850//2850 4093//4093
f 5770//5770 5771//5771 4093//4093
f 5770//5770 4093//4093 4092//4092
f 5769//5769 5770//5770 4092//4092
f 5769//5769 4092//4092 4091//4091
f 4124//4124 5769//5769 4091//4091
f 4124//4124 4091//4091 2856//2856
f 4125//4125 5766//5766 5769//5769
f 4125//4125 5769//5769 4124//4124
f 4126//4126 5763//5763 5766//5766
f 4126//4126 5766//5766 4125//4125
f 5772//5772 5773//5773 5776//5776
f 5772//5772 5776//5776 5775//5775
f 5773//5773 5774//5774 5777//5777
f 5773//5773 5777//5777 5776//5776
f 5775//5775 5776//5776 5779//5779
f 5775//5775 5779//5779 5778//5778
f 5776//5776 5777//5777 5780//5780
f 5776//5776 5780//5780 5779//5779
f 2847//2847 4084//4084 5772//5772
f 2847//2847 5772//5772 4105//4105
f 4084//4084 4083//4083 5773//5773
f 4084//4084 5773//5773 5772//5772
f 4083//4083 4082//4082 5774//5774
f 4083//4083 5774//5774 5773//5773
f 4082//4082 2852//2852 4391//4391
f 4082//4082 4391//4391 5774//5774
f 5774//5774 4391//4391 4392//4392
f 5774//5774 4392//4392 5777//5777
f 5777//5777 4392//4392 4393//4393
f 5777//5777 4393//4393 5780//5780
f 5780//5780 4393//4393 2904//2904
f 5780//5780 2904//2904 4412//4412
f 5779//5779 5780//5780 4412//4412
f 5779//5779 4412//4412 4413//4413
f 5778//5778 5779//5779 4413//4413
f 5778//5778 4413//4413 4414//4414
f 4103//4103 5778//5778 4414//4414
f 4103//4103 4414//4414 2899//2899
f 4104//4104 5775//5775 5778//5778
f 4104//4104 5778//5778 4103//4103
f 4105//4105 5772//5772 5775//5775
f 4105//4105 5775//5775 4104//4104
f 5781//5781 5782//5782 5785//5785
f 5781//5781 5785//5785 5784//5784
f 5782//5782 5783//5783 5786//5786
f 5782//5782 5786//5786 5785//5785
f 5784//5784 5785//5785 5788//5788
f 5784//5784 5788//5788 5787//5787
f 5785//5785 5786//5786 5789//5789
f 5785//5785 5789//5789 5788//5788
f 2870//2870 4219//4219 5781//5781
f 2870//2870 5781//5781 4234//4234
f 4219//4219 4218//4218 5782//5782
f 4219//4219 5782//5782 5781//5781
f 4218//4218 4217//4217 5783//5783
f 4218//4218 5783//5783 5782//5782
f 4217//4217 2780//2780 4207//4207
f 4217//4217 4207//4207 5783//5783
f 5783//5783 4207//4207 4206//4206
f 5783//5783 4206//4206 5786//5786
f 5786//5786 4206//4206 4205//4205
f 5786//5786 4205//4205 5789//5789
f 5789//5789 4205//4205 2787//2787
f 5789//5789 2787//2787 3808//3808
f 5788//5788 5789//5789 3808//3808
f 5788//5788 3808//3808 3807//3807
f 5787//5787 5788//5788 3807//3807
f 5787//5787 3807//3807 3806//3806
f 4232//4232 5787//5787 3806//3806
f 4232//4232 3806//3806 2869//2869
f 4233//4233 5784//5784 5787//5787
f 4233//4233 5787//5787 4232//4232
f 4234//4234 5781//5781 5784//5784
f 4234//4234 5784//5784 4233//4233
f 5790//5790 5791//5791 5794//5794
f 5790//5790 5794//5794 5793//5793
f 5791//5791 5792//5792 5795//5795
f 5791//5791 5795//5795 5794//5794
f 5793//5793 5794//5794 5797//5797
f 5793//5793 5797//5797 5796//5796
f 5794//5794 5795//5795 5798//5798
f 5794//5794 5798//5798 5797//5797
f 2794//2794 4507//4507 5790//5790
f 2794//2794 5790//5790 4256//4256
f 4507//4507 4506//4506 5791//5791
f 4507//4507 5791//5791 5790//5790
f 4506//4506 4505//4505 5792//5792
f 4506//4506 5792//5792 5791//5791
f 4505//4505 2919//2919 4102//4102
f 4505//4505 4102//4102 5792//5792
f 5792//5792 4102//4102 4101//4101
f 5792//5792 4101//4101 5795//5795
f 5795//5795 4101//4101 4100//4100
f 5795//5795 4100//4100 5798//5798
f 5798//5798 4100//4100 2923//2923
f 5798//5798 2923//2923 4274//4274
f 5797//5797 5798//5798 4274//4274
f 5797//5797 4274//4274 4275//4275
f 5796//5796 5797//5797 4275//4275
f 5796//5796 4275//4275 4276//4276
f 4258//4258 5796//5796 4276//4276
f 4258//4258 4276//4276 2877//2877
f 4257//4257 5793//5793 5796//5796
f 4257//4257 5796//5796 4258//4258
f 4256//4256 5790//5790 5793//5793
f 4256//4256 5793//5793 4257//4257
f 5799//5799 5800//5800 5803//5803
f 5799//5799 5803//5803 5802//5802
f 5800//5800 5801//5801 5804//5804
f 5800//5800 5804//5804 5803//5803
f 5802//5802 5803//5803 5806//5806
f 5802//5802 5806//5806 5805//5805
f 5803//5803 5804//5804 5807//5807
f 5803//5803 5807//5807 5806//5806
f 2881//2881 4282//4282 5799//5799
f 2881//2881 5799//5799 4250//4250
f 4282//4282 4281//4281 5800//5800
f 4282//4282 5800//5800 5799//5799
f 4281//4281 4280//4280 5801//5801
f 4281//4281 5801//5801 5800//5800
f 4280//4280 2877//2877 3821//3821
f 4280//4280 3821//3821 5801//5801
f 5801//5801 3821//3821 3822//3822
f 5801//5801 3822//3822 5804//5804
f 5804//5804 3822//3822 3823//3823
f 5804//5804 3823//3823 5807//5807
f 5807//5807 3823//3823 2793//2793
f 5807//5807 2793//2793 3820//3820
f 5806//5806 5807//5807 3820//3820
f 5806//5806 3820//3820 3819//3819
f 5805//5805 5806//5806 3819//3819
f 5805//5805 3819//3819 3818//3818
f 4252//4252 5805//5805 3818//3818
f 4252//4252 3818//3818 2875//2875
f 4251//4251 5802//5802 5805//5805
f 4251//4251 5805//5805 4252//4252
f 4250//4250 5799//5799 5802//5802
f 4250//4250 5802//5802 4251//4251
f 5808//5808 5809//5809 5812//5812
f 5808//5808 5812//5812 5811//5811
f 5809//5809 5810//5810 5813//5813
f 5809//5809 5813//5813 5812//5812
f 5811//5811 5812//5812 5815//5815
f 5811//5811 5815//5815 5814//5814
f 5812//5812 5813//5813 5816//5816
f 5812//5812 5816//5816 5815//5815
f 2880//2880 4279//4279 5808//5808
f 2880//2880 5808//5808 4229//4229
f 4279//4279 4278//4278 5809//5809
f 4279//4279 5809//5809 5808//5808
f 4278//4278 4277//4277 5810//5810
f 4278//4278 5810//5810 5809//5809
f 4277//4277 2878//2878 3827//3827
f 4277//4277 3827//3827 5810//5810
f 5810//5810 3827//3827 3828//3828
f 5810//5810 3828//3828 5813//5813
f 5813//5813 3828//3828 3829//3829
f 5813//5813 3829//3829 5816//5816
f 5816//5816 3829//3829 2791//2791
f 5816//5816 2791//2791 3817//3817
f 5815//5815 5816//5816 3817//3817
f 5815//5815 3817//3817 3816//3816
f 5814//5814 5815//5815 3816//3816
f 5814//5814 3816//3816 3815//3815
f 4231//4231 5814//5814 3815//3815
f 4231//4231 3815//3815 2871//2871
f 4230//4230 5811//5811 5814//5814
f 4230//4230 5814//5814 4231//4231
f 4229//4229 5808//5808 5811//5811
f 4229//4229 5811//5811 4230//4230
f 5817//5817 5818//5818 5821//5821
f 5817//5817 5821//5821 5820//5820
f 5818//5818 5819//5819 5822//5822
f 5818//5818 5822//5822 5821//5821
f 5820//5820 5821//5821 5824//5824
f 5820//5820 5824//5824 5823//5823
f 5821//5821 5822//5822 5825//5825
f 5821//5821 5825//5825 5824//5824
f 2869//2869 3806//3806 5817//5817
f 2869//2869 5817//5817 4226//4226
f 3806//3806 3807//3807 5818//5818
f 3806//3806 5818//5818 5817//5817
f 3807//3807 3808//3808 5819//5819
f 3807//3807 5819//5819 5818//5818
f 3808//3808 2787//2787 3836//3836
f 3808//3808 3836//3836 5819//5819
f 5819//5819 3836//3836 3837//3837
f 5819//5819 3837//3837 5822//5822
f 5822//5822 3837//3837 3838//3838
f 5822//5822 3838//3838 5825//5825
f 5825//5825 3838//3838 2796//2796
f 5825//5825 2796//2796 4223//4223
f 5824//5824 5825//5825 4223//4223
f 5824//5824 4223//4223 4224//4224
f 5823//5823 5824//5824 4224//4224
f 5823//5823 4224//4224 4225//4225
f 4228//4228 5823//5823 4225//4225
f 4228//4228 4225//4225 2872//2872
f 4227//4227 5820//5820 5823//5823
f 4227//4227 5823//5823 4228//4228
f 4226//4226 5817//5817 5820//5820
f 4226//4226 5820//5820 4227//4227
f 5826//5826 5827//5827 5830//5830
f 5826//5826 5830//5830 5829//5829
f 5827//5827 5828//5828 5831//5831
f 5827//5827 5831//5831 5830//5830
f 5829//5829 5830//5830 5833//5833
f 5829//5829 5833//5833 5832//5832
f 5830//5830 5831//5831 5834//5834
f 5830//5830 5834//5834 5833//5833
f 2874//2874 3812//3812 5826//5826
f 2874//2874 5826//5826 4247//4247
f 3812//3812 3813//3813 5827//5827
f 3812//3812 5827//5827 5826//5826
f 3813//3813 3814//3814 5828//5828
f 3813//3813 5828//5828 5827//5827
f 3814//3814 2790//2790 3830//3830
f 3814//3814 3830//3830 5828//5828
f 5828//5828 3830//3830 3831//3831
f 5828//5828 3831//3831 5831//5831
f 5831//5831 3831//3831 3832//3832
f 5831//5831 3832//3832 5834//5834
f 5834//5834 3832//3832 2794//2794
f 5834//5834 2794//2794 4244//4244
f 5833//5833 5834//5834 4244//4244
f 5833//5833 4244//4244 4245//4245
f 5832//5832 5833//5833 4245//4245
f 5832//5832 4245//4245 4246//4246
f 4249//4249 5832//5832 4246//4246
f 4249//4249 4246//4246 2876//2876
f 4248//4248 5829//5829 5832//5832
f 4248//4248 5832//5832 4249//4249
f 4247//4247 5826//5826 5829//5829
f 4247//4247 5829//5829 4248//4248
f 5835//5835 5836//5836 5839//5839
f 5835//5835 5839//5839 5838//5838
f 5836//5836 5837//5837 5840//5840
f 5836//5836 5840//5840 5839//5839
f 5838//5838 5839//5839 5842//5842
f 5838//5838 5842//5842 5841//5841
f 5839//5839 5840//5840 5843//5843
f 5839//5839 5843//5843 5842//5842
f 2896//2896 4367//4367 5835//5835
f 2896//2896 5835//5835 4354//4354
f 4367//4367 4368//4368 5836//5836
f 4367//4367 5836//5836 5835//5835
f 4368//4368 4369//4369 5837//5837
f 4368//4368 5837//5837 5836//5836
f 4369//4369 2892//2892 4342//4342
f 4369//4369 4342//4342 5837//5837
f 5837//5837 4342//4342 4341//4341
f 5837//5837 4341//4341 5840//5840
f 5840//5840 4341//4341 4340//4340
f 5840//5840 4340//4340 5843//5843
f 5843//5843 4340//4340 2801//2801
f 5843//5843 2801//2801 4178//4178
f 5842//5842 5843//5843 4178//4178
f 5842//5842 4178//4178 4179//4179
f 5841//5841 5842//5842 4179//4179
f 5841//5841 4179//4179 4180//4180
f 4352//4352 5841//5841 4180//4180
f 4352//4352 4180//4180 2865//2865
f 4353//4353 5838//5838 5841//5841
f 4353//4353 5841//5841 4352//4352
f 4354//4354 5835//5835 5838//5838
f 4354//4354 5838//5838 4353//4353
f 5844//5844 5845//5845 5848//5848
f 5844//5844 5848//5848 5847//5847
f 5845//5845 5846//5846 5849//5849
f 5845//5845 5849//5849 5848//5848
f 5847//5847 5848//5848 5851//5851
f 5847//5847 5851//5851 5850//5850
f 5848//5848 5849//5849 5852//5852
f 5848//5848 5852//5852 5851//5851
f 2889//2889 4481//4481 5844//5844
f 2889//2889 5844//5844 4315//4315
f 4481//4481 4482//4482 5845//5845
f 4481//4481 5845//5845 5844//5844
f 4482//4482 4483//4483 5846//5846
f 4482//4482 5846//5846 5845//5845
f 4483//4483 2924//2924 4516//4516
f 4483//4483 4516//4516 5846//5846
f 5846//5846 4516//4516 4515//4515
f 5846//5846 4515//4515 5849//5849
f 5849//5849 4515//4515 4514//4514
f 5849//5849 4514//4514 5852//5852
f 5852//5852 4514//4514 2920//2920
f 5852//5852 2920//2920 4142//4142
f 5851//5851 5852//5852 4142//4142
f 5851//5851 4142//4142 4143//4143
f 5850//5850 5851//5851 4143//4143
f 5850//5850 4143//4143 4144//4144
f 4313//4313 5850//5850 4144//4144
f 4313//4313 4144//4144 2858//2858
f 4314//4314 5847//5847 5850//5850
f 4314//4314 5850//5850 4313//4313
f 4315//4315 5844//5844 5847//5847
f 4315//4315 5847//5847 4314//4314
f 5853//5853 5854//5854 5857//5857
f 5853//5853 5857//5857 5856//5856
f 5854//5854 5855//5855 5858//5858
f 5854//5854 5858//5858 5857//5857
f 5856//5856 5857//5857 5860//5860
f 5856//5856 5860//5860 5859//5859
f 5857//5857 5858//5858 5861//5861
f 5857//5857 5861//5861 5860//5860
f 2912//2912 4196//4196 5853//5853
f 2912//2912 5853//5853 4450//4450
f 4196//4196 4197//4197 5854//5854
f 4196//4196 5854//5854 5853//5853
f 4197//4197 4198//4198 5855//5855
f 4197//4197 5855//5855 5854//5854
f 4198//4198 2866//2866 3845//3845
f 4198//4198 3845//3845 5855//5855
f 5855//5855 3845//3845 3846//3846
f 5855//5855 3846//3846 5858//5858
f 5858//5858 3846//3846 3847//3847
f 5858//5858 3847//3847 5861//5861
f 5861//5861 3847//3847 2797//2797
f 5861//5861 2797//2797 3868//3868
f 5860//5860 5861//5861 3868//3868
f 5860//5860 3868//3868 3867//3867
f 5859//5859 5860//5860 3867//3867
f 5859//5859 3867//3867 3866//3866
f 4448//4448 5859//5859 3866//3866
f 4448//4448 3866//3866 2907//2907
f 4449//4449 5856//5856 5859//5859
f 4449//4449 5859//5859 4448//4448
f 4450//4450 5853//5853 5856//5856
f 4450//4450 5856//5856 4449//4449
f 5862//5862 5863//5863 5866//5866
f 5862//5862 5866//5866 5865//5865
f 5863//5863 5864//5864 5867//5867
f 5863//5863 5867//5867 5866//5866
f 5865//5865 5866//5866 5869//5869
f 5865//5865 5869//5869 5868//5868
f 5866//5866 5867//5867 5870//5870
f 5866//5866 5870//5870 5869//5869
f 2868//2868 4193//4193 5862//5862
f 2868//2868 5862//5862 4189//4189
f 4193//4193 4194//4194 5863//5863
f 4193//4193 5863//5863 5862//5862
f 4194//4194 4195//4195 5864//5864
f 4194//4194 5864//5864 5863//5863
f 4195//4195 2867//2867 3848//3848
f 4195//4195 3848//3848 5864//5864
f 5864//5864 3848//3848 3849//3849
f 5864//5864 3849//3849 5867//5867
f 5867//5867 3849//3849 3850//3850
f 5867//5867 3850//3850 5870//5870
f 5870//5870 3850//3850 2798//2798
f 5870//5870 2798//2798 3871//3871
f 5869//5869 5870//5870 3871//3871
f 5869//5869 3871//3871 3870//3870
f 5868//5868 5869//5869 3870//3870
f 5868//5868 3870//3870 3869//3869
f 4187//4187 5868//5868 3869//3869
f 4187//4187 3869//3869 2843//2843
f 4188//4188 5865//5865 5868//5868
f 4188//4188 5868//5868 4187//4187
f 4189//4189 5862//5862 5865//5865
f 4189//4189 5865//5865 4188//4188
f 5871//5871 5872//5872 5875//5875
f 5871//5871 5875//5875 5874//5874
f 5872//5872 5873//5873 5876//5876
f 5872//5872 5876//5876 5875//5875
f 5874//5874 5875//5875 5878//5878
f 5874//5874 5878//5878 5877//5877
f 5875//5875 5876//5876 5879//5879
f 5875//5875 5879//5879 5878//5878
f 2776//2776 3772//3772 5871//5871
f 2776//2776 5871//5871 3920//3920
f 3772//3772 3771//3771 5872//5872
f 3772//3772 5872//5872 5871//5871
f 3771//3771 3770//3770 5873//5873
f 3771//3771 5873//5873 5872//5872
f 3770//3770 2802//2802 3962//3962
f 3770//3770 3962//3962 5873//5873
f 5873//5873 3962//3962 3963//3963
f 5873//5873 3963//3963 5876//5876
f 5876//5876 3963//3963 3964//3964
f 5876//5876 3964//3964 5879//5879
f 5879//5879 3964//3964 2825//2825
f 5879//5879 2825//2825 3923//3923
f 5878//5878 5879//5879 3923//3923
f 5878//5878 3923//3923 3924//3924
f 5877//5877 5878//5878 3924//3924
f 5877//5877 3924//3924 3925//3925
f 3922//3922 5877//5877 3925//3925
f 3922//3922 3925//3925 2823//2823
f 3921//3921 5874//5874 5877//5877
f 3921//3921 5877//5877 3922//3922
f 3920//3920 5871//5871 5874//5874
f 3920//3920 5874//5874 3921//3921
f 5880//5880 5881//5881 5884//5884
f 5880//5880 5884//5884 5883//5883
f 5881//5881 5882//5882 5885//5885
f 5881//5881 5885//5885 5884//5884
f 5883//5883 5884//5884 5887//5887
f 5883//5883 5887//5887 5886//5886
f 5884//5884 5885//5885 5888//5888
f 5884//5884 5888//5888 5887//5887
f 2817//2817 4022//4022 5880//5880
f 2817//2817 5880//5880 3940//3940
f 4022//4022 4023//4023 5881//5881
f 4022//4022 5881//5881 5880//5880
f 4023//4023 4024//4024 5882//5882
f 4023//4023 5882//5882 5881//5881
f 4024//4024 2833//2833 4000//4000
f 4024//4024 4000//4000 5882//5882
f 5882//5882 4000//4000 3999//3999
f 5882//5882 3999//3999 5885//5885
f 5885//5885 3999//3999 3998//3998
f 5885//5885 3998//3998 5888//5888
f 5888//5888 3998//3998 2834//2834
f 5888//5888 2834//2834 4042//4042
f 5887//5887 5888//5888 4042//4042
f 5887//5887 4042//4042 4041//4041
f 5886//5886 5887//5887 4041//4041
f 5886//5886 4041//4041 4040//4040
f 3938//3938 5886//5886 4040//4040
f 3938//3938 4040//4040 2818//2818
f 3939//3939 5883//5883 5886//5886
f 3939//3939 5886//5886 3938//3938
f 3940//3940 5880//5880 5883//5883
f 3940//3940 5883//5883 3939//3939
f 5889//5889 5890//5890 5893//5893
f 5889//5889 5893//5893 5892//5892
f 5890//5890 5891//5891 5894//5894
f 5890//5890 5894//5894 5893//5893
f 5892//5892 5893//5893 5896//5896
f 5892//5892 5896//5896 5895//5895
f 5893//5893 5894//5894 5897//5897
f 5893//5893 5897//5897 5896//5896
f 2930//2930 3881//3881 5889//5889
f 2930//2930 5889//5889 4579//4579
f 3881//3881 3882//3882 5890//5890
f 3881//3881 5890//5890 5889//5889
f 3882//3882 3883//3883 5891//5891
f 3882//3882 5891//5891 5890//5890
f 3883//3883 2804//2804 3889//3889
f 3883//3883 3889//3889 5891//5891
f 5891//5891 3889//3889 3888//3888
f 5891//5891 3888//3888 5894//5894
f 5894//5894 3888//3888 3887//3887
f 5894//5894 3887//3887 5897//5897
f 5897//5897 3887//3887 2805//2805
f 5897//5897 2805//2805 3886//3886
f 5896//5896 5897//5897 3886//3886
f 5896//5896 3886//3886 3885//3885
f 5895//5895 5896//5896 3885//3885
f 5895//5895 3885//3885 3884//3884
f 4577//4577 5895//5895 3884//3884
f 4577//4577 3884//3884 2931//2931
f 4578//4578 5892//5892 5895//5895
f 4578//4578 5895//5895 4577//4577
f 4579//4579 5889//5889 5892//5892
f 4579//4579 5892//5892 4578//4578
f 5898//5898 5899//5899 5902//5902
f 5898//5898 5902//5902 5901//5901
f 5899//5899 5900//5900 5903//5903
f 5899//5899 5903//5903 5902//5902
f 5901//5901 5902//5902 5905//5905
f 5901//5901 5905//5905 5904//5904
f 5902//5902 5903//5903 5906//5906
f 5902//5902 5906//5906 5905//5905
f 2779//2779 3778//3778 5898//5898
f 2779//2779 5898//5898 4550//4550
f 3778//3778 3777//3777 5899//5899
f 3778//3778 5899//5899 5898//5898
f 3777//3777 3776//3776 5900//5900
f 3777//3777 5900//5900 5899//5899
f 3776//3776 2803//2803 4544//4544
f 3776//3776 4544//4544 5900//5900
f 5900//5900 4544//4544 4545//4545
f 5900//5900 4545//4545 5903//5903
f 5903//5903 4545//4545 4546//4546
f 5903//5903 4546//4546 5906//5906
f 5906//5906 4546//4546 2807//2807
f 5906//5906 2807//2807 3926//3926
f 5905//5905 5906//5906 3926//3926
f 5905//5905 3926//3926 3927//3927
f 5904//5904 5905//5905 3927//3927
f 5904//5904 3927//3927 3928//3928
f 4552//4552 5904//5904 3928//3928
f 4552//4552 3928//3928 2813//2813
f 4551//4551 5901//5901 5904//5904
f 4551//4551 5904//5904 4552//4552
f 4550//4550 5898//5898 5901//5901
f 4550//4550 5901//5901 4551//4551
f 5907//5907 5908//5908 5911//5911
f 5907//5907 5911//5911 5910//5910
f 5908//5908 5909//5909 5912//5912
f 5908//5908 5912//5912 5911//5911
f 5910//5910 5911//5911 5914//5914
f 5910//5910 5914//5914 5913//5913
f 5911//5911 5912//5912 5915//5915
f 5911//5911 5915//5915 5914//5914
f 2807//2807 4546//4546 5907//5907
f 2807//2807 5907//5907 3907//3907
f 4546//4546 4545//4545 5908//5908
f 4546//4546 5908//5908 5907//5907
f 4545//4545 4544//4544 5909//5909
f 4545//4545 5909//5909 5908//5908
f 4544//4544 2803//2803 4540//4540
f 4544//4544 4540//4540 5909//5909
f 5909//5909 4540//4540 4539//4539
f 5909//5909 4539//4539 5912//5912
f 5912//5912 4539//4539 4538//4538
f 5912//5912 4538//4538 5915//5915
f 5915//5915 4538//4538 2913//2913
f 5915//5915 2913//2913 4460//4460
f 5914//5914 5915//5915 4460//4460
f 5914//5914 4460//4460 4461//4461
f 5913//5913 5914//5914 4461//4461
f 5913//5913 4461//4461 4462//4462
f 3905//3905 5913//5913 4462//4462
f 3905//3905 4462//4462 2914//2914
f 3906//3906 5910//5910 5913//5913
f 3906//3906 5913//5913 3905//3905
f 3907//3907 5907//5907 5910//5910
f 3907//3907 5910//5910 3906//3906
f 5916//5916 5917//5917 5920//5920
f 5916//5916 5920//5920 5919//5919
f 5917//5917 5918//5918 5921//5921
f 5917//5917 5921//5921 5920//5920
f 5919//5919 5920//5920 5923//5923
f 5919//5919 5923//5923 5922//5922
f 5920//5920 5921//5921 5924//5924
f 5920//5920 5924//5924 5923//5923
f 2806//2806 3895//3895 5916//5916
f 2806//2806 5916//5916 4553//4553
f 3895//3895 3894//3894 5917//5917
f 3895//3895 5917//5917 5916//5916
f 3894//3894 3893//3893 5918//5918
f 3894//3894 5918//5918 5917//5917
f 3893//3893 2779//2779 4550//4550
f 3893//3893 4550//4550 5918//5918
f 5918//5918 4550//4550 4551//4551
f 5918//5918 4551//4551 5921//5921
f 5921//5921 4551//4551 4552//4552
f 5921//5921 4552//4552 5924//5924
f 5924//5924 4552//4552 2813//2813
f 5924//5924 2813//2813 3911//3911
f 5923//5923 5924//5924 3911//3911
f 5923//5923 3911//3911 3912//3912
f 5922//5922 5923//5923 3912//3912
f 5922//5922 3912//3912 3913//3913
f 4555//4555 5922//5922 3913//3913
f 4555//4555 3913//3913 2814//2814
f 4554//4554 5919//5919 5922//5922
f 4554//4554 5922//5922 4555//4555
f 4553//4553 5916//5916 5919//5919
f 4553//4553 5919//5919 4554//4554
f 5925//5925 5926//5926 5929//5929
f 5925//5925 5929//5929 5928//5928
f 5926//5926 5927//5927 5930//5930
f 5926//5926 5930//5930 5929//5929
f 5928//5928 5929//5929 5932//5932
f 5928//5928 5932//5932 5931//5931
f 5929//5929 5930//5930 5933//5933
f 5929//5929 5933//5933 5932//5932
f 2808//2808 3901//3901 5925//5925
f 2808//2808 5925//5925 4556//4556
f 3901//3901 3900//3900 5926//5926
f 3901//3901 5926//5926 5925//5925
f 3900//3900 3899//3899 5927//5927
f 3900//3900 5927//5927 5926//5926
f 3899//3899 2806//2806 4553//4553
f 3899//3899 4553//4553 5927//5927
f 5927//5927 4553//4553 4554//4554
f 5927//5927 4554//4554 5930//5930
f 5930//5930 4554//4554 4555//4555
f 5930//5930 4555//4555 5933//5933
f 5933//5933 4555//4555 2814//2814
f 5933//5933 2814//2814 3902//3902
f 5932//5932 5933//5933 3902//3902
f 5932//5932 3902//3902 3903//3903
f 5931//5931 5932//5932 3903//3903
f 5931//5931 3903//3903 3904//3904
f 4558//4558 5931//5931 3904//3904
f 4558//4558 3904//3904 2815//2815
f 4557//4557 5928//5928 5931//5931
f 4557//4557 5931//5931 4558//4558
f 4556//4556 5925//5925 5928//5928
f 4556//4556 5928//5928 4557//4557
f 5934//5934 5935//5935 5938//5938
f 5934//5934 5938//5938 5937//5937
f 5935//5935 5936//5936 5939//5939
f 5935//5935 5939//5939 5938//5938
f 5937//5937 5938//5938 5941//5941
f 5937//5937 5941//5941 5940//5940
f 5938//5938 5939//5939 5942//5942
f 5938//5938 5942//5942 5941//5941
f 2824//2824 3958//3958 5934//5934
f 2824//2824 5934//5934 3880//3880
f 3958//3958 3957//3957 5935//5935
f 3958//3958 5935//5935 5934//5934
f 3957//3957 3956//3956 5936//5936
f 3957//3957 5936//5936 5935//5935
f 3956//3956 2811//2811 3872//3872
f 3956//3956 3872//3872 5936//5936
f 5936//5936 3872//3872 3873//3873
f 5936//5936 3873//3873 5939//5939
f 5939//5939 3873//3873 3874//3874
f 5939//5939 3874//3874 5942//5942
f 5942//5942 3874//3874 2776//2776
f 5942//5942 2776//2776 3920//3920
f 5941//5941 5942//5942 3920//3920
f 5941//5941 3920//3920 3921//3921
f 5940//5940 5941//5941 3921//3921
f 5940//5940 3921//3921 3922//3922
f 3878//3878 5940//5940 3922//3922
f 3878//3878 3922//3922 2823//2823
f 3879//3879 5937//5937 5940//5940
f 3879//3879 5940//5940 3878//3878
f 3880//3880 5934//5934 5937//5937
f 3880//3880 5937//5937 3879//3879
f 5943//5943 5944//5944 5947//5947
f 5943//5943 5947//5947 5946//5946
f 5944//5944 5945//5945 5948//5948
f 5944//5944 5948//5948 5947//5947
f 5946//5946 5947//5947 5950//5950
f 5946//5946 5950//5950 5949//5949
f 5947//5947 5948//5948 5951//5951
f 5947//5947 5951//5951 5950//5950
f 2817//2817 4562//4562 5943//5943
f 2817//2817 5943//5943 3892//3892
f 4562//4562 4563//4563 5944//5944
f 4562//4562 5944//5944 5943//5943
f 4563//4563 4564//4564 5945//5945
f 4563//4563 5945//5945 5944//5944
f 4564//4564 2809//2809 3910//3910
f 4564//4564 3910//3910 5945//5945
f 5945//5945 3910//3910 3909//3909
f 5945//5945 3909//3909 5948//5948
f 5948//5948 3909//3909 3908//3908
f 5948//5948 3908//3908 5951//5951
f 5951//5951 3908//3908 2782//2782
f 5951//5951 2782//2782 4559//4559
f 5950//5950 5951//5951 4559//4559
f 5950//5950 4559//4559 4560//4560
f 5949//5949 5950//5950 4560//4560
f 5949//5949 4560//4560 4561//4561
f 3890//3890 5949//5949 4561//4561
f 3890//3890 4561//4561 2816//2816
f 3891//3891 5946//5946 5949//5949
f 3891//3891 5949//5949 3890//3890
f 3892//3892 5943//5943 5946//5946
f 3892//3892 5946//5946 3891//3891
f 5952//5952 5953//5953 5956//5956
f 5952//5952 5956//5956 5955//5955
f 5953//5953 5954//5954 5957//5957
f 5953//5953 5957//5957 5956//5956
f 5955//5955 5956//5956 5959//5959
f 5955//5955 5959//5959 5958//5958
f 5956//5956 5957//5957 5960//5960
f 5956//5956 5960//5960 5959//5959
f 2782//2782 3775//3775 5952//5952
f 2782//2782 5952//5952 4559//4559
f 3775//3775 3774//3774 5953//5953
f 3775//3775 5953//5953 5952//5952
f 3774//3774 3773//3773 5954//5954
f 3774//3774 5954//5954 5953//5953
f 3773//3773 2808//2808 4556//4556
f 3773//3773 4556//4556 5954//5954
f 5954//5954 4556//4556 4557//4557
f 5954//5954 4557//4557 5957//5957
f 5957//5957 4557//4557 4558//4558
f 5957//5957 4558//4558 5960//5960
f 5960//5960 4558//4558 2815//2815
f 5960//5960 2815//2815 3896//3896
f 5959//5959 5960//5960 3896//3896
f 5959//5959 3896//3896 3897//3897
f 5958//5958 5959//5959 3897//3897
f 5958//5958 3897//3897 3898//3898
f 4561//4561 5958//5958 3898//3898
f 4561//4561 3898//3898 2816//2816
f 4560//4560 5955//5955 5958//5958
f 4560//4560 5958//5958 4561//4561
f 4559//4559 5952//5952 5955//5955
f 4559//4559 5955//5955 4560//4560
f 5961//5961 5962//5962 5965//5965
f 5961//5961 5965//5965 5964//5964
f 5962//5962 5963//5963 5966//5966
f 5962//5962 5966//5966 5965//5965
f 5964//5964 5965//5965 5968//5968
f 5964//5964 5968//5968 5967//5967
f 5965//5965 5966//5966 5969//5969
f 5965//5965 5969//5969 5968//5968
f 2819//2819 3934//3934 5961//5961
f 2819//2819 5961//5961 3947//3947
f 3934//3934 3933//3933 5962//5962
f 3934//3934 5962//5962 5961//5961
f 3933//3933 3932//3932 5963//5963
f 3933//3933 5963//5963 5962//5962
f 3932//3932 2777//2777 3935//3935
f 3932//3932 3935//3935 5963//5963
f 5963//5963 3935//3935 3936//3936
f 5963//5963 3936//3936 5966//5966
f 5966//5966 3936//3936 3937//3937
f 5966//5966 3937//3937 5969//5969
f 5969//5969 3937//3937 2818//2818
f 5969//5969 2818//2818 3944//3944
f 5968//5968 5969//5969 3944//3944
f 5968//5968 3944//3944 3945//3945
f 5967//5967 5968//5968 3945//3945
f 5967//5967 3945//3945 3946//3946
f 3949//3949 5967//5967 3946//3946
f 3949//3949 3946//3946 2822//2822
f 3948//3948 5964//5964 5967//5967
f 3948//3948 5967//5967 3949//3949
f 3947//3947 5961//5961 5964//5964
f 3947//3947 5964//5964 3948//3948
f 5970//5970 5971//5971 5974//5974
f 5970//5970 5974//5974 5973//5973
f 5971//5971 5972//5972 5975//5975
f 5971//5971 5975//5975 5974//5974
f 5973//5973 5974//5974 5977//5977
f 5973//5973 5977//5977 5976//5976
f 5974//5974 5975//5975 5978//5978
f 5974//5974 5978//5978 5977//5977
f 2821//2821 3943//3943 5970//5970
f 2821//2821 5970//5970 3953//3953
f 3943//3943 3942//3942 5971//5971
f 3943//3943 5971//5971 5970//5970
f 3942//3942 3941//3941 5972//5972
f 3942//3942 5972//5972 5971//5971
f 3941//3941 2819//2819 3947//3947
f 3941//3941 3947//3947 5972//5972
f 5972//5972 3947//3947 3948//3948
f 5972//5972 3948//3948 5975//5975
f 5975//5975 3948//3948 3949//3949
f 5975//5975 3949//3949 5978//5978
f 5978//5978 3949//3949 2822//2822
f 5978//5978 2822//2822 3950//3950
f 5977//5977 5978//5978 3950//3950
f 5977//5977 3950//3950 3951//3951
f 5976//5976 5977//5977 3951//3951
f 5976//5976 3951//3951 3952//3952
f 3955//3955 5976//5976 3952//3952
f 3955//3955 3952//3952 2812//2812
f 3954//3954 5973//5973 5976//5976
f 3954//3954 5976//5976 3955//3955
f 3953//3953 5970//5970 5973//5973
f 3953//3953 5973//5973 3954//3954
f 5979//5979 5980//5980 5983//5983
f 5979//5979 5983//5983 5982//5982
f 5980//5980 5981//5981 5984//5984
f 5980//5980 5984//5984 5983//5983
f 5982//5982 5983//5983 5986//5986
f 5982//5982 5986//5986 5985//5985
f 5983//5983 5984//5984 5987//5987
f 5983//5983 5987//5987 5986//5986
f 2802//2802 3877//3877 5979//5979
f 2802//2802 5979//5979 3962//3962
f 3877//3877 3876//3876 5980//5980
f 3877//3877 5980//5980 5979//5979
f 3876//3876 3875//3875 5981//5981
f 3876//3876 5981//5981 5980//5980
f 3875//3875 2821//2821 3953//3953
f 3875//3875 3953//3953 5981//5981
f 5981//5981 3953//3953 3954//3954
f 5981//5981 3954//3954 5984//5984
f 5984//5984 3954//3954 3955//3955
f 5984//5984 3955//3955 5987//5987
f 5987//5987 3955//3955 2812//2812
f 5987//5987 2812//2812 3959//3959
f 5986//5986 5987//5987 3959//3959
f 5986//5986 3959//3959 3960//3960
f 5985//5985 5986//5986 3960//3960
f 5985//5985 3960//3960 3961//3961
f 3964//3964 5985//5985 3961//3961
f 3964//3964 3961//3961 2825//2825
f 3963//3963 5982//5982 5985//5985
f 3963//3963 5985//5985 3964//3964
f 3962//3962 5979//5979 5982//5982
f 3962//3962 5982//5982 3963//3963
f 5988//5988 5989//5989 5992//5992
f 5988//5988 5992//5992 5991//5991
f 5989//5989 5990//5990 5993//5993
f 5989//5989 5993//5993 5992//5992
f 5991//5991 5992//5992 5995//5995
f 5991//5991 5995//5995 5994//5994
f 5992//5992 5993//5993 5996//5996
f 5992//5992 5996//5996 5995//5995
f 2805//2805 3887//3887 5988//5988
f 2805//2805 5988//5988 3917//3917
f 3887//3887 3888//3888 5989//5989
f 3887//3887 5989//5989 5988//5988
f 3888//3888 3889//3889 5990//5990
f 3888//3888 5990//5990 5989//5989
f 3889//3889 2804//2804 3965//3965
f 3889//3889 3965//3965 5990//5990
f 5990//5990 3965//3965 3966//3966
f 5990//5990 3966//3966 5993//5993
f 5993//5993 3966//3966 3967//3967
f 5993//5993 3967//3967 5996//5996
f 5996//5996 3967//3967 2811//2811
f 5996//5996 2811//2811 3956//3956
f 5995//5995 5996//5996 3956//3956
f 5995//5995 3956//3956 3957//3957
f 5994//5994 5995//5995 3957//3957
f 5994//5994 3957//3957 3958//3958
f 3919//3919 5994//5994 3958//3958
f 3919//3919 3958//3958 2824//2824
f 3918//3918 5991//5991 5994//5994
f 3918//3918 5994//5994 3919//3919
f 3917//3917 5988//5988 5991//5991
f 3917//3917 5991//5991 3918//3918
f 5997//5997 5998//5998 6001//6001
f 5997//5997 6001//6001 6000//6000
f 5998//5998 5999//5999 6002//6002
f 5998//5998 6002//6002 6001//6001
f 6000//6000 6001//6001 6004//6004
f 6000//6000 6004//6004 6003//6003
f 6001//6001 6002//6002 6005//6005
f 6001//6001 6005//6005 6004//6004
f 2822//2822 4015//4015 5997//5997
f 2822//2822 5997//5997 3950//3950
f 4015//4015 4014//4014 5998//5998
f 4015//4015 5998//5998 5997//5997
f 4014//4014 4013//4013 5999//5999
f 4014//4014 5999//5999 5998//5998
f 4013//4013 2835//2835 4004//4004
f 4013//4013 4004//4004 5999//5999
f 5999//5999 4004//4004 4005//4005
f 5999//5999 4005//4005 6002//6002
f 6002//6002 4005//4005 4006//4006
f 6002//6002 4006//4006 6005//6005
f 6005//6005 4006//4006 2828//2828
f 6005//6005 2828//2828 4018//4018
f 6004//6004 6005//6005 4018//4018
f 6004//6004 4018//4018 4017//4017
f 6003//6003 6004//6004 4017//4017
f 6003//6003 4017//4017 4016//4016
f 3952//3952 6003//6003 4016//4016
f 3952//3952 4016//4016 2812//2812
f 3951//3951 6000//6000 6003//6003
f 3951//3951 6003//6003 3952//3952
f 3950//3950 5997//5997 6000//6000
f 3950//3950 6000//6000 3951//3951
f 6006//6006 6007//6007 6010//6010
f 6006//6006 6010//6010 6009//6009
f 6007//6007 6008//6008 6011//6011
f 6007//6007 6011//6011 6010//6010
f 6009//6009 6010//6010 6013//6013
f 6009//6009 6013//6013 6012//6012
f 6010//6010 6011//6011 6014//6014
f 6010//6010 6014//6014 6013//6013
f 2816//2816 4021//4021 6006//6006
f 2816//2816 6006//6006 3890//3890
f 4021//4021 4020//4020 6007//6007
f 4021//4021 6007//6007 6006//6006
f 4020//4020 4019//4019 6008//6008
f 4020//4020 6008//6008 6007//6007
f 4019//4019 2832//2832 3974//3974
f 4019//4019 3974//3974 6008//6008
f 6008//6008 3974//3974 3975//3975
f 6008//6008 3975//3975 6011//6011
f 6011//6011 3975//3975 3976//3976
f 6011//6011 3976//3976 6014//6014
f 6014//6014 3976//3976 2833//2833
f 6014//6014 2833//2833 4024//4024
f 6013//6013 6014//6014 4024//4024
f 6013//6013 4024//4024 4023//4023
f 6012//6012 6013//6013 4023//4023
f 6012//6012 4023//4023 4022//4022
f 3892//3892 6012//6012 4022//4022
f 3892//3892 4022//4022 2817//2817
f 3891//3891 6009//6009 6012//6012
f 3891//3891 6012//6012 3892//3892
f 3890//3890 6006//6006 6009//6009
f 3890//3890 6009//6009 3891//3891
f 6016//6016 6017//6017 6015//6015
f 6016//6016 6015//6015 6045//6045
f 6018//6018 6019//6019 6015//6015
f 6018//6018 6015//6015 6017//6017
f 6020//6020 6021//6021 6015//6015
f 6020//6020 6015//6015 6019//6019
f 6022//6022 6023//6023 6015//6015
f 6022//6022 6015//6015 6021//6021
f 6024//6024 6025//6025 6015//6015
f 6024//6024 6015//6015 6023//6023
f 6026//6026 6027//6027 6015//6015
f 6026//6026 6015//6015 6025//6025
f 6028//6028 6029//6029 6015//6015
f 6028//6028 6015//6015 6027//6027
f 6030//6030 6031//6031 6015//6015
f 6030//6030 6015//6015 6029//6029
f 6032//6032 6033//6033 6015//6015
f 6032//6032 6015//6015 6031//6031
f 6034//6034 6035//6035 6015//6015
f 6034//6034 6015//6015 6033//6033
f 6036//6036 6037//6037 6015//6015
f 6036//6036 6015//6015 6035//6035
f 6038//6038 6039//6039 6015//6015
f 6038//6038 6015//6015 6037//6037
f 6040//6040 6041//6041 6015//6015
f 6040//6040 6015//6015 6039//6039
f 6042//6042 6043//6043 6015//6015
f 6042//6042 6015//6015 6041//6041
f 6044//6044 6045//6045 6015//6015
f 6044//6044 6015//6015 6043//6043
f 2827//2827 3985//3985 6016//6016
f 2827//2827 6016//6016 3995//3995
f 3985//3985 3984//3984 6017//6017
f 3985//3985 6017//6017 6016//6016
f 3995//3995 6016//6016 6045//6045
f 3995//3995 6045//6045 3996//3996
f 2915//2915 4571//4571 6018//6018
f 2915//2915 6018//6018 3983//3983
f 4571//4571 4572//4572 6019//6019
f 4571//4571 6019//6019 6018//6018
f 3983//3983 6018//6018 6017//6017
f 3983//3983 6017//6017 3984//3984
f 2932//2932 3971//3971 6020//6020
f 2932//2932 6020//6020 4573//4573
f 3971//3971 3972//3972 6021//6021
f 3971//3971 6021//6021 6020//6020
f 4573//4573 6020//6020 6019//6019
f 4573//4573 6019//6019 4572//4572
f 2826//2826 3989//3989 6022//6022
f 2826//2826 6022//6022 3973//3973
f 3989//3989 3990//3990 6023//6023
f 3989//3989 6023//6023 6022//6022
f 3973//3973 6022//6022 6021//6021
f 3973//3973 6021//6021 3972//3972
f 2837//2837 3970//3970 6024//6024
f 2837//2837 6024//6024 3991//3991
f 3970//3970 3969//3969 6025//6025
f 3970//3970 6025//6025 6024//6024
f 3991//3991 6024//6024 6023//6023
f 3991//3991 6023//6023 3990//3990
f 2836//2836 3994//3994 6026//6026
f 2836//2836 6026//6026 3968//3968
f 3994//3994 3993//3993 6027//6027
f 3994//3994 6027//6027 6026//6026
f 3968//3968 6026//6026 6025//6025
f 3968//3968 6025//6025 3969//3969
f 2838//2838 4009//4009 6028//6028
f 2838//2838 6028//6028 3992//3992
f 4009//4009 4008//4008 6029//6029
f 4009//4009 6029//6029 6028//6028
f 3992//3992 6028//6028 6027//6027
f 3992//3992 6027//6027 3993//3993
f 2828//2828 4006//4006 6030//6030
f 2828//2828 6030//6030 4007//4007
f 4006//4006 4005//4005 6031//6031
f 4006//4006 6031//6031 6030//6030
f 4007//4007 6030//6030 6029//6029
f 4007//4007 6029//6029 4008//4008
f 2835//2835 4003//4003 6032//6032
f 2835//2835 6032//6032 4004//4004
f 4003//4003 4002//4002 6033//6033
f 4003//4003 6033//6033 6032//6032
f 4004//4004 6032//6032 6031//6031
f 4004//4004 6031//6031 4005//4005
f 2834//2834 3998//3998 6034//6034
f 2834//2834 6034//6034 4001//4001
f 3998//3998 3999//3999 6035//6035
f 3998//3998 6035//6035 6034//6034
f 4001//4001 6034//6034 6033//6033
f 4001//4001 6033//6033 4002//4002
f 2833//2833 3976//3976 6036//6036
f 2833//2833 6036//6036 4000//4000
f 3976//3976 3975//3975 6037//6037
f 3976//3976 6037//6037 6036//6036
f 4000//4000 6036//6036 6035//6035
f 4000//4000 6035//6035 3999//3999
f 2832//2832 3979//3979 6038//6038
f 2832//2832 6038//6038 3974//3974
f 3979//3979 3978//3978 6039//6039
f 3979//3979 6039//6039 6038//6038
f 3974//3974 6038//6038 6037//6037
f 3974//3974 6037//6037 3975//3975
f 2831//2831 3982//3982 6040//6040
f 2831//2831 6040//6040 3977//3977
f 3982//3982 3981//3981 6041//6041
f 3982//3982 6041//6041 6040//6040
f 3977//3977 6040//6040 6039//6039
f 3977//3977 6039//6039 3978//3978
f 2830//2830 3988//3988 6042//6042
f 2830//2830 6042//6042 3980//3980
f 3988//3988 3987//3987 6043//6043
f 3988//3988 6043//6043 6042//6042
f 3980//3980 6042//6042 6041//6041
f 3980//3980 6041//6041 3981//3981
f 2829//2829 3997//3997 6044//6044
f 2829//2829 6044//6044 3986//3986
f 3997//3997 3996//3996 6045//6045
f 3997//3997 6045//6045 6044//6044
f 3986//3986 6044//6044 6043//6043
f 3986//3986 6043//6043 3987//3987
f 6046//6046 6047//6047 6050//6050
f 6046//6046 6050//6050 6049//6049
f 6047//6047 6048//6048 6051//6051
f 6047//6047 6051//6051 6050//6050
f 6049//6049 6050//6050 6053//6053
f 6049//6049 6053//6053 6052//6052
f 6050//6050 6051//6051 6054//6054
f 6050//6050 6054//6054 6053//6053
f 2824//2824 4027//4027 6046//6046
f 2824//2824 6046//6046 3919//3919
f 4027//4027 4026//4026 6047//6047
f 4027//4027 6047//6047 6046//6046
f 4026//4026 4025//4025 6048//6048
f 4026//4026 6048//6048 6047//6047
f 4025//4025 2837//2837 3991//3991
f 4025//4025 3991//3991 6048//6048
f 6048//6048 3991//3991 3990//3990
f 6048//6048 3990//3990 6051//6051
f 6051//6051 3990//3990 3989//3989
f 6051//6051 3989//3989 6054//6054
f 6054//6054 3989//3989 2826//2826
f 6054//6054 2826//2826 4030//4030
f 6053//6053 6054//6054 4030//4030
f 6053//6053 4030//4030 4029//4029
f 6052//6052 6053//6053 4029//4029
f 6052//6052 4029//4029 4028//4028
f 3917//3917 6052//6052 4028//4028
f 3917//3917 4028//4028 2805//2805
f 3918//3918 6049//6049 6052//6052
f 3918//3918 6052//6052 3917//3917
f 3919//3919 6046//6046 6049//6049
f 3919//3919 6049//6049 3918//3918
f 6055//6055 6056//6056 6059//6059
f 6055//6055 6059//6059 6058//6058
f 6056//6056 6057//6057 6060//6060
f 6056//6056 6060//6060 6059//6059
f 6058//6058 6059//6059 6062//6062
f 6058//6058 6062//6062 6061//6061
f 6059//6059 6060//6060 6063//6063
f 6059//6059 6063//6063 6062//6062
f 2814//2814 4033//4033 6055//6055
f 2814//2814 6055//6055 3902//3902
f 4033//4033 4032//4032 6056//6056
f 4033//4033 6056//6056 6055//6055
f 4032//4032 4031//4031 6057//6057
f 4032//4032 6057//6057 6056//6056
f 4031//4031 2830//2830 3980//3980
f 4031//4031 3980//3980 6057//6057
f 6057//6057 3980//3980 3981//3981
f 6057//6057 3981//3981 6060//6060
f 6060//6060 3981//3981 3982//3982
f 6060//6060 3982//3982 6063//6063
f 6063//6063 3982//3982 2831//2831
f 6063//6063 2831//2831 4036//4036
f 6062//6062 6063//6063 4036//4036
f 6062//6062 4036//4036 4035//4035
f 6061//6061 6062//6062 4035//4035
f 6061//6061 4035//4035 4034//4034
f 3904//3904 6061//6061 4034//4034
f 3904//3904 4034//4034 2815//2815
f 3903//3903 6058//6058 6061//6061
f 3903//3903 6061//6061 3904//3904
f 3902//3902 6055//6055 6058//6058
f 3902//3902 6058//6058 3903//3903
f 6064//6064 6065//6065 6068//6068
f 6064//6064 6068//6068 6067//6067
f 6065//6065 6066//6066 6069//6069
f 6065//6065 6069//6069 6068//6068
f 6067//6067 6068//6068 6071//6071
f 6067//6067 6071//6071 6070//6070
f 6068//6068 6069//6069 6072//6072
f 6068//6068 6072//6072 6071//6071
f 2812//2812 4016//4016 6064//6064
f 2812//2812 6064//6064 3959//3959
f 4016//4016 4017//4017 6065//6065
f 4016//4016 6065//6065 6064//6064
f 4017//4017 4018//4018 6066//6066
f 4017//4017 6066//6066 6065//6065
f 4018//4018 2828//2828 4007//4007
f 4018//4018 4007//4007 6066//6066
f 6066//6066 4007//4007 4008//4008
f 6066//6066 4008//4008 6069//6069
f 6069//6069 4008//4008 4009//4009
f 6069//6069 4009//4009 6072//6072
f 6072//6072 4009//4009 2838//2838
f 6072//6072 2838//2838 4039//4039
f 6071//6071 6072//6072 4039//4039
f 6071//6071 4039//4039 4038//4038
f 6070//6070 6071//6071 4038//4038
f 6070//6070 4038//4038 4037//4037
f 3961//3961 6070//6070 4037//4037
f 3961//3961 4037//4037 2825//2825
f 3960//3960 6067//6067 6070//6070
f 3960//3960 6070//6070 3961//3961
f 3959//3959 6064//6064 6067//6067
f 3959//3959 6067//6067 3960//3960
f 6073//6073 6074//6074 6077//6077
f 6073//6073 6077//6077 6076//6076
f 6074//6074 6075//6075 6078//6078
f 6074//6074 6078//6078 6077//6077
f 6076//6076 6077//6077 6080//6080
f 6076//6076 6080//6080 6079//6079
f 6077//6077 6078//6078 6081//6081
f 6077//6077 6081//6081 6080//6080
f 2825//2825 4037//4037 6073//6073
f 2825//2825 6073//6073 3923//3923
f 4037//4037 4038//4038 6074//6074
f 4037//4037 6074//6074 6073//6073
f 4038//4038 4039//4039 6075//6075
f 4038//4038 6075//6075 6074//6074
f 4039//4039 2838//2838 3992//3992
f 4039//4039 3992//3992 6075//6075
f 6075//6075 3992//3992 3993//3993
f 6075//6075 3993//3993 6078//6078
f 6078//6078 3993//3993 3994//3994
f 6078//6078 3994//3994 6081//6081
f 6081//6081 3994//3994 2836//2836
f 6081//6081 2836//2836 4045//4045
f 6080//6080 6081//6081 4045//4045
f 6080//6080 4045//4045 4044//4044
f 6079//6079 6080//6080 4044//4044
f 6079//6079 4044//4044 4043//4043
f 3925//3925 6079//6079 4043//4043
f 3925//3925 4043//4043 2823//2823
f 3924//3924 6076//6076 6079//6079
f 3924//3924 6079//6079 3925//3925
f 3923//3923 6073//6073 6076//6076
f 3923//3923 6076//6076 3924//3924
f 6082//6082 6083//6083 6086//6086
f 6082//6082 6086//6086 6085//6085
f 6083//6083 6084//6084 6087//6087
f 6083//6083 6087//6087 6086//6086
f 6085//6085 6086//6086 6089//6089
f 6085//6085 6089//6089 6088//6088
f 6086//6086 6087//6087 6090//6090
f 6086//6086 6090//6090 6089//6089
f 2823//2823 4043//4043 6082//6082
f 2823//2823 6082//6082 3878//3878
f 4043//4043 4044//4044 6083//6083
f 4043//4043 6083//6083 6082//6082
f 4044//4044 4045//4045 6084//6084
f 4044//4044 6084//6084 6083//6083
f 4045//4045 2836//2836 3968//3968
f 4045//4045 3968//3968 6084//6084
f 6084//6084 3968//3968 3969//3969
f 6084//6084 3969//3969 6087//6087
f 6087//6087 3969//3969 3970//3970
f 6087//6087 3970//3970 6090//6090
f 6090//6090 3970//3970 2837//2837
f 6090//6090 2837//2837 4025//4025
f 6089//6089 6090//6090 4025//4025
f 6089//6089 4025//4025 4026//4026
f 6088//6088 6089//6089 4026//4026
f 6088//6088 4026//4026 4027//4027
f 3880//3880 6088//6088 4027//4027
f 3880//3880 4027//4027 2824//2824
f 3879//3879 6085//6085 6088//6088
f 3879//3879 6088//6088 3880//3880
f 3878//3878 6082//6082 6085//6085
f 3878//3878 6085//6085 3879//3879
f 6091//6091 6092//6092 6095//6095
f 6091//6091 6095//6095 6094//6094
f 6092//6092 6093//6093 6096//6096
f 6092//6092 6096//6096 6095//6095
f 6094//6094 6095//6095 6098//6098
f 6094//6094 6098//6098 6097//6097
f 6095//6095 6096//6096 6099//6099
f 6095//6095 6099//6099 6098//6098
f 2815//2815 4034//4034 6091//6091
f 2815//2815 6091//6091 3896//3896
f 4034//4034 4035//4035 6092//6092
f 4034//4034 6092//6092 6091//6091
f 4035//4035 4036//4036 6093//6093
f 4035//4035 6093//6093 6092//6092
f 4036//4036 2831//2831 3977//3977
f 4036//4036 3977//3977 6093//6093
f 6093//6093 3977//3977 3978//3978
f 6093//6093 3978//3978 6096//6096
f 6096//6096 3978//3978 3979//3979
f 6096//6096 3979//3979 6099//6099
f 6099//6099 3979//3979 2832//2832
f 6099//6099 2832//2832 4019//4019
f 6098//6098 6099//6099 4019//4019
f 6098//6098 4019//4019 4020//4020
f 6097//6097 6098//6098 4020//4020
f 6097//6097 4020//4020 4021//4021
f 3898//3898 6097//6097 4021//4021
f 3898//3898 4021//4021 2816//2816
f 3897//3897 6094//6094 6097//6097
f 3897//3897 6097//6097 3898//3898
f 3896//3896 6091//6091 6094//6094
f 3896//3896 6094//6094 3897//3897
f 6100//6100 6101//6101 6104//6104
f 6100//6100 6104//6104 6103//6103
f 6101//6101 6102//6102 6105//6105
f 6101//6101 6105//6105 6104//6104
f 6103//6103 6104//6104 6107//6107
f 6103//6103 6107//6107 6106//6106
f 6104//6104 6105//6105 6108//6108
f 6104//6104 6108//6108 6107//6107
f 2807//2807 4010//4010 6100//6100
f 2807//2807 6100//6100 3926//3926
f 4010//4010 4011//4011 6101//6101
f 4010//4010 6101//6101 6100//6100
f 4011//4011 4012//4012 6102//6102
f 4011//4011 6102//6102 6101//6101
f 4012//4012 2827//2827 3995//3995
f 4012//4012 3995//3995 6102//6102
f 6102//6102 3995//3995 3996//3996
f 6102//6102 3996//3996 6105//6105
f 6105//6105 3996//3996 3997//3997
f 6105//6105 3997//3997 6108//6108
f 6108//6108 3997//3997 2829//2829
f 6108//6108 2829//2829 4048//4048
f 6107//6107 6108//6108 4048//4048
f 6107//6107 4048//4048 4047//4047
f 6106//6106 6107//6107 4047//4047
f 6106//6106 4047//4047 4046//4046
f 3928//3928 6106//6106 4046//4046
f 3928//3928 4046//4046 2813//2813
f 3927//3927 6103//6103 6106//6106
f 3927//3927 6106//6106 3928//3928
f 3926//3926 6100//6100 6103//6103
f 3926//3926 6103//6103 3927//3927
f 6109//6109 6110//6110 6113//6113
f 6109//6109 6113//6113 6112//6112
f 6110//6110 6111//6111 6114//6114
f 6110//6110 6114//6114 6113//6113
f 6112//6112 6113//6113 6116//6116
f 6112//6112 6116//6116 6115//6115
f 6113//6113 6114//6114 6117//6117
f 6113//6113 6117//6117 6116//6116
f 2818//2818 4040//4040 6109//6109
f 2818//2818 6109//6109 3944//3944
f 4040//4040 4041//4041 6110//6110
f 4040//4040 6110//6110 6109//6109
f 4041//4041 4042//4042 6111//6111
f 4041//4041 6111//6111 6110//6110
f 4042//4042 2834//2834 4001//4001
f 4042//4042 4001//4001 6111//6111
f 6111//6111 4001//4001 4002//4002
f 6111//6111 4002//4002 6114//6114
f 6114//6114 4002//4002 4003//4003
f 6114//6114 4003//4003 6117//6117
f 6117//6117 4003//4003 2835//2835
f 6117//6117 2835//2835 4013//4013
f 6116//6116 6117//6117 4013//4013
f 6116//6116 4013//4013 4014//4014
f 6115//6115 6116//6116 4014//4014
f 6115//6115 4014//4014 4015//4015
f 3946//3946 6115//6115 4015//4015
f 3946//3946 4015//4015 2822//2822
f 3945//3945 6112//6112 6115//6115
f 3945//3945 6115//6115 3946//3946
f 3944//3944 6109//6109 6112//6112
f 3944//3944 6112//6112 3945//3945
f 6118//6118 6119//6119 6122//6122
f 6118//6118 6122//6122 6121//6121
f 6119//6119 6120//6120 6123//6123
f 6119//6119 6123//6123 6122//6122
f 6121//6121 6122//6122 6125//6125
f 6121//6121 6125//6125 6124//6124
f 6122//6122 6123//6123 6126//6126
f 6122//6122 6126//6126 6125//6125
f 2777//2777 4543//4543 6118//6118
f 2777//2777 6118//6118 3935//3935
f 4543//4543 4542//4542 6119//6119
f 4543//4543 6119//6119 6118//6118
f 4542//4542 4541//4541 6120//6120
f 4542//4542 6120//6120 6119//6119
f 4541//4541 2810//2810 3916//3916
f 4541//4541 3916//3916 6120//6120
f 6120//6120 3916//3916 3915//3915
f 6120//6120 3915//3915 6123//6123
f 6123//6123 3915//3915 3914//3914
f 6123//6123 3914//3914 6126//6126
f 6126//6126 3914//3914 2820//2820
f 6126//6126 2820//2820 4547//4547
f 6125//6125 6126//6126 4547//4547
f 6125//6125 4547//4547 4548//4548
f 6124//6124 6125//6125 4548//4548
f 6124//6124 4548//4548 4549//4549
f 3937//3937 6124//6124 4549//4549
f 3937//3937 4549//4549 2818//2818
f 3936//3936 6121//6121 6124//6124
f 3936//3936 6124//6124 3937//3937
f 3935//3935 6118//6118 6121//6121
f 3935//3935 6121//6121 3936//3936
f 6127//6127 6128//6128 6131//6131
f 6127//6127 6131//6131 6130//6130
f 6128//6128 6129//6129 6132//6132
f 6128//6128 6132//6132 6131//6131
f 6130//6130 6131//6131 6134//6134
f 6130//6130 6134//6134 6133//6133
f 6131//6131 6132//6132 6135//6135
f 6131//6131 6135//6135 6134//6134
f 2813//2813 4046//4046 6127//6127
f 2813//2813 6127//6127 3911//3911
f 4046//4046 4047//4047 6128//6128
f 4046//4046 6128//6128 6127//6127
f 4047//4047 4048//4048 6129//6129
f 4047//4047 6129//6129 6128//6128
f 4048//4048 2829//2829 3986//3986
f 4048//4048 3986//3986 6129//6129
f 6129//6129 3986//3986 3987//3987
f 6129//6129 3987//3987 6132//6132
f 6132//6132 3987//3987 3988//3988
f 6132//6132 3988//3988 6135//6135
f 6135//6135 3988//3988 2830//2830
f 6135//6135 2830//2830 4031//4031
f 6134//6134 6135//6135 4031//4031
f 6134//6134 4031//4031 4032//4032
f 6133//6133 6134//6134 4032//4032
f 6133//6133 4032//4032 4033//4033
f 3913//3913 6133//6133 4033//4033
f 3913//3913 4033//4033 2814//2814
f 3912//3912 6130//6130 6133//6133
f 3912//3912 6133//6133 3913//3913
f 3911//3911 6127//6127 6130//6130
f 3911//3911 6130//6130 3912//3912
f 6136//6136 6137//6137 6140//6140
f 6136//6136 6140//6140 6139//6139
f 6137//6137 6138//6138 6141//6141
f 6137//6137 6141//6141 6140//6140
f 6139//6139 6140//6140 6143//6143
f 6139//6139 6143//6143 6142//6142
f 6140//6140 6141//6141 6144//6144
f 6140//6140 6144//6144 6143//6143
f 2897//2897 4409//4409 6136//6136
f 2897//2897 6136//6136 3794//3794
f 4409//4409 4410//4410 6137//6137
f 4409//4409 6137//6137 6136//6136
f 4410//4410 4411//4411 6138//6138
f 4410//4410 6138//6138 6137//6137
f 4411//4411 2903//2903 4390//4390
f 4411//4411 4390//4390 6138//6138
f 6138//6138 4390//4390 4389//4389
f 6138//6138 4389//4389 6141//6141
f 6141//6141 4389//4389 4388//4388
f 6141//6141 4388//4388 6144//6144
f 6144//6144 4388//4388 2840//2840
f 6144//6144 2840//2840 4054//4054
f 6143//6143 6144//6144 4054//4054
f 6143//6143 4054//4054 4053//4053
f 6142//6142 6143//6143 4053//4053
f 6142//6142 4053//4053 4052//4052
f 3796//3796 6142//6142 4052//4052
f 3796//3796 4052//4052 2783//2783
f 3795//3795 6139//6139 6142//6142
f 3795//3795 6142//6142 3796//3796
f 3794//3794 6136//6136 6139//6139
f 3794//3794 6139//6139 3795//3795
f 6145//6145 6146//6146 6149//6149
f 6145//6145 6149//6149 6148//6148
f 6146//6146 6147//6147 6150//6150
f 6146//6146 6150//6150 6149//6149
f 6148//6148 6149//6149 6152//6152
f 6148//6148 6152//6152 6151//6151
f 6149//6149 6150//6150 6153//6153
f 6149//6149 6153//6153 6152//6152
f 2910//2910 4127//4127 6145//6145
f 2910//2910 6145//6145 4447//4447
f 4127//4127 4128//4128 6146//6146
f 4127//4127 6146//6146 6145//6145
f 4128//4128 4129//4129 6147//6147
f 4128//4128 6147//6147 6146//6146
f 4129//4129 2855//2855 4049//4049
f 4129//4129 4049//4049 6147//6147
f 6147//6147 4049//4049 4050//4050
f 6147//6147 4050//4050 6150//6150
f 6150//6150 4050//4050 4051//4051
f 6150//6150 4051//4051 6153//6153
f 6153//6153 4051//4051 2839//2839
f 6153//6153 2839//2839 4057//4057
f 6152//6152 6153//6153 4057//4057
f 6152//6152 4057//4057 4056//4056
f 6151//6151 6152//6152 4056//4056
f 6151//6151 4056//4056 4055//4055
f 4445//4445 6151//6151 4055//4055
f 4445//4445 4055//4055 2908//2908
f 4446//4446 6148//6148 6151//6151
f 4446//4446 6151//6151 4445//4445
f 4447//4447 6145//6145 6148//6148
f 4447//4447 6148//6148 4446//4446
f 6154//6154 6155//6155 6158//6158
f 6154//6154 6158//6158 6157//6157
f 6155//6155 6156//6156 6159//6159
f 6155//6155 6159//6159 6158//6158
f 6157//6157 6158//6158 6161//6161
f 6157//6157 6161//6161 6160//6160
f 6158//6158 6159//6159 6162//6162
f 6158//6158 6162//6162 6161//6161
f 2778//2778 3781//3781 6154//6154
f 2778//2778 6154//6154 4061//4061
f 3781//3781 3780//3780 6155//6155
f 3781//3781 6155//6155 6154//6154
f 3780//3780 3779//3779 6156//6156
f 3780//3780 6156//6156 6155//6155
f 3779//3779 2839//2839 4060//4060
f 3779//3779 4060//4060 6156//6156
f 6156//6156 4060//4060 4059//4059
f 6156//6156 4059//4059 6159//6159
f 6159//6159 4059//4059 4058//4058
f 6159//6159 4058//4058 6162//6162
f 6162//6162 4058//4058 2844//2844
f 6162//6162 2844//2844 4069//4069
f 6161//6161 6162//6162 4069//4069
f 6161//6161 4069//4069 4068//4068
f 6160//6160 6161//6161 4068//4068
f 6160//6160 4068//4068 4067//4067
f 4063//4063 6160//6160 4067//4067
f 4063//4063 4067//4067 2842//2842
f 4062//4062 6157//6157 6160//6160
f 4062//4062 6160//6160 4063//4063
f 4061//4061 6154//6154 6157//6157
f 4061//4061 6157//6157 4062//4062
f 6163//6163 6164//6164 6167//6167
f 6163//6163 6167//6167 6166//6166
f 6164//6164 6165//6165 6168//6168
f 6164//6164 6168//6168 6167//6167
f 6166//6166 6167//6167 6170//6170
f 6166//6166 6170//6170 6169//6169
f 6167//6167 6168//6168 6171//6171
f 6167//6167 6171//6171 6170//6170
f 2866//2866 4190//4190 6163//6163
f 2866//2866 6163//6163 3845//3845
f 4190//4190 4191//4191 6164//6164
f 4190//4190 6164//6164 6163//6163
f 4191//4191 4192//4192 6165//6165
f 4191//4191 6165//6165 6164//6164
f 4192//4192 2868//2868 4189//4189
f 4192//4192 4189//4189 6165//6165
f 6165//6165 4189//4189 4188//4188
f 6165//6165 4188//4188 6168//6168
f 6168//6168 4188//4188 4187//4187
f 6168//6168 4187//4187 6171//6171
f 6171//6171 4187//4187 2843//2843
f 6171//6171 2843//2843 4066//4066
f 6170//6170 6171//6171 4066//4066
f 6170//6170 4066//4066 4065//4065
f 6169//6169 6170//6170 4065//4065
f 6169//6169 4065//4065 4064//4064
f 3847//3847 6169//6169 4064//4064
f 3847//3847 4064//4064 2797//2797
f 3846//3846 6166//6166 6169//6169
f 3846//3846 6169//6169 3847//3847
f 3845//3845 6163//6163 6166//6166
f 3845//3845 6166//6166 3846//3846
f 6172//6172 6173//6173 6176//6176
f 6172//6172 6176//6176 6175//6175
f 6173//6173 6174//6174 6177//6177
f 6173//6173 6177//6177 6176//6176
f 6175//6175 6176//6176 6179//6179
f 6175//6175 6179//6179 6178//6178
f 6176//6176 6177//6177 6180//6180
f 6176//6176 6180//6180 6179//6179
f 2800//2800 4301//4301 6172//6172
f 2800//2800 6172//6172 3856//3856
f 4301//4301 4302//4302 6173//6173
f 4301//4301 6173//6173 6172//6172
f 4302//4302 4303//4303 6174//6174
f 4302//4302 6174//6174 6173//6173
f 4303//4303 2885//2885 4322//4322
f 4303//4303 4322//4322 6174//6174
f 6174//6174 4322//4322 4323//4323
f 6174//6174 4323//4323 6177//6177
f 6177//6177 4323//4323 4324//4324
f 6177//6177 4324//4324 6180//6180
f 6180//6180 4324//4324 2889//2889
f 6180//6180 2889//2889 4315//4315
f 6179//6179 6180//6180 4315//4315
f 6179//6179 4315//4315 4314//4314
f 6178//6178 6179//6179 4314//4314
f 6178//6178 4314//4314 4313//4313
f 3854//3854 6178//6178 4313//4313
f 3854//3854 4313//4313 2858//2858
f 3855//3855 6175//6175 6178//6178
f 3855//3855 6178//6178 3854//3854
f 3856//3856 6172//6172 6175//6175
f 3856//3856 6175//6175 3855//3855
f 6181//6181 6182//6182 6185//6185
f 6181//6181 6185//6185 6184//6184
f 6182//6182 6183//6183 6186//6186
f 6182//6182 6186//6186 6185//6185
f 6184//6184 6185//6185 6188//6188
f 6184//6184 6188//6188 6187//6187
f 6185//6185 6186//6186 6189//6189
f 6185//6185 6189//6189 6188//6188
f 2916//2916 4520//4520 6181//6181
f 2916//2916 6181//6181 4076//4076
f 4520//4520 4521//4521 6182//6182
f 4520//4520 6182//6182 6181//6181
f 4521//4521 4522//4522 6183//6183
f 4521//4521 6183//6183 6182//6182
f 4522//4522 2922//2922 4480//4480
f 4522//4522 4480//4480 6183//6183
f 6183//6183 4480//4480 4479//4479
f 6183//6183 4479//4479 6186//6186
f 6186//6186 4479//4479 4478//4478
f 6186//6186 4478//4478 6189//6189
f 6189//6189 4478//4478 2850//2850
f 6189//6189 2850//2850 4096//4096
f 6188//6188 6189//6189 4096//4096
f 6188//6188 4096//4096 4095//4095
f 6187//6187 6188//6188 4095//4095
f 6187//6187 4095//4095 4094//4094
f 4078//4078 6187//6187 4094//4094
f 4078//4078 4094//4094 2845//2845
f 4077//4077 6184//6184 6187//6187
f 4077//4077 6187//6187 4078//4078
f 4076//4076 6181//6181 6184//6184
f 4076//4076 6184//6184 4077//4077
f 6190//6190 6191//6191 6194//6194
f 6190//6190 6194//6194 6193//6193
f 6191//6191 6192//6192 6195//6195
f 6191//6191 6195//6195 6194//6194
f 6193//6193 6194//6194 6197//6197
f 6193//6193 6197//6197 6196//6196
f 6194//6194 6195//6195 6198//6198
f 6194//6194 6198//6198 6197//6197
f 2925//2925 4361//4361 6190//6190
f 2925//2925 6190//6190 4519//4519
f 4361//4361 4362//4362 6191//6191
f 4361//4361 6191//6191 6190//6190
f 4362//4362 4363//4363 6192//6192
f 4362//4362 6192//6192 6191//6191
f 4363//4363 2893//2893 4345//4345
f 4363//4363 4345//4345 6192//6192
f 6192//6192 4345//4345 4344//4344
f 6192//6192 4344//4344 6195//6195
f 6195//6195 4344//4344 4343//4343
f 6195//6195 4343//4343 6198//6198
f 6198//6198 4343//4343 2849//2849
f 6198//6198 2849//2849 4475//4475
f 6197//6197 6198//6198 4475//4475
f 6197//6197 4475//4475 4476//4476
f 6196//6196 6197//6197 4476//4476
f 6196//6196 4476//4476 4477//4477
f 4517//4517 6196//6196 4477//4477
f 4517//4517 4477//4477 2921//2921
f 4518//4518 6193//6193 6196//6196
f 4518//4518 6196//6196 4517//4517
f 4519//4519 6190//6190 6193//6193
f 4519//4519 6193//6193 4518//4518
f 6199//6199 6200//6200 6203//6203
f 6199//6199 6203//6203 6202//6202
f 6200//6200 6201//6201 6204//6204
f 6200//6200 6204//6204 6203//6203
f 6202//6202 6203//6203 6206//6206
f 6202//6202 6206//6206 6205//6205
f 6203//6203 6204//6204 6207//6207
f 6203//6203 6207//6207 6206//6206
f 2789//2789 4528//4528 6199//6199
f 2789//2789 6199//6199 4213//4213
f 4528//4528 4527//4527 6200//6200
f 4528//4528 6200//6200 6199//6199
f 4527//4527 4526//4526 6201//6201
f 4527//4527 6201//6201 6200//6200
f 4526//4526 2882//2882 4289//4289
f 4526//4526 4289//4289 6201//6201
f 6201//6201 4289//4289 4290//4290
f 6201//6201 4290//4290 6204//6204
f 6204//6204 4290//4290 4291//4291
f 6204//6204 4291//4291 6207//6207
f 6207//6207 4291//4291 2929//2929
f 6207//6207 2929//2929 4135//4135
f 6206//6206 6207//6207 4135//4135
f 6206//6206 4135//4135 4134//4134
f 6205//6205 6206//6206 4134//4134
f 6205//6205 4134//4134 4133//4133
f 4211//4211 6205//6205 4133//4133
f 4211//4211 4133//4133 2790//2790
f 4212//4212 6202//6202 6205//6205
f 4212//4212 6205//6205 4211//4211
f 4213//4213 6199//6199 6202//6202
f 4213//4213 6202//6202 4212//4212
f 6208//6208 6209//6209 6212//6212
f 6208//6208 6212//6212 6211//6211
f 6209//6209 6210//6210 6213//6213
f 6209//6209 6213//6213 6212//6212
f 6211//6211 6212//6212 6215//6215
f 6211//6211 6215//6215 6214//6214
f 6212//6212 6213//6213 6216//6216
f 6212//6212 6216//6216 6215//6215
f 2873//2873 4255//4255 6208//6208
f 2873//2873 6208//6208 3782//3782
f 4255//4255 4254//4254 6209//6209
f 4255//4255 6209//6209 6208//6208
f 4254//4254 4253//4253 6210//6210
f 4254//4254 6210//6210 6209//6209
f 4253//4253 2874//2874 4240//4240
f 4253//4253 4240//4240 6210//6210
f 6210//6210 4240//4240 4239//4239
f 6210//6210 4239//4239 6213//6213
f 6213//6213 4239//4239 4238//4238
f 6213//6213 4238//4238 6216//6216
f 6216//6216 4238//4238 2788//2788
f 6216//6216 2788//2788 4210//4210
f 6215//6215 6216//6216 4210//4210
f 6215//6215 4210//4210 4209//4209
f 6214//6214 6215//6215 4209//4209
f 6214//6214 4209//4209 4208//4208
f 3784//3784 6214//6214 4208//4208
f 3784//3784 4208//4208 2781//2781
f 3783//3783 6211//6211 6214//6214
f 3783//3783 6214//6214 3784//3784
f 3782//3782 6208//6208 6211//6211
f 3782//3782 6211//6211 3783//3783
f 6217//6217 6218//6218 6221//6221
f 6217//6217 6221//6221 6220//6220
f 6218//6218 6219//6219 6222//6222
f 6218//6218 6222//6222 6221//6221
f 6220//6220 6221//6221 6224//6224
f 6220//6220 6224//6224 6223//6223
f 6221//6221 6222//6222 6225//6225
f 6221//6221 6225//6225 6224//6224
f 2927//2927 4511//4511 6217//6217
f 2927//2927 6217//6217 4492//4492
f 4511//4511 4512//4512 6218//6218
f 4511//4511 6218//6218 6217//6217
f 4512//4512 4513//4513 6219//6219
f 4512//4512 6219//6219 6218//6218
f 4513//4513 2916//2916 4076//4076
f 4513//4513 4076//4076 6219//6219
f 6219//6219 4076//4076 4077//4077
f 6219//6219 4077//4077 6222//6222
f 6222//6222 4077//4077 4078//4078
f 6222//6222 4078//4078 6225//6225
f 6225//6225 4078//4078 2845//2845
f 6225//6225 2845//2845 4108//4108
f 6224//6224 6225//6225 4108//4108
f 6224//6224 4108//4108 4107//4107
f 6223//6223 6224//6224 4107//4107
f 6223//6223 4107//4107 4106//4106
f 4490//4490 6223//6223 4106//4106
f 4490//4490 4106//4106 2909//2909
f 4491//4491 6220//6220 6223//6223
f 4491//4491 6223//6223 4490//4490
f 4492//4492 6217//6217 6220//6220
f 4492//4492 6220//6220 4491//4491
f 6226//6226 6227//6227 6230//6230
f 6226//6226 6230//6230 6229//6229
f 6227//6227 6228//6228 6231//6231
f 6227//6227 6231//6231 6230//6230
f 6229//6229 6230//6230 6233//6233
f 6229//6229 6233//6233 6232//6232
f 6230//6230 6231//6231 6234//6234
f 6230//6230 6234//6234 6233//6233
f 2922//2922 4508//4508 6226//6226
f 2922//2922 6226//6226 4480//4480
f 4508//4508 4509//4509 6227//6227
f 4508//4508 6227//6227 6226//6226
f 4509//4509 4510//4510 6228//6228
f 4509//4509 6228//6228 6227//6227
f 4510//4510 2917//2917 4079//4079
f 4510//4510 4079//4079 6228//6228
f 6228//6228 4079//4079 4080//4080
f 6228//6228 4080//4080 6231//6231
f 6231//6231 4080//4080 4081//4081
f 6231//6231 4081//4081 6234//6234
f 6234//6234 4081//4081 2846//2846
f 6234//6234 2846//2846 4111//4111
f 6233//6233 6234//6234 4111//4111
f 6233//6233 4111//4111 4110//4110
f 6232//6232 6233//6233 4110//4110
f 6232//6232 4110//4110 4109//4109
f 4478//4478 6232//6232 4109//4109
f 4478//4478 4109//4109 2850//2850
f 4479//4479 6229//6229 6232//6232
f 4479//4479 6232//6232 4478//4478
f 4480//4480 6226//6226 6229//6229
f 4480//4480 6229//6229 4479//4479
f 6235//6235 6236//6236 6239//6239
f 6235//6235 6239//6239 6238//6238
f 6236//6236 6237//6237 6240//6240
f 6236//6236 6240//6240 6239//6239
f 6238//6238 6239//6239 6242//6242
f 6238//6238 6242//6242 6241//6241
f 6239//6239 6240//6240 6243//6243
f 6239//6239 6243//6243 6242//6242
f 2839//2839 4051//4051 6235//6235
f 2839//2839 6235//6235 4060//4060
f 4051//4051 4050//4050 6236//6236
f 4051//4051 6236//6236 6235//6235
f 4050//4050 4049//4049 6237//6237
f 4050//4050 6237//6237 6236//6236
f 4049//4049 2855//2855 4126//4126
f 4049//4049 4126//4126 6237//6237
f 6237//6237 4126//4126 4125//4125
f 6237//6237 4125//4125 6240//6240
f 6240//6240 4125//4125 4124//4124
f 6240//6240 4124//4124 6243//6243
f 6243//6243 4124//4124 2856//2856
f 6243//6243 2856//2856 4123//4123
f 6242//6242 6243//6243 4123//4123
f 6242//6242 4123//4123 4122//4122
f 6241//6241 6242//6242 4122//4122
f 6241//6241 4122//4122 4121//4121
f 4058//4058 6241//6241 4121//4121
f 4058//4058 4121//4121 2844//2844
f 4059//4059 6238//6238 6241//6241
f 4059//4059 6241//6241 4058//4058
f 4060//4060 6235//6235 6238//6238
f 4060//4060 6238//6238 4059//4059
f 6244//6244 6245//6245 6248//6248
f 6244//6244 6248//6248 6247//6247
f 6245//6245 6246//6246 6249//6249
f 6245//6245 6249//6249 6248//6248
f 6247//6247 6248//6248 6251//6251
f 6247//6247 6251//6251 6250//6250
f 6248//6248 6249//6249 6252//6252
f 6248//6248 6252//6252 6251//6251
f 2888//2888 4339//4339 6244//6244
f 2888//2888 6244//6244 4312//4312
f 4339//4339 4338//4338 6245//6245
f 4339//4339 6245//6245 6244//6244
f 4338//4338 4337//4337 6246//6246
f 4338//4338 6246//6246 6245//6245
f 4337//4337 2887//2887 4379//4379
f 4337//4337 4379//4379 6246//6246
f 6246//6246 4379//4379 4380//4380
f 6246//6246 4380//4380 6249//6249
f 6249//6249 4380//4380 4381//4381
f 6249//6249 4381//4381 6252//6252
f 6252//6252 4381//4381 2899//2899
f 6252//6252 2899//2899 4414//4414
f 6251//6251 6252//6252 4414//4414
f 6251//6251 4414//4414 4413//4413
f 6250//6250 6251//6251 4413//4413
f 6250//6250 4413//4413 4412//4412
f 4310//4310 6250//6250 4412//4412
f 4310//4310 4412//4412 2904//2904
f 4311//4311 6247//6247 6250//6250
f 4311//4311 6250//6250 4310//4310
f 4312//4312 6244//6244 6247//6247
f 4312//4312 6247//6247 4311//4311
f 6253//6253 6254//6254 6257//6257
f 6253//6253 6257//6257 6256//6256
f 6254//6254 6255//6255 6258//6258
f 6254//6254 6258//6258 6257//6257
f 6256//6256 6257//6257 6260//6260
f 6256//6256 6260//6260 6259//6259
f 6257//6257 6258//6258 6261//6261
f 6257//6257 6261//6261 6260//6260
f 2888//2888 4327//4327 6253//6253
f 2888//2888 6253//6253 4286//4286
f 4327//4327 4326//4326 6254//6254
f 4327//4327 6254//6254 6253//6253
f 4326//4326 4325//4325 6255//6255
f 4326//4326 6255//6255 6254//6254
f 4325//4325 2886//2886 4532//4532
f 4325//4325 4532//4532 6255//6255
f 6255//6255 4532//4532 4533//4533
f 6255//6255 4533//4533 6258//6258
f 6258//6258 4533//4533 4534//4534
f 6258//6258 4534//4534 6261//6261
f 6261//6261 4534//4534 2870//2870
f 6261//6261 2870//2870 3839//3839
f 6260//6260 6261//6261 3839//3839
f 6260//6260 3839//3839 3840//3840
f 6259//6259 6260//6260 3840//3840
f 6259//6259 3840//3840 3841//3841
f 4288//4288 6259//6259 3841//3841
f 4288//4288 3841//3841 2882//2882
f 4287//4287 6256//6256 6259//6259
f 4287//4287 6259//6259 4288//4288
f 4286//4286 6253//6253 6256//6256
f 4286//4286 6256//6256 4287//4287
f 6262//6262 6263//6263 6266//6266
f 6262//6262 6266//6266 6265//6265
f 6263//6263 6264//6264 6267//6267
f 6263//6263 6267//6267 6266//6266
f 6265//6265 6266//6266 6269//6269
f 6265//6265 6269//6269 6268//6268
f 6266//6266 6267//6267 6270//6270
f 6266//6266 6270//6270 6269//6269
f 2903//2903 4406//4406 6262//6262
f 2903//2903 6262//6262 4390//4390
f 4406//4406 4407//4407 6263//6263
f 4406//4406 6263//6263 6262//6262
f 4407//4407 4408//4408 6264//6264
f 4407//4407 6264//6264 6263//6263
f 4408//4408 2904//2904 4393//4393
f 4408//4408 4393//4393 6264//6264
f 6264//6264 4393//4393 4392//4392
f 6264//6264 4392//4392 6267//6267
f 6267//6267 4392//4392 4391//4391
f 6267//6267 4391//4391 6270//6270
f 6270//6270 4391//4391 2852//2852
f 6270//6270 2852//2852 4114//4114
f 6269//6269 6270//6270 4114//4114
f 6269//6269 4114//4114 4113//4113
f 6268//6268 6269//6269 4113//4113
f 6268//6268 4113//4113 4112//4112
f 4388//4388 6268//6268 4112//4112
f 4388//4388 4112//4112 2840//2840
f 4389//4389 6265//6265 6268//6268
f 4389//4389 6268//6268 4388//4388
f 4390//4390 6262//6262 6265//6265
f 4390//4390 6265//6265 4389//4389
f 6271//6271 6272//6272 6275//6275
f 6271//6271 6275//6275 6274//6274
f 6272//6272 6273//6273 6276//6276
f 6272//6272 6276//6276 6275//6275
f 6274//6274 6275//6275 6278//6278
f 6274//6274 6278//6278 6277//6277
f 6275//6275 6276//6276 6279//6279
f 6275//6275 6279//6279 6278//6278
f 2851//2851 3787//3787 6271//6271
f 2851//2851 6271//6271 4136//4136
f 3787//3787 3786//3786 6272//6272
f 3787//3787 6272//6272 6271//6271
f 3786//3786 3785//3785 6273//6273
f 3786//3786 6273//6273 6272//6272
f 3785//3785 2842//2842 4067//4067
f 3785//3785 4067//4067 6273//6273
f 6273//6273 4067//4067 4068//4068
f 6273//6273 4068//4068 6276//6276
f 6276//6276 4068//4068 4069//4069
f 6276//6276 4069//4069 6279//6279
f 6279//6279 4069//4069 2844//2844
f 6279//6279 2844//2844 4121//4121
f 6278//6278 6279//6279 4121//4121
f 6278//6278 4121//4121 4122//4122
f 6277//6277 6278//6278 4122//4122
f 6277//6277 4122//4122 4123//4123
f 4138//4138 6277//6277 4123//4123
f 4138//4138 4123//4123 2856//2856
f 4137//4137 6274//6274 6277//6277
f 4137//4137 6277//6277 4138//4138
f 4136//4136 6271//6271 6274//6274
f 4136//4136 6274//6274 4137//4137
f 6280//6280 6281//6281 6284//6284
f 6280//6280 6284//6284 6283//6283
f 6281//6281 6282//6282 6285//6285
f 6281//6281 6285//6285 6284//6284
f 6283//6283 6284//6284 6287//6287
f 6283//6283 6287//6287 6286//6286
f 6284//6284 6285//6285 6288//6288
f 6284//6284 6288//6288 6287//6287
f 2843//2843 3869//3869 6280//6280
f 2843//2843 6280//6280 4075//4075
f 3869//3869 3870//3870 6281//6281
f 3869//3869 6281//6281 6280//6280
f 3870//3870 3871//3871 6282//6282
f 3870//3870 6282//6282 6281//6281
f 3871//3871 2798//2798 4154//4154
f 3871//3871 4154//4154 6282//6282
f 6282//6282 4154//4154 4155//4155
f 6282//6282 4155//4155 6285//6285
f 6285//6285 4155//4155 4156//4156
f 6285//6285 4156//4156 6288//6288
f 6288//6288 4156//4156 2862//2862
f 6288//6288 2862//2862 4159//4159
f 6287//6287 6288//6288 4159//4159
f 6287//6287 4159//4159 4158//4158
f 6286//6286 6287//6287 4158//4158
f 6286//6286 4158//4158 4157//4157
f 4073//4073 6286//6286 4157//4157
f 4073//4073 4157//4157 2860//2860
f 4074//4074 6283//6283 6286//6286
f 4074//4074 6286//6286 4073//4073
f 4075//4075 6280//6280 6283//6283
f 4075//4075 6283//6283 4074//4074
f 6289//6289 6290//6290 6293//6293
f 6289//6289 6293//6293 6292//6292
f 6290//6290 6291//6291 6294//6294
f 6290//6290 6294//6294 6293//6293
f 6292//6292 6293//6293 6296//6296
f 6292//6292 6296//6296 6295//6295
f 6293//6293 6294//6294 6297//6297
f 6293//6293 6297//6297 6296//6296
f 2907//2907 3866//3866 6289//6289
f 2907//2907 6289//6289 4441//4441
f 3866//3866 3867//3867 6290//6290
f 3866//3866 6290//6290 6289//6289
f 3867//3867 3868//3868 6291//6291
f 3867//3867 6291//6291 6290//6290
f 3868//3868 2797//2797 4151//4151
f 3868//3868 4151//4151 6291//6291
f 6291//6291 4151//4151 4152//4152
f 6291//6291 4152//4152 6294//6294
f 6294//6294 4152//4152 4153//4153
f 6294//6294 4153//4153 6297//6297
f 6297//6297 4153//4153 2861//2861
f 6297//6297 2861//2861 4162//4162
f 6296//6296 6297//6297 4162//4162
f 6296//6296 4162//4162 4161//4161
f 6295//6295 6296//6296 4161//4161
f 6295//6295 4161//4161 4160//4160
f 4439//4439 6295//6295 4160//4160
f 4439//4439 4160//4160 2911//2911
f 4440//4440 6292//6292 6295//6295
f 4440//4440 6295//6295 4439//4439
f 4441//4441 6289//6289 6292//6292
f 4441//4441 6292//6292 4440//4440
f 6298//6298 6299//6299 6302//6302
f 6298//6298 6302//6302 6301//6301
f 6299//6299 6300//6300 6303//6303
f 6299//6299 6303//6303 6302//6302
f 6301//6301 6302//6302 6305//6305
f 6301//6301 6305//6305 6304//6304
f 6302//6302 6303//6303 6306//6306
f 6302//6302 6306//6306 6305//6305
f 2923//2923 4531//4531 6298//6298
f 2923//2923 6298//6298 4294//4294
f 4531//4531 4530//4530 6299//6299
f 4531//4531 6299//6299 6298//6298
f 4530//4530 4529//4529 6300//6300
f 4530//4530 6300//6300 6299//6299
f 4529//4529 2880//2880 4229//4229
f 4529//4529 4229//4229 6300//6300
f 6300//6300 4229//4229 4230//4230
f 6300//6300 4230//4230 6303//6303
f 6303//6303 4230//4230 4231//4231
f 6303//6303 4231//4231 6306//6306
f 6306//6306 4231//4231 2871//2871
f 6306//6306 2871//2871 4222//4222
f 6305//6305 6306//6306 4222//4222
f 6305//6305 4222//4222 4221//4221
f 6304//6304 6305//6305 4221//4221
f 6304//6304 4221//4221 4220//4220
f 4292//4292 6304//6304 4220//4220
f 4292//4292 4220//4220 2928//2928
f 4293//4293 6301//6301 6304//6304
f 4293//4293 6304//6304 4292//4292
f 4294//4294 6298//6298 6301//6301
f 4294//4294 6301//6301 4293//4293
f 6307//6307 6308//6308 6311//6311
f 6307//6307 6311//6311 6310//6310
f 6308//6308 6309//6309 6312//6312
f 6308//6308 6312//6312 6311//6311
f 6310//6310 6311//6311 6314//6314
f 6310//6310 6314//6314 6313//6313
f 6311//6311 6312//6312 6315//6315
f 6311//6311 6315//6315 6314//6314
f 2873//2873 3782//3782 6307//6307
f 2873//2873 6307//6307 4364//4364
f 3782//3782 3783//3783 6308//6308
f 3782//3782 6308//6308 6307//6307
f 3783//3783 3784//3784 6309//6309
f 3783//3783 6309//6309 6308//6308
f 3784//3784 2781//2781 4295//4295
f 3784//3784 4295//4295 6309//6309
f 6309//6309 4295//4295 4296//4296
f 6309//6309 4296//4296 6312//6312
f 6312//6312 4296//4296 4297//4297
f 6312//6312 4297//4297 6315//6315
f 6315//6315 4297//4297 2854//2854
f 6315//6315 2854//2854 4132//4132
f 6314//6314 6315//6315 4132//4132
f 6314//6314 4132//4132 4131//4131
f 6313//6313 6314//6314 4131//4131
f 6313//6313 4131//4131 4130//4130
f 4366//4366 6313//6313 4130//4130
f 4366//4366 4130//4130 2894//2894
f 4365//4365 6310//6310 6313//6313
f 4365//4365 6313//6313 4366//4366
f 4364//4364 6307//6307 6310//6310
f 4364//4364 6310//6310 4365//4365
f 6316//6316 6317//6317 6320//6320
f 6316//6316 6320//6320 6319//6319
f 6317//6317 6318//6318 6321//6321
f 6317//6317 6321//6321 6320//6320
f 6319//6319 6320//6320 6323//6323
f 6319//6319 6323//6323 6322//6322
f 6320//6320 6321//6321 6324//6324
f 6320//6320 6324//6324 6323//6323
f 2892//2892 4358//4358 6316//6316
f 2892//2892 6316//6316 4342//4342
f 4358//4358 4359//4359 6317//6317
f 4358//4358 6317//6317 6316//6316
f 4359//4359 4360//4360 6318//6318
f 4359//4359 6318//6318 6317//6317
f 4360//4360 2895//2895 4351//4351
f 4360//4360 4351//4351 6318//6318
f 6318//6318 4351//4351 4350//4350
f 6318//6318 4350//4350 6321//6321
f 6321//6321 4350//4350 4349//4349
f 6321//6321 4349//4349 6324//6324
f 6324//6324 4349//4349 2859//2859
f 6324//6324 2859//2859 3857//3857
f 6323//6323 6324//6324 3857//3857
f 6323//6323 3857//3857 3858//3858
f 6322//6322 6323//6323 3858//3858
f 6322//6322 3858//3858 3859//3859
f 4340//4340 6322//6322 3859//3859
f 4340//4340 3859//3859 2801//2801
f 4341//4341 6319//6319 6322//6322
f 4341//4341 6322//6322 4340//4340
f 4342//4342 6316//6316 6319//6319
f 4342//4342 6319//6319 4341//4341
f 6325//6325 6326//6326 6329//6329
f 6325//6325 6329//6329 6328//6328
f 6326//6326 6327//6327 6330//6330
f 6326//6326 6330//6330 6329//6329
f 6328//6328 6329//6329 6332//6332
f 6328//6328 6332//6332 6331//6331
f 6329//6329 6330//6330 6333//6333
f 6329//6329 6333//6333 6332//6332
f 2797//2797 4064//4064 6325//6325
f 2797//2797 6325//6325 4151//4151
f 4064//4064 4065//4065 6326//6326
f 4064//4064 6326//6326 6325//6325
f 4065//4065 4066//4066 6327//6327
f 4065//4065 6327//6327 6326//6326
f 4066//4066 2843//2843 4075//4075
f 4066//4066 4075//4075 6327//6327
f 6327//6327 4075//4075 4074//4074
f 6327//6327 4074//4074 6330//6330
f 6330//6330 4074//4074 4073//4073
f 6330//6330 4073//4073 6333//6333
f 6333//6333 4073//4073 2860//2860
f 6333//6333 2860//2860 4171//4171
f 6332//6332 6333//6333 4171//4171
f 6332//6332 4171//4171 4170//4170
f 6331//6331 6332//6332 4170//4170
f 6331//6331 4170//4170 4169//4169
f 4153//4153 6331//6331 4169//4169
f 4153//4153 4169//4169 2861//2861
f 4152//4152 6328//6328 6331//6331
f 4152//4152 6331//6331 4153//4153
f 4151//4151 6325//6325 6328//6328
f 4151//4151 6328//6328 4152//4152
f 6334//6334 6335//6335 6338//6338
f 6334//6334 6338//6338 6337//6337
f 6335//6335 6336//6336 6339//6339
f 6335//6335 6339//6339 6338//6338
f 6337//6337 6338//6338 6341//6341
f 6337//6337 6341//6341 6340//6340
f 6338//6338 6339//6339 6342//6342
f 6338//6338 6342//6342 6341//6341
f 2774//2774 2938//2938 6334//6334
f 2774//2774 6334//6334 4181//4181
f 2938//2938 2937//2937 6335//6335
f 2938//2938 6335//6335 6334//6334
f 2937//2937 2936//2936 6336//6336
f 2937//2937 6336//6336 6335//6335
f 2936//2936 2841//2841 4072//4072
f 2936//2936 4072//4072 6336//6336
f 6336//6336 4072//4072 4071//4071
f 6336//6336 4071//4071 6339//6339
f 6339//6339 4071//4071 4070//4070
f 6339//6339 4070//4070 6342//6342
f 6342//6342 4070//4070 2868//2868
f 6342//6342 2868//2868 4192//4192
f 6341//6341 6342//6342 4192//4192
f 6341//6341 4192//4192 4191//4191
f 6340//6340 6341//6341 4191//4191
f 6340//6340 4191//4191 4190//4190
f 4183//4183 6340//6340 4190//4190
f 4183//4183 4190//4190 2866//2866
f 4182//4182 6337//6337 6340//6340
f 4182//4182 6340//6340 4183//4183
f 4181//4181 6334//6334 6337//6337
f 4181//4181 6337//6337 4182//4182
f 6343//6343 6344//6344 6347//6347
f 6343//6343 6347//6347 6346//6346
f 6344//6344 6345//6345 6348//6348
f 6344//6344 6348//6348 6347//6347
f 6346//6346 6347//6347 6350//6350
f 6346//6346 6350//6350 6349//6349
f 6347//6347 6348//6348 6351//6351
f 6347//6347 6351//6351 6350//6350
f 2841//2841 3235//3235 6343//6343
f 2841//2841 6343//6343 4072//4072
f 3235//3235 3234//3234 6344//6344
f 3235//3235 6344//6344 6343//6343
f 3234//3234 3233//3233 6345//6345
f 3234//3234 6345//6345 6344//6344
f 3233//3233 2775//2775 4184//4184
f 3233//3233 4184//4184 6345//6345
f 6345//6345 4184//4184 4185//4185
f 6345//6345 4185//4185 6348//6348
f 6348//6348 4185//4185 4186//4186
f 6348//6348 4186//4186 6351//6351
f 6351//6351 4186//4186 2867//2867
f 6351//6351 2867//2867 4195//4195
f 6350//6350 6351//6351 4195//4195
f 6350//6350 4195//4195 4194//4194
f 6349//6349 6350//6350 4194//4194
f 6349//6349 4194//4194 4193//4193
f 4070//4070 6349//6349 4193//4193
f 4070//4070 4193//4193 2868//2868
f 4071//4071 6346//6346 6349//6349
f 4071//4071 6349//6349 4070//4070
f 4072//4072 6343//6343 6346//6346
f 4072//4072 6346//6346 4071//4071
f 6352//6352 6353//6353 6356//6356
f 6352//6352 6356//6356 6355//6355
f 6353//6353 6354//6354 6357//6357
f 6353//6353 6357//6357 6356//6356
f 6355//6355 6356//6356 6359//6359
f 6355//6355 6359//6359 6358//6358
f 6356//6356 6357//6357 6360//6360
f 6356//6356 6360//6360 6359//6359
f 2906//2906 3607//3607 6352//6352
f 2906//2906 6352//6352 4438//4438
f 3607//3607 3606//3606 6353//6353
f 3607//3607 6353//6353 6352//6352
f 3606//3606 3605//3605 6354//6354
f 3606//3606 6354//6354 6353//6353
f 3605//3605 2774//2774 4181//4181
f 3605//3605 4181//4181 6354//6354
f 6354//6354 4181//4181 4182//4182
f 6354//6354 4182//4182 6357//6357
f 6357//6357 4182//4182 4183//4183
f 6357//6357 4183//4183 6360//6360
f 6360//6360 4183//4183 2866//2866
f 6360//6360 2866//2866 4198//4198
f 6359//6359 6360//6360 4198//4198
f 6359//6359 4198//4198 4197//4197
f 6358//6358 6359//6359 4197//4197
f 6358//6358 4197//4197 4196//4196
f 4436//4436 6358//6358 4196//4196
f 4436//4436 4196//4196 2912//2912
f 4437//4437 6355//6355 6358//6358
f 4437//4437 6358//6358 4436//4436
f 4438//4438 6352//6352 6355//6355
f 4438//4438 6355//6355 4437//4437
f 6361//6361 6362//6362 6365//6365
f 6361//6361 6365//6365 6364//6364
f 6362//6362 6363//6363 6366//6366
f 6362//6362 6366//6366 6365//6365
f 6364//6364 6365//6365 6368//6368
f 6364//6364 6368//6368 6367//6367
f 6365//6365 6366//6366 6369//6369
f 6365//6365 6369//6369 6368//6368
f 2919//2919 4523//4523 6361//6361
f 2919//2919 6361//6361 3811//3811
f 4523//4523 4524//4524 6362//6362
f 4523//4523 6362//6362 6361//6361
f 4524//4524 4525//4525 6363//6363
f 4524//4524 6363//6363 6362//6362
f 4525//4525 2929//2929 4214//4214
f 4525//4525 4214//4214 6363//6363
f 6363//6363 4214//4214 4215//4215
f 6363//6363 4215//4215 6366//6366
f 6366//6366 4215//4215 4216//4216
f 6366//6366 4216//4216 6369//6369
f 6369//6369 4216//4216 2869//2869
f 6369//6369 2869//2869 4226//4226
f 6368//6368 6369//6369 4226//4226
f 6368//6368 4226//4226 4227//4227
f 6367//6367 6368//6368 4227//4227
f 6367//6367 4227//4227 4228//4228
f 3809//3809 6367//6367 4228//4228
f 3809//3809 4228//4228 2872//2872
f 3810//3810 6364//6364 6367//6367
f 3810//3810 6367//6367 3809//3809
f 3811//3811 6361//6361 6364//6364
f 3811//3811 6364//6364 3810//3810
f 6370//6370 6371//6371 6374//6374
f 6370//6370 6374//6374 6373//6373
f 6371//6371 6372//6372 6375//6375
f 6371//6371 6375//6375 6374//6374
f 6373//6373 6374//6374 6377//6377
f 6373//6373 6377//6377 6376//6376
f 6374//6374 6375//6375 6378//6378
f 6374//6374 6378//6378 6377//6377
f 2891//2891 4355//4355 6370//6370
f 2891//2891 6370//6370 2972//2972
f 4355//4355 4356//4356 6371//6371
f 4355//4355 6371//6371 6370//6370
f 4356//4356 4357//4357 6372//6372
f 4356//4356 6372//6372 6371//6371
f 4357//4357 2896//2896 4354//4354
f 4357//4357 4354//4354 6372//6372
f 6372//6372 4354//4354 4353//4353
f 6372//6372 4353//4353 6375//6375
f 6375//6375 4353//4353 4352//4352
f 6375//6375 4352//4352 6378//6378
f 6378//6378 4352//4352 2865//2865
f 6378//6378 2865//2865 3803//3803
f 6377//6377 6378//6378 3803//3803
f 6377//6377 3803//3803 3804//3804
f 6376//6376 6377//6377 3804//3804
f 6376//6376 3804//3804 3805//3805
f 2974//2974 6376//6376 3805//3805
f 2974//2974 3805//3805 2786//2786
f 2973//2973 6373//6373 6376//6376
f 2973//2973 6376//6376 2974//2974
f 2972//2972 6370//6370 6373//6373
f 2972//2972 6373//6373 2973//2973
f 6379//6379 6380//6380 6383//6383
f 6379//6379 6383//6383 6382//6382
f 6380//6380 6381//6381 6384//6384
f 6380//6380 6384//6384 6383//6383
f 6382//6382 6383//6383 6386//6386
f 6382//6382 6386//6386 6385//6385
f 6383//6383 6384//6384 6387//6387
f 6383//6383 6387//6387 6386//6386
f 2919//2919 3811//3811 6379//6379
f 2919//2919 6379//6379 4102//4102
f 3811//3811 3810//3810 6380//6380
f 3811//3811 6380//6380 6379//6379
f 3810//3810 3809//3809 6381//6381
f 3810//3810 6381//6381 6380//6380
f 3809//3809 2872//2872 4265//4265
f 3809//3809 4265//4265 6381//6381
f 6381//6381 4265//4265 4266//4266
f 6381//6381 4266//4266 6384//6384
f 6384//6384 4266//4266 4267//4267
f 6384//6384 4267//4267 6387//6387
f 6387//6387 4267//4267 2880//2880
f 6387//6387 2880//2880 4529//4529
f 6386//6386 6387//6387 4529//4529
f 6386//6386 4529//4529 4530//4530
f 6385//6385 6386//6386 4530//4530
f 6385//6385 4530//4530 4531//4531
f 4100//4100 6385//6385 4531//4531
f 4100//4100 4531//4531 2923//2923
f 4101//4101 6382//6382 6385//6385
f 4101//4101 6385//6385 4100//4100
f 4102//4102 6379//6379 6382//6382
f 4102//4102 6382//6382 4101//4101
f 6388//6388 6389//6389 6392//6392
f 6388//6388 6392//6392 6391//6391
f 6389//6389 6390//6390 6393//6393
f 6389//6389 6393//6393 6392//6392
f 6391//6391 6392//6392 6395//6395
f 6391//6391 6395//6395 6394//6394
f 6392//6392 6393//6393 6396//6396
f 6392//6392 6396//6396 6395//6395
f 2873//2873 4237//4237 6388//6388
f 2873//2873 6388//6388 4255//4255
f 4237//4237 4236//4236 6389//6389
f 4237//4237 6389//6389 6388//6388
f 4236//4236 4235//4235 6390//6390
f 4236//4236 6390//6390 6389//6389
f 4235//4235 2789//2789 4213//4213
f 4235//4235 4213//4213 6390//6390
f 6390//6390 4213//4213 4212//4212
f 6390//6390 4212//4212 6393//6393
f 6393//6393 4212//4212 4211//4211
f 6393//6393 4211//4211 6396//6396
f 6396//6396 4211//4211 2790//2790
f 6396//6396 2790//2790 3814//3814
f 6395//6395 6396//6396 3814//3814
f 6395//6395 3814//3814 3813//3813
f 6394//6394 6395//6395 3813//3813
f 6394//6394 3813//3813 3812//3812
f 4253//4253 6394//6394 3812//3812
f 4253//4253 3812//3812 2874//2874
f 4254//4254 6391//6391 6394//6394
f 4254//4254 6394//6394 4253//4253
f 4255//4255 6388//6388 6391//6391
f 4255//4255 6391//6391 4254//4254
f 6397//6397 6398//6398 6401//6401
f 6397//6397 6401//6401 6400//6400
f 6398//6398 6399//6399 6402//6402
f 6398//6398 6402//6402 6401//6401
f 6400//6400 6401//6401 6404//6404
f 6400//6400 6404//6404 6403//6403
f 6401//6401 6402//6402 6405//6405
f 6401//6401 6405//6405 6404//6404
f 2929//2929 4291//4291 6397//6397
f 2929//2929 6397//6397 4214//4214
f 4291//4291 4290//4290 6398//6398
f 4291//4291 6398//6398 6397//6397
f 4290//4290 4289//4289 6399//6399
f 4290//4290 6399//6399 6398//6398
f 4289//4289 2882//2882 3841//3841
f 4289//4289 3841//3841 6399//6399
f 6399//6399 3841//3841 3840//3840
f 6399//6399 3840//3840 6402//6402
f 6402//6402 3840//3840 3839//3839
f 6402//6402 3839//3839 6405//6405
f 6405//6405 3839//3839 2870//2870
f 6405//6405 2870//2870 4234//4234
f 6404//6404 6405//6405 4234//4234
f 6404//6404 4234//4234 4233//4233
f 6403//6403 6404//6404 4233//4233
f 6403//6403 4233//4233 4232//4232
f 4216//4216 6403//6403 4232//4232
f 4216//4216 4232//4232 2869//2869
f 4215//4215 6400//6400 6403//6403
f 4215//4215 6403//6403 4216//4216
f 4214//4214 6397//6397 6400//6400
f 4214//4214 6400//6400 4215//4215
f 6406//6406 6407//6407 6410//6410
f 6406//6406 6410//6410 6409//6409
f 6407//6407 6408//6408 6411//6411
f 6407//6407 6411//6411 6410//6410
f 6409//6409 6410//6410 6413//6413
f 6409//6409 6413//6413 6412//6412
f 6410//6410 6411//6411 6414//6414
f 6410//6410 6414//6414 6413//6413
f 2788//2788 4238//4238 6406//6406
f 2788//2788 6406//6406 3826//3826
f 4238//4238 4239//4239 6407//6407
f 4238//4238 6407//6407 6406//6406
f 4239//4239 4240//4240 6408//6408
f 4239//4239 6408//6408 6407//6407
f 4240//4240 2874//2874 4247//4247
f 4240//4240 4247//4247 6408//6408
f 6408//6408 4247//4247 4248//4248
f 6408//6408 4248//4248 6411//6411
f 6411//6411 4248//4248 4249//4249
f 6411//6411 4249//4249 6414//6414
f 6414//6414 4249//4249 2876//2876
f 6414//6414 2876//2876 3842//3842
f 6413//6413 6414//6414 3842//3842
f 6413//6413 3842//3842 3843//3843
f 6412//6412 6413//6413 3843//3843
f 6412//6412 3843//3843 3844//3844
f 3824//3824 6412//6412 3844//3844
f 3824//3824 3844//3844 2795//2795
f 3825//3825 6409//6409 6412//6412
f 3825//3825 6412//6412 3824//3824
f 3826//3826 6406//6406 6409//6409
f 3826//3826 6409//6409 3825//3825
f 6415//6415 6416//6416 6419//6419
f 6415//6415 6419//6419 6418//6418
f 6416//6416 6417//6417 6420//6420
f 6416//6416 6420//6420 6419//6419
f 6418//6418 6419//6419 6422//6422
f 6418//6418 6422//6422 6421//6421
f 6419//6419 6420//6420 6423//6423
f 6419//6419 6423//6423 6422//6422
f 2879//2879 4273//4273 6415//6415
f 2879//2879 6415//6415 4264//4264
f 4273//4273 4272//4272 6416//6416
f 4273//4273 6416//6416 6415//6415
f 4272//4272 4271//4271 6417//6417
f 4272//4272 6417//6417 6416//6416
f 4271//4271 2881//2881 4250//4250
f 4271//4271 4250//4250 6417//6417
f 6417//6417 4250//4250 4251//4251
f 6417//6417 4251//4251 6420//6420
f 6420//6420 4251//4251 4252//4252
f 6420//6420 4252//4252 6423//6423
f 6423//6423 4252//4252 2875//2875
f 6423//6423 2875//2875 4243//4243
f 6422//6422 6423//6423 4243//4243
f 6422//6422 4243//4243 4242//4242
f 6421//6421 6422//6422 4242//4242
f 6421//6421 4242//4242 4241//4241
f 4262//4262 6421//6421 4241//4241
f 4262//4262 4241//4241 2792//2792
f 4263//4263 6418//6418 6421//6421
f 4263//4263 6421//6421 4262//4262
f 4264//4264 6415//6415 6418//6418
f 4264//4264 6418//6418 4263//4263
f 6424//6424 6425//6425 6428//6428
f 6424//6424 6428//6428 6427//6427
f 6425//6425 6426//6426 6429//6429
f 6425//6425 6429//6429 6428//6428
f 6427//6427 6428//6428 6431//6431
f 6427//6427 6431//6431 6430//6430
f 6428//6428 6429//6429 6432//6432
f 6428//6428 6432//6432 6431//6431
f 2795//2795 3844//3844 6424//6424
f 2795//2795 6424//6424 3835//3835
f 3844//3844 3843//3843 6425//6425
f 3844//3844 6425//6425 6424//6424
f 3843//3843 3842//3842 6426//6426
f 3843//3843 6426//6426 6425//6425
f 3842//3842 2876//2876 4268//4268
f 3842//3842 4268//4268 6426//6426
f 6426//6426 4268//4268 4269//4269
f 6426//6426 4269//4269 6429//6429
f 6429//6429 4269//4269 4270//4270
f 6429//6429 4270//4270 6432//6432
f 6432//6432 4270//4270 2881//2881
f 6432//6432 2881//2881 4271//4271
f 6431//6431 6432//6432 4271//4271
f 6431//6431 4271//4271 4272//4272
f 6430//6430 6431//6431 4272//4272
f 6430//6430 4272//4272 4273//4273
f 3833//3833 6430//6430 4273//4273
f 3833//3833 4273//4273 2879//2879
f 3834//3834 6427//6427 6430//6430
f 3834//3834 6430//6430 3833//3833
f 3835//3835 6424//6424 6427//6427
f 3835//3835 6427//6427 3834//3834
f 6433//6433 6434//6434 6437//6437
f 6433//6433 6437//6437 6436//6436
f 6434//6434 6435//6435 6438//6438
f 6434//6434 6438//6438 6437//6437
f 6436//6436 6437//6437 6440//6440
f 6436//6436 6440//6440 6439//6439
f 6437//6437 6438//6438 6441//6441
f 6437//6437 6441//6441 6440//6440
f 2872//2872 4225//4225 6433//6433
f 2872//2872 6433//6433 4265//4265
f 4225//4225 4224//4224 6434//6434
f 4225//4225 6434//6434 6433//6433
f 4224//4224 4223//4223 6435//6435
f 4224//4224 6435//6435 6434//6434
f 4223//4223 2796//2796 4259//4259
f 4223//4223 4259//4259 6435//6435
f 6435//6435 4259//4259 4260//4260
f 6435//6435 4260//4260 6438//6438
f 6438//6438 4260//4260 4261//4261
f 6438//6438 4261//4261 6441//6441
f 6441//6441 4261//4261 2878//2878
f 6441//6441 2878//2878 4277//4277
f 6440//6440 6441//6441 4277//4277
f 6440//6440 4277//4277 4278//4278
f 6439//6439 6440//6440 4278//4278
f 6439//6439 4278//4278 4279//4279
f 4267//4267 6439//6439 4279//4279
f 4267//4267 4279//4279 2880//2880
f 4266//4266 6436//6436 6439//6439
f 4266//4266 6439//6439 4267//4267
f 4265//4265 6433//6433 6436//6436
f 4265//4265 6436//6436 4266//4266
f 6442//6442 6443//6443 6446//6446
f 6442//6442 6446//6446 6445//6445
f 6443//6443 6444//6444 6447//6447
f 6443//6443 6447//6447 6446//6446
f 6445//6445 6446//6446 6449//6449
f 6445//6445 6449//6449 6448//6448
f 6446//6446 6447//6447 6450//6450
f 6446//6446 6450//6450 6449//6449
f 2876//2876 4246//4246 6442//6442
f 2876//2876 6442//6442 4268//4268
f 4246//4246 4245//4245 6443//6443
f 4246//4246 6443//6443 6442//6442
f 4245//4245 4244//4244 6444//6444
f 4245//4245 6444//6444 6443//6443
f 4244//4244 2794//2794 4256//4256
f 4244//4244 4256//4256 6444//6444
f 6444//6444 4256//4256 4257//4257
f 6444//6444 4257//4257 6447//6447
f 6447//6447 4257//4257 4258//4258
f 6447//6447 4258//4258 6450//6450
f 6450//6450 4258//4258 2877//2877
f 6450//6450 2877//2877 4280//4280
f 6449//6449 6450//6450 4280//4280
f 6449//6449 4280//4280 4281//4281
f 6448//6448 6449//6449 4281//4281
f 6448//6448 4281//4281 4282//4282
f 4270//4270 6448//6448 4282//4282
f 4270//4270 4282//4282 2881//2881
f 4269//4269 6445//6445 6448//6448
f 4269//4269 6448//6448 4270//4270
f 4268//4268 6442//6442 6445//6445
f 4268//4268 6445//6445 4269//4269
f 6451//6451 6452//6452 6455//6455
f 6451//6451 6455//6455 6454//6454
f 6452//6452 6453//6453 6456//6456
f 6452//6452 6456//6456 6455//6455
f 6454//6454 6455//6455 6458//6458
f 6454//6454 6458//6458 6457//6457
f 6455//6455 6456//6456 6459//6459
f 6455//6455 6459//6459 6458//6458
f 2870//2870 4534//4534 6451//6451
f 2870//2870 6451//6451 4219//4219
f 4534//4534 4533//4533 6452//6452
f 4534//4534 6452//6452 6451//6451
f 4533//4533 4532//4532 6453//6453
f 4533//4533 6453//6453 6452//6452
f 4532//4532 2886//2886 4333//4333
f 4532//4532 4333//4333 6453//6453
f 6453//6453 4333//4333 4332//4332
f 6453//6453 4332//4332 6456//6456
f 6456//6456 4332//4332 4331//4331
f 6456//6456 4331//4331 6459//6459
f 6459//6459 4331//4331 2883//2883
f 6459//6459 2883//2883 4535//4535
f 6458//6458 6459//6459 4535//4535
f 6458//6458 4535//4535 4536//4536
f 6457//6457 6458//6458 4536//4536
f 6457//6457 4536//4536 4537//4537
f 4217//4217 6457//6457 4537//4537
f 4217//4217 4537//4537 2780//2780
f 4218//4218 6454//6454 6457//6457
f 4218//4218 6457//6457 4217//4217
f 4219//4219 6451//6451 6454//6454
f 4219//4219 6454//6454 4218//4218
f 6460//6460 6461//6461 6464//6464
f 6460//6460 6464//6464 6463//6463
f 6461//6461 6462//6462 6465//6465
f 6461//6461 6465//6465 6464//6464
f 6463//6463 6464//6464 6467//6467
f 6463//6463 6467//6467 6466//6466
f 6464//6464 6465//6465 6468//6468
f 6464//6464 6468//6468 6467//6467
f 2877//2877 4276//4276 6460//6460
f 2877//2877 6460//6460 3821//3821
f 4276//4276 4275//4275 6461//6461
f 4276//4276 6461//6461 6460//6460
f 4275//4275 4274//4274 6462//6462
f 4275//4275 6462//6462 6461//6461
f 4274//4274 2923//2923 4294//4294
f 4274//4274 4294//4294 6462//6462
f 6462//6462 4294//4294 4293//4293
f 6462//6462 4293//4293 6465//6465
f 6465//6465 4293//4293 4292//4292
f 6465//6465 4292//4292 6468//6468
f 6468//6468 4292//4292 2928//2928
f 6468//6468 2928//2928 4117//4117
f 6467//6467 6468//6468 4117//4117
f 6467//6467 4117//4117 4116//4116
f 6466//6466 6467//6467 4116//4116
f 6466//6466 4116//4116 4115//4115
f 3823//3823 6466//6466 4115//4115
f 3823//3823 4115//4115 2793//2793
f 3822//3822 6463//6463 6466//6466
f 3822//3822 6466//6466 3823//3823
f 3821//3821 6460//6460 6463//6463
f 3821//3821 6463//6463 3822//3822
f 6469//6469 6470//6470 6473//6473
f 6469//6469 6473//6473 6472//6472
f 6470//6470 6471//6471 6474//6474
f 6470//6470 6474//6474 6473//6473
f 6472//6472 6473//6473 6476//6476
f 6472//6472 6476//6476 6475//6475
f 6473//6473 6474//6474 6477//6477
f 6473//6473 6477//6477 6476//6476
f 2902//2902 4403//4403 6469//6469
f 2902//2902 6469//6469 3479//3479
f 4403//4403 4404//4404 6470//6470
f 4403//4403 6470//6470 6469//6469
f 4404//4404 4405//4405 6471//6471
f 4404//4404 6471//6471 6470//6470
f 4405//4405 2901//2901 4387//4387
f 4405//4405 4387//4387 6471//6471
f 6471//6471 4387//4387 4386//4386
f 6471//6471 4386//4386 6474//6474
f 6474//6474 4386//4386 4385//4385
f 6474//6474 4385//4385 6477//6477
f 6477//6477 4385//4385 2890//2890
f 6477//6477 2890//2890 4321//4321
f 6476//6476 6477//6477 4321//4321
f 6476//6476 4321//4321 4320//4320
f 6475//6475 6476//6476 4320//4320
f 6475//6475 4320//4320 4319//4319
f 3481//3481 6475//6475 4319//4319
f 3481//3481 4319//4319 2884//2884
f 3480//3480 6472//6472 6475//6475
f 3480//3480 6475//6475 3481//3481
f 3479//3479 6469//6469 6472//6472
f 3479//3479 6472//6472 3480//3480
f 6478//6478 6479//6479 6482//6482
f 6478//6478 6482//6482 6481//6481
f 6479//6479 6480//6480 6483//6483
f 6479//6479 6483//6483 6482//6482
f 6481//6481 6482//6482 6485//6485
f 6481//6481 6485//6485 6484//6484
f 6482//6482 6483//6483 6486//6486
f 6482//6482 6486//6486 6485//6485
f 2898//2898 4400//4400 6478//6478
f 2898//2898 6478//6478 4378//4378
f 4400//4400 4401//4401 6479//6479
f 4400//4400 6479//6479 6478//6478
f 4401//4401 4402//4402 6480//6480
f 4401//4401 6480//6480 6479//6479
f 4402//4402 2900//2900 4384//4384
f 4402//4402 4384//4384 6480//6480
f 6480//6480 4384//4384 4383//4383
f 6480//6480 4383//4383 6483//6483
f 6483//6483 4383//4383 4382//4382
f 6483//6483 4382//4382 6486//6486
f 6486//6486 4382//4382 2889//2889
f 6486//6486 2889//2889 4324//4324
f 6485//6485 6486//6486 4324//4324
f 6485//6485 4324//4324 4323//4323
f 6484//6484 6485//6485 4323//4323
f 6484//6484 4323//4323 4322//4322
f 4376//4376 6484//6484 4322//4322
f 4376//4376 4322//4322 2885//2885
f 4377//4377 6481//6481 6484//6484
f 4377//4377 6484//6484 4376//4376
f 4378//4378 6478//6478 6481//6481
f 4378//4378 6481//6481 4377//4377
f 6487//6487 6488//6488 6491//6491
f 6487//6487 6491//6491 6490//6490
f 6488//6488 6489//6489 6492//6492
f 6488//6488 6492//6492 6491//6491
f 6490//6490 6491//6491 6494//6494
f 6490//6490 6494//6494 6493//6493
f 6491//6491 6492//6492 6495//6495
f 6491//6491 6495//6495 6494//6494
f 2853//2853 4085//4085 6487//6487
f 2853//2853 6487//6487 4283//4283
f 4085//4085 4086//4086 6488//6488
f 4085//4085 6488//6488 6487//6487
f 4086//4086 4087//4087 6489//6489
f 4086//4086 6489//6489 6488//6488
f 4087//4087 2848//2848 4307//4307
f 4087//4087 4307//4307 6489//6489
f 6489//6489 4307//4307 4308//4308
f 6489//6489 4308//4308 6492//6492
f 6492//6492 4308//4308 4309//4309
f 6492//6492 4309//4309 6495//6495
f 6495//6495 4309//4309 2887//2887
f 6495//6495 2887//2887 4337//4337
f 6494//6494 6495//6495 4337//4337
f 6494//6494 4337//4337 4338//4338
f 6493//6493 6494//6494 4338//4338
f 6493//6493 4338//4338 4339//4339
f 4285//4285 6493//6493 4339//4339
f 4285//4285 4339//4339 2888//2888
f 4284//4284 6490//6490 6493//6493
f 4284//4284 6493//6493 4285//4285
f 4283//4283 6487//6487 6490//6490
f 4283//4283 6490//6490 4284//4284
f 6496//6496 6497//6497 6500//6500
f 6496//6496 6500//6500 6499//6499
f 6497//6497 6498//6498 6501//6501
f 6497//6497 6501//6501 6500//6500
f 6499//6499 6500//6500 6503//6503
f 6499//6499 6503//6503 6502//6502
f 6500//6500 6501//6501 6504//6504
f 6500//6500 6504//6504 6503//6503
f 2926//2926 4397//4397 6496//6496
f 2926//2926 6496//6496 4504//4504
f 4397//4397 4398//4398 6497//6497
f 4397//4397 6497//6497 6496//6496
f 4398//4398 4399//4399 6498//6498
f 4398//4398 6498//6498 6497//6497
f 4399//4399 2899//2899 4381//4381
f 4399//4399 4381//4381 6498//6498
f 6498//6498 4381//4381 4380//4380
f 6498//6498 4380//4380 6501//6501
f 6501//6501 4380//4380 4379//4379
f 6501//6501 4379//4379 6504//6504
f 6504//6504 4379//4379 2887//2887
f 6504//6504 2887//2887 4330//4330
f 6503//6503 6504//6504 4330//4330
f 6503//6503 4330//4330 4329//4329
f 6502//6502 6503//6503 4329//4329
f 6502//6502 4329//4329 4328//4328
f 4502//4502 6502//6502 4328//4328
f 4502//4502 4328//4328 2924//2924
f 4503//4503 6499//6499 6502//6502
f 4503//4503 6502//6502 4502//4502
f 4504//4504 6496//6496 6499//6499
f 4504//4504 6499//6499 4503//4503
f 6505//6505 6506//6506 6509//6509
f 6505//6505 6509//6509 6508//6508
f 6506//6506 6507//6507 6510//6510
f 6506//6506 6510//6510 6509//6509
f 6508//6508 6509//6509 6512//6512
f 6508//6508 6512//6512 6511//6511
f 6509//6509 6510//6510 6513//6513
f 6509//6509 6513//6513 6512//6512
f 2901//2901 4394//4394 6505//6505
f 2901//2901 6505//6505 4387//4387
f 4394//4394 4395//4395 6506//6506
f 4394//4394 6506//6506 6505//6505
f 4395//4395 4396//4396 6507//6507
f 4395//4395 6507//6507 6506//6506
f 4396//4396 2898//2898 4378//4378
f 4396//4396 4378//4378 6507//6507
f 6507//6507 4378//4378 4377//4377
f 6507//6507 4377//4377 6510//6510
f 6510//6510 4377//4377 4376//4376
f 6510//6510 4376//4376 6513//6513
f 6513//6513 4376//4376 2885//2885
f 6513//6513 2885//2885 4336//4336
f 6512//6512 6513//6513 4336//4336
f 6512//6512 4336//4336 4335//4335
f 6511//6511 6512//6512 4335//4335
f 6511//6511 4335//4335 4334//4334
f 4385//4385 6511//6511 4334//4334
f 4385//4385 4334//4334 2890//2890
f 4386//4386 6508//6508 6511//6511
f 4386//4386 6511//6511 4385//4385
f 4387//4387 6505//6505 6508//6508
f 4387//4387 6508//6508 4386//4386
f 6514//6514 6515//6515 6518//6518
f 6514//6514 6518//6518 6517//6517
f 6515//6515 6516//6516 6519//6519
f 6515//6515 6519//6519 6518//6518
f 6517//6517 6518//6518 6521//6521
f 6517//6517 6521//6521 6520//6520
f 6518//6518 6519//6519 6522//6522
f 6518//6518 6522//6522 6521//6521
f 2848//2848 4087//4087 6514//6514
f 2848//2848 6514//6514 4099//4099
f 4087//4087 4086//4086 6515//6515
f 4087//4087 6515//6515 6514//6514
f 4086//4086 4085//4085 6516//6516
f 4086//4086 6516//6516 6515//6515
f 4085//4085 2853//2853 4346//4346
f 4085//4085 4346//4346 6516//6516
f 6516//6516 4346//4346 4347//4347
f 6516//6516 4347//4347 6519//6519
f 6519//6519 4347//4347 4348//4348
f 6519//6519 4348//4348 6522//6522
f 6522//6522 4348//4348 2894//2894
f 6522//6522 2894//2894 4372//4372
f 6521//6521 6522//6522 4372//4372
f 6521//6521 4372//4372 4371//4371
f 6520//6520 6521//6521 4371//4371
f 6520//6520 4371//4371 4370//4370
f 4097//4097 6520//6520 4370//4370
f 4097//4097 4370//4370 2893//2893
f 4098//4098 6517//6517 6520//6520
f 4098//4098 6520//6520 4097//4097
f 4099//4099 6514//6514 6517//6517
f 4099//4099 6517//6517 4098//4098
f 6523//6523 6524//6524 6527//6527
f 6523//6523 6527//6527 6526//6526
f 6524//6524 6525//6525 6528//6528
f 6524//6524 6528//6528 6527//6527
f 6526//6526 6527//6527 6530//6530
f 6526//6526 6530//6530 6529//6529
f 6527//6527 6528//6528 6531//6531
f 6527//6527 6531//6531 6530//6530
f 2785//2785 3802//3802 6523//6523
f 2785//2785 6523//6523 3521//3521
f 3802//3802 3801//3801 6524//6524
f 3802//3802 6524//6524 6523//6523
f 3801//3801 3800//3800 6525//6525
f 3801//3801 6525//6525 6524//6524
f 3800//3800 2864//2864 4204//4204
f 3800//3800 4204//4204 6525//6525
f 6525//6525 4204//4204 4203//4203
f 6525//6525 4203//4203 6528//6528
f 6528//6528 4203//4203 4202//4202
f 6528//6528 4202//4202 6531//6531
f 6531//6531 4202//4202 2896//2896
f 6531//6531 2896//2896 4357//4357
f 6530//6530 6531//6531 4357//4357
f 6530//6530 4357//4357 4356//4356
f 6529//6529 6530//6530 4356//4356
f 6529//6529 4356//4356 4355//4355
f 3523//3523 6529//6529 4355//4355
f 3523//3523 4355//4355 2891//2891
f 3522//3522 6526//6526 6529//6529
f 3522//3522 6529//6529 3523//3523
f 3521//3521 6523//6523 6526//6526
f 3521//3521 6526//6526 3522//3522
f 6532//6532 6533//6533 6536//6536
f 6532//6532 6536//6536 6535//6535
f 6533//6533 6534//6534 6537//6537
f 6533//6533 6537//6537 6536//6536
f 6535//6535 6536//6536 6539//6539
f 6535//6535 6539//6539 6538//6538
f 6536//6536 6537//6537 6540//6540
f 6536//6536 6540//6540 6539//6539
f 2800//2800 3856//3856 6532//6532
f 2800//2800 6532//6532 3862//3862
f 3856//3856 3855//3855 6533//6533
f 3856//3856 6533//6533 6532//6532
f 3855//3855 3854//3854 6534//6534
f 3855//3855 6534//6534 6533//6533
f 3854//3854 2858//2858 4168//4168
f 3854//3854 4168//4168 6534//6534
f 6534//6534 4168//4168 4167//4167
f 6534//6534 4167//4167 6537//6537
f 6537//6537 4167//4167 4166//4166
f 6537//6537 4166//4166 6540//6540
f 6540//6540 4166//4166 2895//2895
f 6540//6540 2895//2895 4360//4360
f 6539//6539 6540//6540 4360//4360
f 6539//6539 4360//4360 4359//4359
f 6538//6538 6539//6539 4359//4359
f 6538//6538 4359//4359 4358//4358
f 3860//3860 6538//6538 4358//4358
f 3860//3860 4358//4358 2892//2892
f 3861//3861 6535//6535 6538//6538
f 3861//3861 6538//6538 3860//3860
f 3862//3862 6532//6532 6535//6535
f 3862//3862 6535//6535 3861//3861
f 6541//6541 6542//6542 6545//6545
f 6541//6541 6545//6545 6544//6544
f 6542//6542 6543//6543 6546//6546
f 6542//6542 6546//6546 6545//6545
f 6544//6544 6545//6545 6548//6548
f 6544//6544 6548//6548 6547//6547
f 6545//6545 6546//6546 6549//6549
f 6545//6545 6549//6549 6548//6548
f 2873//2873 4364//4364 6541//6541
f 2873//2873 6541//6541 4237//4237
f 4364//4364 4365//4365 6542//6542
f 4364//4364 6542//6542 6541//6541
f 4365//4365 4366//4366 6543//6543
f 4365//4365 6543//6543 6542//6542
f 4366//4366 2894//2894 4348//4348
f 4366//4366 4348//4348 6543//6543
f 6543//6543 4348//4348 4347//4347
f 6543//6543 4347//4347 6546//6546
f 6546//6546 4347//4347 4346//4346
f 6546//6546 4346//4346 6549//6549
f 6549//6549 4346//4346 2853//2853
f 6549//6549 2853//2853 4300//4300
f 6548//6548 6549//6549 4300//4300
f 6548//6548 4300//4300 4299//4299
f 6547//6547 6548//6548 4299//4299
f 6547//6547 4299//4299 4298//4298
f 4235//4235 6547//6547 4298//4298
f 4235//4235 4298//4298 2789//2789
f 4236//4236 6544//6544 6547//6547
f 4236//4236 6547//6547 4235//4235
f 4237//4237 6541//6541 6544//6544
f 4237//4237 6544//6544 4236//4236
f 6550//6550 6551//6551 6554//6554
f 6550//6550 6554//6554 6553//6553
f 6551//6551 6552//6552 6555//6555
f 6551//6551 6555//6555 6554//6554
f 6553//6553 6554//6554 6557//6557
f 6553//6553 6557//6557 6556//6556
f 6554//6554 6555//6555 6558//6558
f 6554//6554 6558//6558 6557//6557
f 2920//2920 4474//4474 6550//6550
f 2920//2920 6550//6550 4501//4501
f 4474//4474 4473//4473 6551//6551
f 4474//4474 6551//6551 6550//6550
f 4473//4473 4472//4472 6552//6552
f 4473//4473 6552//6552 6551//6551
f 4472//4472 2848//2848 4099//4099
f 4472//4472 4099//4099 6552//6552
f 6552//6552 4099//4099 4098//4098
f 6552//6552 4098//4098 6555//6555
f 6555//6555 4098//4098 4097//4097
f 6555//6555 4097//4097 6558//6558
f 6558//6558 4097//4097 2893//2893
f 6558//6558 2893//2893 4363//4363
f 6557//6557 6558//6558 4363//4363
f 6557//6557 4363//4363 4362//4362
f 6556//6556 6557//6557 4362//4362
f 6556//6556 4362//4362 4361//4361
f 4499//4499 6556//6556 4361//4361
f 4499//4499 4361//4361 2925//2925
f 4500//4500 6553//6553 6556//6556
f 4500//4500 6556//6556 4499//4499
f 4501//4501 6550//6550 6553//6553
f 4501//4501 6553//6553 4500//4500
f 6559//6559 6560//6560 6563//6563
f 6559//6559 6563//6563 6562//6562
f 6560//6560 6561//6561 6564//6564
f 6560//6560 6564//6564 6563//6563
f 6562//6562 6563//6563 6566//6566
f 6562//6562 6566//6566 6565//6565
f 6563//6563 6564//6564 6567//6567
f 6563//6563 6567//6567 6566//6566
f 2864//2864 4177//4177 6559//6559
f 2864//2864 6559//6559 4204//4204
f 4177//4177 4176//4176 6560//6560
f 4177//4177 6560//6560 6559//6559
f 4176//4176 4175//4175 6561//6561
f 4176//4176 6561//6561 6560//6560
f 4175//4175 2800//2800 3862//3862
f 4175//4175 3862//3862 6561//6561
f 6561//6561 3862//3862 3861//3861
f 6561//6561 3861//3861 6564//6564
f 6564//6564 3861//3861 3860//3860
f 6564//6564 3860//3860 6567//6567
f 6567//6567 3860//3860 2892//2892
f 6567//6567 2892//2892 4369//4369
f 6566//6566 6567//6567 4369//4369
f 6566//6566 4369//4369 4368//4368
f 6565//6565 6566//6566 4368//4368
f 6565//6565 4368//4368 4367//4367
f 4202//4202 6565//6565 4367//4367
f 4202//4202 4367//4367 2896//2896
f 4203//4203 6562//6562 6565//6565
f 4203//4203 6565//6565 4202//4202
f 4204//4204 6559//6559 6562//6562
f 4204//4204 6562//6562 4203//4203
f 6568//6568 6569//6569 6572//6572
f 6568//6568 6572//6572 6571//6571
f 6569//6569 6570//6570 6573//6573
f 6569//6569 6573//6573 6572//6572
f 6571//6571 6572//6572 6575//6575
f 6571//6571 6575//6575 6574//6574
f 6572//6572 6573//6573 6576//6576
f 6572//6572 6576//6576 6575//6575
f 2863//2863 4174//4174 6568//6568
f 2863//2863 6568//6568 4201//4201
f 4174//4174 4173//4173 6569//6569
f 4174//4174 6569//6569 6568//6568
f 4173//4173 4172//4172 6570//6570
f 4173//4173 6570//6570 6569//6569
f 4172//4172 2799//2799 3865//3865
f 4172//4172 3865//3865 6570//6570
f 6570//6570 3865//3865 3864//3864
f 6570//6570 3864//3864 6573//6573
f 6573//6573 3864//3864 3863//3863
f 6573//6573 3863//3863 6576//6576
f 6576//6576 3863//3863 2898//2898
f 6576//6576 2898//2898 4396//4396
f 6575//6575 6576//6576 4396//4396
f 6575//6575 4396//4396 4395//4395
f 6574//6574 6575//6575 4395//4395
f 6574//6574 4395//4395 4394//4394
f 4199//4199 6574//6574 4394//4394
f 4199//4199 4394//4394 2901//2901
f 4200//4200 6571//6571 6574//6574
f 4200//4200 6574//6574 4199//4199
f 4201//4201 6568//6568 6571//6571
f 4201//4201 6571//6571 4200//4200
f 6577//6577 6578//6578 6581//6581
f 6577//6577 6581//6581 6580//6580
f 6578//6578 6579//6579 6582//6582
f 6578//6578 6582//6582 6581//6581
f 6580//6580 6581//6581 6584//6584
f 6580//6580 6584//6584 6583//6583
f 6581//6581 6582//6582 6585//6585
f 6581//6581 6585//6585 6584//6584
f 2918//2918 4471//4471 6577//6577
f 2918//2918 6577//6577 4498//4498
f 4471//4471 4470//4470 6578//6578
f 4471//4471 6578//6578 6577//6577
f 4470//4470 4469//4469 6579//6579
f 4470//4470 6579//6579 6578//6578
f 4469//4469 2847//2847 4105//4105
f 4469//4469 4105//4105 6579//6579
f 6579//6579 4105//4105 4104//4104
f 6579//6579 4104//4104 6582//6582
f 6582//6582 4104//4104 4103//4103
f 6582//6582 4103//4103 6585//6585
f 6585//6585 4103//4103 2899//2899
f 6585//6585 2899//2899 4399//4399
f 6584//6584 6585//6585 4399//4399
f 6584//6584 4399//4399 4398//4398
f 6583//6583 6584//6584 4398//4398
f 6583//6583 4398//4398 4397//4397
f 4496//4496 6583//6583 4397//4397
f 4496//4496 4397//4397 2926//2926
f 4497//4497 6580//6580 6583//6583
f 4497//4497 6583//6583 4496//4496
f 4498//4498 6577//6577 6580//6580
f 4498//4498 6580//6580 4497//4497
f 6586//6586 6587//6587 6590//6590
f 6586//6586 6590//6590 6589//6589
f 6587//6587 6588//6588 6591//6591
f 6587//6587 6591//6591 6590//6590
f 6589//6589 6590//6590 6593//6593
f 6589//6589 6593//6593 6592//6592
f 6590//6590 6591//6591 6594//6594
f 6590//6590 6594//6594 6593//6593
f 2799//2799 3853//3853 6586//6586
f 2799//2799 6586//6586 3865//3865
f 3853//3853 3852//3852 6587//6587
f 3853//3853 6587//6587 6586//6586
f 3852//3852 3851//3851 6588//6588
f 3852//3852 6588//6588 6587//6587
f 3851//3851 2857//2857 4165//4165
f 3851//3851 4165//4165 6588//6588
f 6588//6588 4165//4165 4164//4164
f 6588//6588 4164//4164 6591//6591
f 6591//6591 4164//4164 4163//4163
f 6591//6591 4163//4163 6594//6594
f 6594//6594 4163//4163 2900//2900
f 6594//6594 2900//2900 4402//4402
f 6593//6593 6594//6594 4402//4402
f 6593//6593 4402//4402 4401//4401
f 6592//6592 6593//6593 4401//4401
f 6592//6592 4401//4401 4400//4400
f 3863//3863 6592//6592 4400//4400
f 3863//3863 4400//4400 2898//2898
f 3864//3864 6589//6589 6592//6592
f 3864//3864 6592//6592 3863//3863
f 3865//3865 6586//6586 6589//6589
f 3865//3865 6589//6589 3864//3864
f 6595//6595 6596//6596 6599//6599
f 6595//6595 6599//6599 6598//6598
f 6596//6596 6597//6597 6600//6600
f 6596//6596 6600//6600 6599//6599
f 6598//6598 6599//6599 6602//6602
f 6598//6598 6602//6602 6601//6601
f 6599//6599 6600//6600 6603//6603
f 6599//6599 6603//6603 6602//6602
f 2784//2784 3799//3799 6595//6595
f 2784//2784 6595//6595 3572//3572
f 3799//3799 3798//3798 6596//6596
f 3799//3799 6596//6596 6595//6595
f 3798//3798 3797//3797 6597//6597
f 3798//3798 6597//6597 6596//6596
f 3797//3797 2863//2863 4201//4201
f 3797//3797 4201//4201 6597//6597
f 6597//6597 4201//4201 4200//4200
f 6597//6597 4200//4200 6600//6600
f 6600//6600 4200//4200 4199//4199
f 6600//6600 4199//4199 6603//6603
f 6603//6603 4199//4199 2901//2901
f 6603//6603 2901//2901 4405//4405
f 6602//6602 6603//6603 4405//4405
f 6602//6602 4405//4405 4404//4404
f 6601//6601 6602//6602 4404//4404
f 6601//6601 4404//4404 4403//4403
f 3574//3574 6601//6601 4403//4403
f 3574//3574 4403//4403 2902//2902
f 3573//3573 6598//6598 6601//6601
f 3573//3573 6601//6601 3574//3574
f 3572//3572 6595//6595 6598//6598
f 3572//3572 6598//6598 3573//3573
f 6604//6604 6605//6605 6608//6608
f 6604//6604 6608//6608 6607//6607
f 6605//6605 6606//6606 6609//6609
f 6605//6605 6609//6609 6608//6608
f 6607//6607 6608//6608 6611//6611
f 6607//6607 6611//6611 6610//6610
f 6608//6608 6609//6609 6612//6612
f 6608//6608 6612//6612 6611//6611
f 2886//2886 4325//4325 6604//6604
f 2886//2886 6604//6604 4306//4306
f 4325//4325 4326//4326 6605//6605
f 4325//4325 6605//6605 6604//6604
f 4326//4326 4327//4327 6606//6606
f 4326//4326 6606//6606 6605//6605
f 4327//4327 2888//2888 4312//4312
f 4327//4327 4312//4312 6606//6606
f 6606//6606 4312//4312 4311//4311
f 6606//6606 4311//4311 6609//6609
f 6609//6609 4311//4311 4310//4310
f 6609//6609 4310//4310 6612//6612
f 6612//6612 4310//4310 2904//2904
f 6612//6612 2904//2904 4408//4408
f 6611//6611 6612//6612 4408//4408
f 6611//6611 4408//4408 4407//4407
f 6610//6610 6611//6611 4407//4407
f 6610//6610 4407//4407 4406//4406
f 4304//4304 6610//6610 4406//4406
f 4304//4304 4406//4406 2903//2903
f 4305//4305 6607//6607 6610//6610
f 4305//4305 6610//6610 4304//4304
f 4306//4306 6604//6604 6607//6607
f 4306//4306 6607//6607 4305//4305
f 6613//6613 6614//6614 6617//6617
f 6613//6613 6617//6617 6616//6616
f 6614//6614 6615//6615 6618//6618
f 6614//6614 6618//6618 6617//6617
f 6616//6616 6617//6617 6620//6620
f 6616//6616 6620//6620 6619//6619
f 6617//6617 6618//6618 6621//6621
f 6617//6617 6621//6621 6620//6620
f 2883//2883 4331//4331 6613//6613
f 2883//2883 6613//6613 4373//4373
f 4331//4331 4332//4332 6614//6614
f 4331//4331 6614//6614 6613//6613
f 4332//4332 4333//4333 6615//6615
f 4332//4332 6615//6615 6614//6614
f 4333//4333 2886//2886 4306//4306
f 4333//4333 4306//4306 6615//6615
f 6615//6615 4306//4306 4305//4305
f 6615//6615 4305//4305 6618//6618
f 6618//6618 4305//4305 4304//4304
f 6618//6618 4304//4304 6621//6621
f 6621//6621 4304//4304 2903//2903
f 6621//6621 2903//2903 4411//4411
f 6620//6620 6621//6621 4411//4411
f 6620//6620 4411//4411 4410//4410
f 6619//6619 6620//6620 4410//4410
f 6619//6619 4410//4410 4409//4409
f 4375//4375 6619//6619 4409//4409
f 4375//4375 4409//4409 2897//2897
f 4374//4374 6616//6616 6619//6619
f 4374//4374 6619//6619 4375//4375
f 4373//4373 6613//6613 6616//6616
f 4373//4373 6616//6616 4374//4374
f 6622//6622 6623//6623 6626//6626
f 6622//6622 6626//6626 6625//6625
f 6623//6623 6624//6624 6627//6627
f 6623//6623 6627//6627 6626//6626
f 6625//6625 6626//6626 6629//6629
f 6625//6625 6629//6629 6628//6628
f 6626//6626 6627//6627 6630//6630
f 6626//6626 6630//6630 6629//6629
f 2784//2784 2965//2965 6622//6622
f 2784//2784 6622//6622 3799//3799
f 2965//2965 2964//2964 6623//6623
f 2965//2965 6623//6623 6622//6622
f 2964//2964 2963//2963 6624//6624
f 2964//2964 6624//6624 6623//6623
f 2963//2963 2906//2906 4438//4438
f 2963//2963 4438//4438 6624//6624
f 6624//6624 4438//4438 4437//4437
f 6624//6624 4437//4437 6627//6627
f 6627//6627 4437//4437 4436//4436
f 6627//6627 4436//4436 6630//6630
f 6630//6630 4436//4436 2912//2912
f 6630//6630 2912//2912 4435//4435
f 6629//6629 6630//6630 4435//4435
f 6629//6629 4435//4435 4434//4434
f 6628//6628 6629//6629 4434//4434
f 6628//6628 4434//4434 4433//4433
f 3797//3797 6628//6628 4433//4433
f 3797//3797 4433//4433 2863//2863
f 3798//3798 6625//6625 6628//6628
f 3798//3798 6628//6628 3797//3797
f 3799//3799 6622//6622 6625//6625
f 3799//3799 6625//6625 3798//3798
f 6631//6631 6632//6632 6635//6635
f 6631//6631 6635//6635 6634//6634
f 6632//6632 6633//6633 6636//6636
f 6632//6632 6636//6636 6635//6635
f 6634//6634 6635//6635 6638//6638
f 6634//6634 6638//6638 6637//6637
f 6635//6635 6636//6636 6639//6639
f 6635//6635 6639//6639 6638//6638
f 2799//2799 4418//4418 6631//6631
f 2799//2799 6631//6631 3853//3853
f 4418//4418 4419//4419 6632//6632
f 4418//4418 6632//6632 6631//6631
f 4419//4419 4420//4420 6633//6633
f 4419//4419 6633//6633 6632//6632
f 4420//4420 2907//2907 4441//4441
f 4420//4420 4441//4441 6633//6633
f 6633//6633 4441//4441 4440//4440
f 6633//6633 4440//4440 6636//6636
f 6636//6636 4440//4440 4439//4439
f 6636//6636 4439//4439 6639//6639
f 6639//6639 4439//4439 2911//2911
f 6639//6639 2911//2911 4432//4432
f 6638//6638 6639//6639 4432//4432
f 6638//6638 4432//4432 4431//4431
f 6637//6637 6638//6638 4431//4431
f 6637//6637 4431//4431 4430//4430
f 3851//3851 6637//6637 4430//4430
f 3851//3851 4430//4430 2857//2857
f 3852//3852 6634//6634 6637//6637
f 3852//3852 6637//6637 3851//3851
f 3853//3853 6631//6631 6634//6634
f 3853//3853 6634//6634 3852//3852
f 6640//6640 6641//6641 6644//6644
f 6640//6640 6644//6644 6643//6643
f 6641//6641 6642//6642 6645//6645
f 6641//6641 6645//6645 6644//6644
f 6643//6643 6644//6644 6647//6647
f 6643//6643 6647//6647 6646//6646
f 6644//6644 6645//6645 6648//6648
f 6644//6644 6648//6648 6647//6647
f 2918//2918 4493//4493 6640//6640
f 2918//2918 6640//6640 4471//4471
f 4493//4493 4494//4494 6641//6641
f 4493//4493 6641//6641 6640//6640
f 4494//4494 4495//4495 6642//6642
f 4494//4494 6642//6642 6641//6641
f 4495//4495 2927//2927 4492//4492
f 4495//4495 4492//4492 6642//6642
f 6642//6642 4492//4492 4491//4491
f 6642//6642 4491//4491 6645//6645
f 6645//6645 4491//4491 4490//4490
f 6645//6645 4490//4490 6648//6648
f 6648//6648 4490//4490 2909//2909
f 6648//6648 2909//2909 4426//4426
f 6647//6647 6648//6648 4426//4426
f 6647//6647 4426//4426 4425//4425
f 6646//6646 6647//6647 4425//4425
f 6646//6646 4425//4425 4424//4424
f 4469//4469 6646//6646 4424//4424
f 4469//4469 4424//4424 2847//2847
f 4470//4470 6643//6643 6646//6646
f 4470//4470 6646//6646 4469//4469
f 4471//4471 6640//6640 6643//6643
f 4471//4471 6643//6643 4470//4470
f 6649//6649 6650//6650 6653//6653
f 6649//6649 6653//6653 6652//6652
f 6650//6650 6651//6651 6654//6654
f 6650//6650 6654//6654 6653//6653
f 6652//6652 6653//6653 6656//6656
f 6652//6652 6656//6656 6655//6655
f 6653//6653 6654//6654 6657//6657
f 6653//6653 6657//6657 6656//6656
f 2852//2852 4427//4427 6649//6649
f 2852//2852 6649//6649 4114//4114
f 4427//4427 4428//4428 6650//6650
f 4427//4427 6650//6650 6649//6649
f 4428//4428 4429//4429 6651//6651
f 4428//4428 6651//6651 6650//6650
f 4429//4429 2910//2910 4447//4447
f 4429//4429 4447//4447 6651//6651
f 6651//6651 4447//4447 4446//4446
f 6651//6651 4446//4446 6654//6654
f 6654//6654 4446//4446 4445//4445
f 6654//6654 4445//4445 6657//6657
f 6657//6657 4445//4445 2908//2908
f 6657//6657 2908//2908 4423//4423
f 6656//6656 6657//6657 4423//4423
f 6656//6656 4423//4423 4422//4422
f 6655//6655 6656//6656 4422//4422
f 6655//6655 4422//4422 4421//4421
f 4112//4112 6655//6655 4421//4421
f 4112//4112 4421//4421 2840//2840
f 4113//4113 6652//6652 6655//6655
f 4113//4113 6655//6655 4112//4112
f 4114//4114 6649//6649 6652//6652
f 4114//4114 6652//6652 4113//4113
f 6658//6658 6659//6659 6662//6662
f 6658//6658 6662//6662 6661//6661
f 6659//6659 6660//6660 6663//6663
f 6659//6659 6663//6663 6662//6662
f 6661//6661 6662//6662 6665//6665
f 6661//6661 6665//6665 6664//6664
f 6662//6662 6663//6663 6666//6666
f 6662//6662 6666//6666 6665//6665
f 2863//2863 4433//4433 6658//6658
f 2863//2863 6658//6658 4174//4174
f 4433//4433 4434//4434 6659//6659
f 4433//4433 6659//6659 6658//6658
f 4434//4434 4435//4435 6660//6660
f 4434//4434 6660//6660 6659//6659
f 4435//4435 2912//2912 4450//4450
f 4435//4435 4450//4450 6660//6660
f 6660//6660 4450//4450 4449//4449
f 6660//6660 4449//4449 6663//6663
f 6663//6663 4449//4449 4448//4448
f 6663//6663 4448//4448 6666//6666
f 6666//6666 4448//4448 2907//2907
f 6666//6666 2907//2907 4420//4420
f 6665//6665 6666//6666 4420//4420
f 6665//6665 4420//4420 4419//4419
f 6664//6664 6665//6665 4419//4419
f 6664//6664 4419//4419 4418//4418
f 4172//4172 6664//6664 4418//4418
f 4172//4172 4418//4418 2799//2799
f 4173//4173 6661//6661 6664//6664
f 4173//4173 6664//6664 4172//4172
f 4174//4174 6658//6658 6661//6661
f 4174//4174 6661//6661 4173//4173
f 6667//6667 6668//6668 6671//6671
f 6667//6667 6671//6671 6670//6670
f 6668//6668 6669//6669 6672//6672
f 6668//6668 6672//6672 6671//6671
f 6670//6670 6671//6671 6674//6674
f 6670//6670 6674//6674 6673//6673
f 6671//6671 6672//6672 6675//6675
f 6671//6671 6675//6675 6674//6674
f 2840//2840 4421//4421 6667//6667
f 2840//2840 6667//6667 4054//4054
f 4421//4421 4422//4422 6668//6668
f 4421//4421 6668//6668 6667//6667
f 4422//4422 4423//4423 6669//6669
f 4422//4422 6669//6669 6668//6668
f 4423//4423 2908//2908 4456//4456
f 4423//4423 4456//4456 6669//6669
f 6669//6669 4456//4456 4455//4455
f 6669//6669 4455//4455 6672//6672
f 6672//6672 4455//4455 4454//4454
f 6672//6672 4454//4454 6675//6675
f 6675//6675 4454//4454 2905//2905
f 6675//6675 2905//2905 3791//3791
f 6674//6674 6675//6675 3791//3791
f 6674//6674 3791//3791 3792//3792
f 6673//6673 6674//6674 3792//3792
f 6673//6673 3792//3792 3793//3793
f 4052//4052 6673//6673 3793//3793
f 4052//4052 3793//3793 2783//2783
f 4053//4053 6670//6670 6673//6673
f 4053//4053 6673//6673 4052//4052
f 4054//4054 6667//6667 6670//6670
f 4054//4054 6670//6670 4053//4053
f 6676//6676 6677//6677 6680//6680
f 6676//6676 6680//6680 6679//6679
f 6677//6677 6678//6678 6681//6681
f 6677//6677 6681//6681 6680//6680
f 6679//6679 6680//6680 6683//6683
f 6679//6679 6683//6683 6682//6682
f 6680//6680 6681//6681 6684//6684
f 6680//6680 6684//6684 6683//6683
f 2914//2914 4568//4568 6676//6676
f 2914//2914 6676//6676 4457//4457
f 4568//4568 4569//4569 6677//6677
f 4568//4568 6677//6677 6676//6676
f 4569//4569 4570//4570 6678//6678
f 4569//4569 6678//6678 6677//6677
f 4570//4570 2931//2931 4574//4574
f 4570//4570 4574//4574 6678//6678
f 6678//6678 4574//4574 4575//4575
f 6678//6678 4575//4575 6681//6681
f 6681//6681 4575//4575 4576//4576
f 6681//6681 4576//4576 6684//6684
f 6684//6684 4576//4576 2932//2932
f 6684//6684 2932//2932 4573//4573
f 6683//6683 6684//6684 4573//4573
f 6683//6683 4573//4573 4572//4572
f 6682//6682 6683//6683 4572//4572
f 6682//6682 4572//4572 4571//4571
f 4459//4459 6682//6682 4571//4571
f 4459//4459 4571//4571 2915//2915
f 4458//4458 6679//6679 6682//6682
f 4458//4458 6682//6682 4459//4459
f 4457//4457 6676//6676 6679//6679
f 4457//4457 6679//6679 4458//4458
f 6685//6685 6686//6686 6689//6689
f 6685//6685 6689//6689 6688//6688
f 6686//6686 6687//6687 6690//6690
f 6686//6686 6690//6690 6689//6689
f 6688//6688 6689//6689 6692//6692
f 6688//6688 6692//6692 6691//6691
f 6689//6689 6690//6690 6693//6693
f 6689//6689 6693//6693 6692//6692
f 2857//2857 4430//4430 6685//6685
f 2857//2857 6685//6685 4141//4141
f 4430//4430 4431//4431 6686//6686
f 4430//4430 6686//6686 6685//6685
f 4431//4431 4432//4432 6687//6687
f 4431//4431 6687//6687 6686//6686
f 4432//4432 2911//2911 4444//4444
f 4432//4432 4444//4444 6687//6687
f 6687//6687 4444//4444 4443//4443
f 6687//6687 4443//4443 6690//6690
f 6690//6690 4443//4443 4442//4442
f 6690//6690 4442//4442 6693//6693
f 6693//6693 4442//4442 2927//2927
f 6693//6693 2927//2927 4495//4495
f 6692//6692 6693//6693 4495//4495
f 6692//6692 4495//4495 4494//4494
f 6691//6691 6692//6692 4494//4494
f 6691//6691 4494//4494 4493//4493
f 4139//4139 6691//6691 4493//4493
f 4139//4139 4493//4493 2918//2918
f 4140//4140 6688//6688 6691//6691
f 4140//4140 6691//6691 4139//4139
f 4141//4141 6685//6685 6688//6688
f 4141//4141 6688//6688 4140//4140
f 6694//6694 6695//6695 6698//6698
f 6694//6694 6698//6698 6697//6697
f 6695//6695 6696//6696 6699//6699
f 6695//6695 6699//6699 6698//6698
f 6697//6697 6698//6698 6701//6701
f 6697//6697 6701//6701 6700//6700
f 6698//6698 6699//6699 6702//6702
f 6698//6698 6702//6702 6701//6701
f 2857//2857 4141//4141 6694//6694
f 2857//2857 6694//6694 4165//4165
f 4141//4141 4140//4140 6695//6695
f 4141//4141 6695//6695 6694//6694
f 4140//4140 4139//4139 6696//6696
f 4140//4140 6696//6696 6695//6695
f 4139//4139 2918//2918 4498//4498
f 4139//4139 4498//4498 6696//6696
f 6696//6696 4498//4498 4497//4497
f 6696//6696 4497//4497 6699//6699
f 6699//6699 4497//4497 4496//4496
f 6699//6699 4496//4496 6702//6702
f 6702//6702 4496//4496 2926//2926
f 6702//6702 2926//2926 4489//4489
f 6701//6701 6702//6702 4489//4489
f 6701//6701 4489//4489 4488//4488
f 6700//6700 6701//6701 4488//4488
f 6700//6700 4488//4488 4487//4487
f 4163//4163 6700//6700 4487//4487
f 4163//4163 4487//4487 2900//2900
f 4164//4164 6697//6697 6700//6700
f 4164//4164 6700//6700 4163//4163
f 4165//4165 6694//6694 6697//6697
f 4165//4165 6697//6697 4164//4164
f 6703//6703 6704//6704 6707//6707
f 6703//6703 6707//6707 6706//6706
f 6704//6704 6705//6705 6708//6708
f 6704//6704 6708//6708 6707//6707
f 6706//6706 6707//6707 6710//6710
f 6706//6706 6710//6710 6709//6709
f 6707//6707 6708//6708 6711//6711
f 6707//6707 6711//6711 6710//6710
f 2858//2858 4144//4144 6703//6703
f 2858//2858 6703//6703 4168//4168
f 4144//4144 4143//4143 6704//6704
f 4144//4144 6704//6704 6703//6703
f 4143//4143 4142//4142 6705//6705
f 4143//4143 6705//6705 6704//6704
f 4142//4142 2920//2920 4501//4501
f 4142//4142 4501//4501 6705//6705
f 6705//6705 4501//4501 4500//4500
f 6705//6705 4500//4500 6708//6708
f 6708//6708 4500//4500 4499//4499
f 6708//6708 4499//4499 6711//6711
f 6711//6711 4499//4499 2925//2925
f 6711//6711 2925//2925 4486//4486
f 6710//6710 6711//6711 4486//4486
f 6710//6710 4486//4486 4485//4485
f 6709//6709 6710//6710 4485//4485
f 6709//6709 4485//4485 4484//4484
f 4166//4166 6709//6709 4484//4484
f 4166//4166 4484//4484 2895//2895
f 4167//4167 6706//6706 6709//6709
f 4167//4167 6709//6709 4166//4166
f 4168//4168 6703//6703 6706//6706
f 4168//4168 6706//6706 4167//4167
f 6712//6712 6713//6713 6716//6716
f 6712//6712 6716//6716 6715//6715
f 6713//6713 6714//6714 6717//6717
f 6713//6713 6717//6717 6716//6716
f 6715//6715 6716//6716 6719//6719
f 6715//6715 6719//6719 6718//6718
f 6716//6716 6717//6717 6720//6720
f 6716//6716 6720//6720 6719//6719
f 2900//2900 4487//4487 6712//6712
f 2900//2900 6712//6712 4384//4384
f 4487//4487 4488//4488 6713//6713
f 4487//4487 6713//6713 6712//6712
f 4488//4488 4489//4489 6714//6714
f 4488//4488 6714//6714 6713//6713
f 4489//4489 2926//2926 4504//4504
f 4489//4489 4504//4504 6714//6714
f 6714//6714 4504//4504 4503//4503
f 6714//6714 4503//4503 6717//6717
f 6717//6717 4503//4503 4502//4502
f 6717//6717 4502//4502 6720//6720
f 6720//6720 4502//4502 2924//2924
f 6720//6720 2924//2924 4483//4483
f 6719//6719 6720//6720 4483//4483
f 6719//6719 4483//4483 4482//4482
f 6718//6718 6719//6719 4482//4482
f 6718//6718 4482//4482 4481//4481
f 4382//4382 6718//6718 4481//4481
f 4382//4382 4481//4481 2889//2889
f 4383//4383 6715//6715 6718//6718
f 4383//4383 6718//6718 4382//4382
f 4384//4384 6712//6712 6715//6715
f 4384//4384 6715//6715 4383//4383
f 6721//6721 6722//6722 6725//6725
f 6721//6721 6725//6725 6724//6724
f 6722//6722 6723//6723 6726//6726
f 6722//6722 6726//6726 6725//6725
f 6724//6724 6725//6725 6728//6728
f 6724//6724 6728//6728 6727//6727
f 6725//6725 6726//6726 6729//6729
f 6725//6725 6729//6729 6728//6728
f 2794//2794 3832//3832 6721//6721
f 2794//2794 6721//6721 4507//4507
f 3832//3832 3831//3831 6722//6722
f 3832//3832 6722//6722 6721//6721
f 3831//3831 3830//3830 6723//6723
f 3831//3831 6723//6723 6722//6722
f 3830//3830 2790//2790 4133//4133
f 3830//3830 4133//4133 6723//6723
f 6723//6723 4133//4133 4134//4134
f 6723//6723 4134//4134 6726//6726
f 6726//6726 4134//4134 4135//4135
f 6726//6726 4135//4135 6729//6729
f 6729//6729 4135//4135 2929//2929
f 6729//6729 2929//2929 4525//4525
f 6728//6728 6729//6729 4525//4525
f 6728//6728 4525//4525 4524//4524
f 6727//6727 6728//6728 4524//4524
f 6727//6727 4524//4524 4523//4523
f 4505//4505 6727//6727 4523//4523
f 4505//4505 4523//4523 2919//2919
f 4506//4506 6724//6724 6727//6727
f 4506//4506 6727//6727 4505//4505
f 4507//4507 6721//6721 6724//6724
f 4507//4507 6724//6724 4506//4506
f 6730//6730 6731//6731 6734//6734
f 6730//6730 6734//6734 6733//6733
f 6731//6731 6732//6732 6735//6735
f 6731//6731 6735//6735 6734//6734
f 6733//6733 6734//6734 6737//6737
f 6733//6733 6737//6737 6736//6736
f 6734//6734 6735//6735 6738//6738
f 6734//6734 6738//6738 6737//6737
f 2860//2860 4157//4157 6730//6730
f 2860//2860 6730//6730 4150//4150
f 4157//4157 4158//4158 6731//6731
f 4157//4157 6731//6731 6730//6730
f 4158//4158 4159//4159 6732//6732
f 4158//4158 6732//6732 6731//6731
f 4159//4159 2862//2862 4466//4466
f 4159//4159 4466//4466 6732//6732
f 6732//6732 4466//4466 4467//4467
f 6732//6732 4467//4467 6735//6735
f 6735//6735 4467//4467 4468//4468
f 6735//6735 4468//4468 6738//6738
f 6738//6738 4468//4468 2917//2917
f 6738//6738 2917//2917 4510//4510
f 6737//6737 6738//6738 4510//4510
f 6737//6737 4510//4510 4509//4509
f 6736//6736 6737//6737 4509//4509
f 6736//6736 4509//4509 4508//4508
f 4148//4148 6736//6736 4508//4508
f 4148//4148 4508//4508 2922//2922
f 4149//4149 6733//6733 6736//6736
f 4149//4149 6736//6736 4148//4148
f 4150//4150 6730//6730 6733//6733
f 4150//4150 6733//6733 4149//4149
f 6739//6739 6740//6740 6743//6743
f 6739//6739 6743//6743 6742//6742
f 6740//6740 6741//6741 6744//6744
f 6740//6740 6744//6744 6743//6743
f 6742//6742 6743//6743 6746//6746
f 6742//6742 6746//6746 6745//6745
f 6743//6743 6744//6744 6747//6747
f 6743//6743 6747//6747 6746//6746
f 2911//2911 4160//4160 6739//6739
f 2911//2911 6739//6739 4444//4444
f 4160//4160 4161//4161 6740//6740
f 4160//4160 6740//6740 6739//6739
f 4161//4161 4162//4162 6741//6741
f 4161//4161 6741//6741 6740//6740
f 4162//4162 2861//2861 4463//4463
f 4162//4162 4463//4463 6741//6741
f 6741//6741 4463//4463 4464//4464
f 6741//6741 4464//4464 6744//6744
f 6744//6744 4464//4464 4465//4465
f 6744//6744 4465//4465 6747//6747
f 6747//6747 4465//4465 2916//2916
f 6747//6747 2916//2916 4513//4513
f 6746//6746 6747//6747 4513//4513
f 6746//6746 4513//4513 4512//4512
f 6745//6745 6746//6746 4512//4512
f 6745//6745 4512//4512 4511//4511
f 4442//4442 6745//6745 4511//4511
f 4442//4442 4511//4511 2927//2927
f 4443//4443 6742//6742 6745//6745
f 4443//4443 6745//6745 4442//4442
f 4444//4444 6739//6739 6742//6742
f 4444//4444 6742//6742 4443//4443
f 6748//6748 6749//6749 6752//6752
f 6748//6748 6752//6752 6751//6751
f 6749//6749 6750//6750 6753//6753
f 6749//6749 6753//6753 6752//6752
f 6751//6751 6752//6752 6755//6755
f 6751//6751 6755//6755 6754//6754
f 6752//6752 6753//6753 6756//6756
f 6752//6752 6756//6756 6755//6755
f 2895//2895 4484//4484 6748//6748
f 2895//2895 6748//6748 4351//4351
f 4484//4484 4485//4485 6749//6749
f 4484//4484 6749//6749 6748//6748
f 4485//4485 4486//4486 6750//6750
f 4485//4485 6750//6750 6749//6749
f 4486//4486 2925//2925 4519//4519
f 4486//4486 4519//4519 6750//6750
f 6750//6750 4519//4519 4518//4518
f 6750//6750 4518//4518 6753//6753
f 6753//6753 4518//4518 4517//4517
f 6753//6753 4517//4517 6756//6756
f 6756//6756 4517//4517 2921//2921
f 6756//6756 2921//2921 4145//4145
f 6755//6755 6756//6756 4145//4145
f 6755//6755 4145//4145 4146//4146
f 6754//6754 6755//6755 4146//4146
f 6754//6754 4146//4146 4147//4147
f 4349//4349 6754//6754 4147//4147
f 4349//4349 4147//4147 2859//2859
f 4350//4350 6751//6751 6754//6754
f 4350//4350 6754//6754 4349//4349
f 4351//4351 6748//6748 6751//6751
f 4351//4351 6751//6751 4350//4350
f 6757//6757 6758//6758 6761//6761
f 6757//6757 6761//6761 6760//6760
f 6758//6758 6759//6759 6762//6762
f 6758//6758 6762//6762 6761//6761
f 6760//6760 6761//6761 6764//6764
f 6760//6760 6764//6764 6763//6763
f 6761//6761 6762//6762 6765//6765
f 6761//6761 6765//6765 6764//6764
f 2861//2861 4169//4169 6757//6757
f 2861//2861 6757//6757 4463//4463
f 4169//4169 4170//4170 6758//6758
f 4169//4169 6758//6758 6757//6757
f 4170//4170 4171//4171 6759//6759
f 4170//4170 6759//6759 6758//6758
f 4171//4171 2860//2860 4150//4150
f 4171//4171 4150//4150 6759//6759
f 6759//6759 4150//4150 4149//4149
f 6759//6759 4149//4149 6762//6762
f 6762//6762 4149//4149 4148//4148
f 6762//6762 4148//4148 6765//6765
f 6765//6765 4148//4148 2922//2922
f 6765//6765 2922//2922 4522//4522
f 6764//6764 6765//6765 4522//4522
f 6764//6764 4522//4522 4521//4521
f 6763//6763 6764//6764 4521//4521
f 6763//6763 4521//4521 4520//4520
f 4465//4465 6763//6763 4520//4520
f 4465//4465 4520//4520 2916//2916
f 4464//4464 6760//6760 6763//6763
f 4464//4464 6763//6763 4465//4465
f 4463//4463 6757//6757 6760//6760
f 4463//4463 6760//6760 4464//4464
f 6766//6766 6767//6767 6770//6770
f 6766//6766 6770//6770 6769//6769
f 6767//6767 6768//6768 6771//6771
f 6767//6767 6771//6771 6770//6770
f 6769//6769 6770//6770 6773//6773
f 6769//6769 6773//6773 6772//6772
f 6770//6770 6771//6771 6774//6774
f 6770//6770 6774//6774 6773//6773
f 2850//2850 4109//4109 6766//6766
f 2850//2850 6766//6766 4093//4093
f 4109//4109 4110//4110 6767//6767
f 4109//4109 6767//6767 6766//6766
f 4110//4110 4111//4111 6768//6768
f 4110//4110 6768//6768 6767//6767
f 4111//4111 2846//2846 3788//3788
f 4111//4111 3788//3788 6768//6768
f 6768//6768 3788//3788 3789//3789
f 6768//6768 3789//3789 6771//6771
f 6771//6771 3789//3789 3790//3790
f 6771//6771 3790//3790 6774//6774
f 6774//6774 3790//3790 2851//2851
f 6774//6774 2851//2851 4136//4136
f 6773//6773 6774//6774 4136//4136
f 6773//6773 4136//4136 4137//4137
f 6772//6772 6773//6773 4137//4137
f 6772//6772 4137//4137 4138//4138
f 4091//4091 6772//6772 4138//4138
f 4091//4091 4138//4138 2856//2856
f 4092//4092 6769//6769 6772//6772
f 4092//4092 6772//6772 4091//4091
f 4093//4093 6766//6766 6769//6769
f 4093//4093 6769//6769 4092//4092
f 6775//6775 6776//6776 6779//6779
f 6775//6775 6779//6779 6778//6778
f 6776//6776 6777//6777 6780//6780
f 6776//6776 6780//6780 6779//6779
f 6778//6778 6779//6779 6782//6782
f 6778//6778 6782//6782 6781//6781
f 6779//6779 6780//6780 6783//6783
f 6779//6779 6783//6783 6782//6782
f 2805//2805 4028//4028 6775//6775
f 2805//2805 6775//6775 3886//3886
f 4028//4028 4029//4029 6776//6776
f 4028//4028 6776//6776 6775//6775
f 4029//4029 4030//4030 6777//6777
f 4029//4029 6777//6777 6776//6776
f 4030//4030 2826//2826 3973//3973
f 4030//4030 3973//3973 6777//6777
f 6777//6777 3973//3973 3972//3972
f 6777//6777 3972//3972 6780//6780
f 6780//6780 3972//3972 3971//3971
f 6780//6780 3971//3971 6783//6783
f 6783//6783 3971//3971 2932//2932
f 6783//6783 2932//2932 4576//4576
f 6782//6782 6783//6783 4576//4576
f 6782//6782 4576//4576 4575//4575
f 6781//6781 6782//6782 4575//4575
f 6781//6781 4575//4575 4574//4574
f 3884//3884 6781//6781 4574//4574
f 3884//3884 4574//4574 2931//2931
f 3885//3885 6778//6778 6781//6781
f 3885//3885 6781//6781 3884//3884
f 3886//3886 6775//6775 6778//6778
f 3886//3886 6778//6778 3885//3885
f 6784//6784 6785//6785 6788//6788
f 6784//6784 6788//6788 6787//6787
f 6785//6785 6786//6786 6789//6789
f 6785//6785 6789//6789 6788//6788
f 6787//6787 6788//6788 6791//6791
f 6787//6787 6791//6791 6790//6790
f 6788//6788 6789//6789 6792//6792
f 6788//6788 6792//6792 6791//6791
f 2820//2820 3931//3931 6784//6784
f 2820//2820 6784//6784 4547//4547
f 3931//3931 3930//3930 6785//6785
f 3931//3931 6785//6785 6784//6784
f 3930//3930 3929//3929 6786//6786
f 3930//3930 6786//6786 6785//6785
f 3929//3929 2809//2809 4564//4564
f 3929//3929 4564//4564 6786//6786
f 6786//6786 4564//4564 4563//4563
f 6786//6786 4563//4563 6789//6789
f 6789//6789 4563//4563 4562//4562
f 6789//6789 4562//4562 6792//6792
f 6792//6792 4562//4562 2817//2817
f 6792//6792 2817//2817 3940//3940
f 6791//6791 6792//6792 3940//3940
f 6791//6791 3940//3940 3939//3939
f 6790//6790 6791//6791 3939//3939
f 6790//6790 3939//3939 3938//3938
f 4549//4549 6790//6790 3938//3938
f 4549//4549 3938//3938 2818//2818
f 4548//4548 6787//6787 6790//6790
f 4548//4548 6790//6790 4549//4549
f 4547//4547 6784//6784 6787//6787
f 4547//4547 6787//6787 4548//4548
f 6793//6793 6794//6794 6797//6797
f 6793//6793 6797//6797 6796//6796
f 6794//6794 6795//6795 6798//6798
f 6794//6794 6798//6798 6797//6797
f 6796//6796 6797//6797 6800//6800
f 6796//6796 6800//6800 6799//6799
f 6797//6797 6798//6798 6801//6801
f 6797//6797 6801//6801 6800//6800
f 2884//2884 4319//4319 6793//6793
f 2884//2884 6793//6793 3458//3458
f 4319//4319 4320//4320 6794//6794
f 4319//4319 6794//6794 6793//6793
f 4320//4320 4321//4321 6795//6795
f 4320//4320 6795//6795 6794//6794
f 4321//4321 2890//2890 4318//4318
f 4321//4321 4318//4318 6795//6795
f 6795//6795 4318//4318 4317//4317
f 6795//6795 4317//4317 6798//6798
f 6798//6798 4317//4317 4316//4316
f 6798//6798 4316//4316 6801//6801
f 6801//6801 4316//4316 2864//2864
f 6801//6801 2864//2864 3800//3800
f 6800//6800 6801//6801 3800//3800
f 6800//6800 3800//3800 3801//3801
f 6799//6799 6800//6800 3801//3801
f 6799//6799 3801//3801 3802//3802
f 3460//3460 6799//6799 3802//3802
f 3460//3460 3802//3802 2785//2785
f 3459//3459 6796//6796 6799//6799
f 3459//3459 6799//6799 3460//3460
f 3458//3458 6793//6793 6796//6796
f 3458//3458 6796//6796 3459//3459
f 6802//6802 6803//6803 6806//6806
f 6802//6802 6806//6806 6805//6805
f 6803//6803 6804//6804 6807//6807
f 6803//6803 6807//6807 6806//6806
f 6805//6805 6806//6806 6809//6809
f 6805//6805 6809//6809 6808//6808
f 6806//6806 6807//6807 6810//6810
f 6806//6806 6810//6810 6809//6809
f 2853//2853 4283//4283 6802//6802
f 2853//2853 6802//6802 4300//4300
f 4283//4283 4284//4284 6803//6803
f 4283//4283 6803//6803 6802//6802
f 4284//4284 4285//4285 6804//6804
f 4284//4284 6804//6804 6803//6803
f 4285//4285 2888//2888 4286//4286
f 4285//4285 4286//4286 6804//6804
f 6804//6804 4286//4286 4287//4287
f 6804//6804 4287//4287 6807//6807
f 6807//6807 4287//4287 4288//4288
f 6807//6807 4288//4288 6810//6810
f 6810//6810 4288//4288 2882//2882
f 6810//6810 2882//2882 4526//4526
f 6809//6809 6810//6810 4526//4526
f 6809//6809 4526//4526 4527//4527
f 6808//6808 6809//6809 4527//4527
f 6808//6808 4527//4527 4528//4528
f 4298//4298 6808//6808 4528//4528
f 4298//4298 4528//4528 2789//2789
f 4299//4299 6805//6805 6808//6808
f 4299//4299 6808//6808 4298//4298
f 4300//4300 6802//6802 6805//6805
f 4300//4300 6805//6805 4299//4299
f 6811//6811 6812//6812 6815//6815
f 6811//6811 6815//6815 6814//6814
f 6812//6812 6813//6813 6816//6816
f 6812//6812 6816//6816 6815//6815
f 6814//6814 6815//6815 6818//6818
f 6814//6814 6818//6818 6817//6817
f 6815//6815 6816//6816 6819//6819
f 6815//6815 6819//6819 6818//6818
f 2914//2914 4462//4462 6811//6811
f 2914//2914 6811//6811 4568//4568
f 4462//4462 4461//4461 6812//6812
f 4462//4462 6812//6812 6811//6811
f 4461//4461 4460//4460 6813//6813
f 4461//4461 6813//6813 6812//6812
f 4460//4460 2913//2913 4565//4565
f 4460//4460 4565//4565 6813//6813
f 6813//6813 4565//4565 4566//4566
f 6813//6813 4566//4566 6816//6816
f 6816//6816 4566//4566 4567//4567
f 6816//6816 4567//4567 6819//6819
f 6819//6819 4567//4567 2930//2930
f 6819//6819 2930//2930 4579//4579
f 6818//6818 6819//6819 4579//4579
f 6818//6818 4579//4579 4578//4578
f 6817//6817 6818//6818 4578//4578
f 6817//6817 4578//4578 4577//4577
f 4570//4570 6817//6817 4577//4577
f 4570//4570 4577//4577 2931//2931
f 4569//4569 6814//6814 6817//6817
f 4569//4569 6817//6817 4570//4570
f 4568//4568 6811//6811 6814//6814
f 4568//4568 6814//6814 4569//4569
o Valve
v -0.285753012 0.0762761012 0
v -0.371516824 0.0071666725 0
v -0.195241913 0.0791233405 0
v -0.0670890287 0.13586016 0
v -0.0444570296 1.98474979 0
v -0.188839495 0.000809550402 0
v -0.0351187848 0.116259158 0
v -0.185133904 0.066167742 0
v -0.282440603 0.0635432079 0
v -0.34137851 0.0157322288 0
v -0.190941811 0.0145078078 0
v -0.0268318616 0.513594329 0
v -0.0416915901 0.000809550402 0
v -0.0434349738 0.0249808636 0
v -0.048729293 0.519584537 0
v -0.0312925652 1.98795974 0
v -0.260417134 0.0770873204 0
v -0.324786305 0.000809550402 0
v -0.255804956 0.0629496276 0
v -0.293679684 0.0124917161 0
v -0.113001704 0.0950060114 0
v -0.0972649306 0.0815114304 0
v -0.101697393 0.000809550402 0
v -0.106657311 0.0198775642 0
v -0.0557285883 0.184825465 0
v -0.0275991671 0.160418272 0
v -0.33556813 0.0381388627 0
v -0.318220288 0.0322272368 0
v -0.186976776 0.03170963 0
v -0.0384982415 0.0711668134 0
v -0.273813844 0.0273023266 0
v -0.0985847414 0.0503814183 0
v -0.0471270457 1.68384767 0
v -0.0303203259 1.68369377 0
v -0.0346698947 0.0992794856 0
v -0.0948054045 0.0721853524 0
v -0.299813658 0.0674870759 0
v -0.291308343 0.0556272231 0
v -0.184007853 0.0565351546 0
v -0.259808898 0.0529500544 0
v -0.280117035 0.0770872682 0
v -0.277485251 0.0624802671 0
v -0.370395482 0.000809625373 0
v -0.332498848 0.013923699 0
v -0.30689314 0.0296919066 0
v -0.284529775 0.0530395955 0
v -0.00873671658 0.105563037 0
v -0.0151388543 1.68366301 0
v -0.0100719193 0.0757584721 0
v -0.00804044772 0.15553683 0
v -0.0166205745 1.98795974 0
v -0.00927056372 0.512396276 0
v -0.00822980609 0.11947307 0
v -0.0113752969 0.0263959132 0
v -0.0109018814 0.000809550402 0
v 0.285753012 0.0762761012 0
v 0.371516824 0.0071666725 0
v 0.195241913 0.0791233405 0
v 2.9850223e-11 0.000809550402 0
v 0.0670890287 0.13586016 0
v 0.0444570296 1.98474979 0
v 0.18883948 0.000809550402 0
v 0.0351187848 0.116259158 0
v 0.185133904 0.066167742 0
v 0.282440603 0.0635432154 0
v 0.34137854 0.0157322288 0
v 0.190941811 0.0145078078 0
v 2.45300794e-11 0.0265714023 0
v 0.0268318616 0.513594329 0
v 9.49423873e-12 0.119477019 0
v -2.58075783e-11 0.512396276 0
v 0.0416915901 0.000809550402 0
v 0.0434349738 0.0249808636 0
v 0.048729293 0.519584537 0
v 0.0312925614 1.98795974 0
v 3.95550259e-12 1.98795974 0
v 0.260417104 0.0770873204 0
v 0.324786305 0.000809550402 0
v 0.255804956 0.0629496276 0
v 0.293679684 0.0124917161 0
v 0.113001704 0.095006004 0
v 0.0972649306 0.0815114304 0
v 0.101697393 0.000809550402 0
v 0.106657311 0.0198775642 0
v 0.0557285883 0.18482548 0
v 0.0275991671 0.160418287 0
v 1.96968622e-11 0.15553683 0
v 0.33556813 0.0381388627 0
v 0.318220288 0.0322272368 0
v 0.186976761 0.03170963 0
v 0.0384982377 0.0711668134 0
v -2.02861859e-11 0.0758794397 0
v 0.273813844 0.0273023285 0
v 0.0985847414 0.0503814146 0
v 0.0471270457 1.68384767 0
v 4.53038718e-11 1.68366301 0
v 0.0303203259 1.68369389 0
v 0.0346698985 0.0992794856 0
v -4.07764551e-11 0.10559839 0
v 0.094805412 0.0721853524 0
v 0.299813628 0.0674870759 0
v 0.291308314 0.0556272231 0
v 0.184007853 0.0565351546 0
v 0.259808928 0.0529500544 0
v 0.280117035 0.0770872682 0
v 0.277485251 0.0624802709 0
v 0.370395482 0.000809625373 0
v 0.332498819 0.013923699 0
v 0.30689314 0.0296919085 0
v 0.284529746 0.0530395955 0
v 0.00873671658 0.105563045 0
v 0.0151388543 1.68366301 0
v 0.0100719193 0.0757584721 0
v 0.00804044679 0.15553683 0
v 0.0166205745 1.98795974 0
v 0.00927056372 0.512396276 0
v 0.00822980609 0.119473077 0
v 0.0113752959 0.0263959114 0
v 0.0109018814 0.000809550402 0
v -0.281666547 0.0770745501 0
v -0.282965034 0.0769857988 0
v -0.284248501 0.0767449811 0
v -0.346306622 0.0291722864 0
v -0.356507212 0.0205733739 0
v -0.365225464 0.013014161 0
v -0.0070640943 0.000809550402 0
v -0.00417972123 0.000809550402 0
v -0.00193095847 0.000809550402 0
v -0.131723434 0.0886869803 0
v -0.15243113 0.0841626897 0
v -0.17398414 0.0810893849 0
v -0.0573054217 0.171928674 0
v -0.0592357777 0.15958032 0
v -0.0622526444 0.147613198 0
v -0.0419210307 1.98658419 0
v -0.0387057886 1.98755229 0
v -0.0350644588 1.98790896 0
v -0.295173168 0.000809550402 0
v -0.259801894 0.000809550402 0
v -0.222936139 0.000809550402 0
v -0.059484899 0.130392015 0
v -0.0518254898 0.125175014 0
v -0.0440039821 0.120448686 0
v -0.117828362 0.0756694153 0
v -0.139933378 0.071358718 0
v -0.162671432 0.0682884455 0
v -0.279175997 0.0624689162 0
v -0.280503273 0.0626169816 0
v -0.28161189 0.0630275235 0
v -0.325244129 0.0266671479 0
v -0.331707895 0.0219449177 0
v -0.337392122 0.0181570295 0
v -0.271696389 0.0125901494 0
v -0.245619431 0.0129671171 0
v -0.217888132 0.0136104077 0
v -0.00737085333 0.0264752917 0
v -0.00436122669 0.0265298449 0
v -0.00201481069 0.0265613012 0
v -0.00533266924 0.119474851 0
v -0.00315526268 0.119476102 0
v -0.00145767629 0.119476795 0
v -0.188167244 0.0263511278 0
v -0.189365029 0.0218904242 0
v -0.190359935 0.018038867 0
v -0.192208454 0.0753899217 0
v -0.189377591 0.0718543231 0
v -0.186951891 0.0687143281 0
v -0.284625888 0.0721488595 0
v -0.283622682 0.0683994517 0
v -0.28286007 0.0653910264 0
v -0.362362295 0.00965449959 0
v -0.353787869 0.0120307244 0
v -0.346406847 0.0141689563 0
v -0.189754561 0.00421421044 0
v -0.190513834 0.00762683246 0
v -0.190961525 0.0110553773 0
v 3.75969811e-11 0.00552505674 0
v 6.99936636e-13 0.0109305475 0
v -3.38163803e-11 0.0177159999 0
v -0.0271718614 0.181535348 0
v -0.0267993174 0.230986118 0
v -0.0266348757 0.33344698 0
v -0.00632233685 0.512396276 0
v -0.00391461235 0.512396276 0
v -0.00186722237 0.512396276 0
v -3.68860394e-11 0.177297547 0
v 1.41398837e-11 0.227738112 0
v -5.82076609e-11 0.331292927 0
v -0.0850442797 0.000809550402 0
v -0.0691288561 0.000809550402 0
v -0.0544962548 0.000809550402 0
v -0.0888335928 0.0213658623 0
v -0.0720394328 0.0227688868 0
v -0.0567486212 0.0240020696 0
v -0.0425551571 0.00524429651 0
v -0.0432476364 0.0103222746 0
v -0.0435979404 0.0166867189 0
v -0.0341950543 0.1028779 0
v -0.0339789614 0.106097408 0
v -0.0341427661 0.109864138 0
v 6.42677231e-11 0.109341837 0
v -2.60980612e-11 0.112469286 0
v 4.36557457e-11 0.115630947 0
v -0.0471520834 1.42098415 0
v -0.0473273322 1.10415769 0
v -0.0478029959 0.78611052 0
v -0.0431134664 0.517806172 0
v -0.0375542343 0.516140103 0
v -0.032108169 0.514698744 0
v -0.012661363 1.98795986 0
v -0.00853420887 1.98795986 0
v -0.0042950944 1.98795986 0
v 6.56896343e-11 1.85316467 0
v -3.5555725e-11 1.94258559 0
v 3.67918196e-11 1.97861934 0
v -0.0294454973 1.42060935 0
v -0.0284259152 1.10304379 0
v -0.0274814256 0.783278346 0
v -0.215156183 0.077946268 0
v -0.233047903 0.0773418248 0
v -0.248330459 0.0771191344 0
v -0.365976453 0.000809582009 0
v -0.358435094 0.000809559715 0
v -0.34547165 0.000809551566 0
v -0.206439555 0.0647305325 0
v -0.225816399 0.0638098642 0
v -0.242519766 0.0632636249 0
v -0.327806324 0.0134818573 0
v -0.320684165 0.0130288135 0
v -0.309764504 0.0126652159 0
v -0.31636712 0.00379075366 0
v -0.308204979 0.00674769282 0
v -0.300556839 0.00965610147 0
v -0.258877516 0.0729847029 0
v -0.257492572 0.0691093728 0
v -0.256416857 0.0656885877 0
v -0.278047502 0.0222941115 0
v -0.282615542 0.0184326768 0
v -0.287749201 0.015303418 0
v -0.0743796676 0.124269038 0
v -0.0843663141 0.113247715 0
v -0.0971924961 0.103319071 0
v -0.0486098528 0.106742665 0
v -0.0628405511 0.0976414308 0
v -0.0789571255 0.089011699 0
v -0.160779968 0.000809550402 0
v -0.138043135 0.000809550402 0
v -0.118918963 0.000809550402 0
v -0.166702062 0.0156390332 0
v -0.145019501 0.0169515051 0
v -0.125226945 0.0183845665 0
v -0.0945722461 0.0750802681 0
v -0.094717294 0.0773003399 0
v -0.0955212936 0.0792944506 0
v -0.108304776 0.0912125409 0
v -0.10391295 0.0875870064 0
v -0.100131311 0.0842973292 0
v -0.10381493 0.00477269758 0
v -0.10558144 0.00905738771 0
v -0.106645897 0.0139851635 0
v -0.0501905568 0.344217122 0
v -0.0520075783 0.247226045 0
v -0.0539352782 0.202724487 0
v -0.0307336301 0.126473904 0
v -0.0288851187 0.135959864 0
v -0.0280379523 0.146893531 0
v 2.37272528e-11 0.124670669 0
v -3.755566e-11 0.131926686 0
v -3.63797881e-11 0.141972825 0
v -0.0341335461 0.164918363 0
v -0.0410947651 0.170791343 0
v -0.0483405292 0.177579567 0
v -0.0117540676 0.155613109 0
v -0.0163131356 0.156147018 0
v -0.0216255393 0.157596186 0
v -0.306907505 0.0618936382 0
v -0.315466464 0.0548926368 0
v -0.325137615 0.0468518026 0
v -0.29685542 0.0507975966 0
v -0.30353722 0.0448707193 0
v -0.310832649 0.0384721011 0
v -0.184503064 0.0512661487 0
v -0.185147911 0.0448547043 0
v -0.185964912 0.0380770862 0
v -0.042654369 0.0355486833 0
v -0.0414185897 0.0475371517 0
v -0.0399568267 0.0597939491 0
v 1.01422178e-11 0.037864659 0
v -5.52864664e-11 0.0506753959 0
v -6.91215973e-11 0.0637611374 0
v -0.262583137 0.0473863035 0
v -0.265951008 0.0406494327 0
v -0.269749105 0.033650931 0
v -0.105412036 0.0269132815 0
v -0.103295982 0.0346995667 0
v -0.100842439 0.0427008085 0
v -0.0503843874 0.0671710745 0
v -0.0643987805 0.0620592013 0
v -0.0804845169 0.0563047789 0
v -0.310097396 0.0302527975 0
v -0.312749147 0.030773364 0
v -0.315304548 0.0313870311 0
v -0.118595392 0.0447195731 0
v -0.14022404 0.03957716 0
v -0.163131014 0.0351689272 0
v -0.00652630301 0.0758131817 0
v -0.00386151881 0.0758507997 0
v -0.00178395445 0.0758724734 0
v -0.330720723 0.0364359766 0
v -0.326077491 0.0348230824 0
v -0.321842641 0.0333901718 0
v -0.211247578 0.029345993 0
v -0.234733447 0.0279525593 0
v -0.256050229 0.0273358356 0
v -0.0459827557 1.97724664 0
v -0.0467879958 1.94220114 0
v -0.0470846668 1.85319161 0
v 7.32746155e-12 0.782711923 0
v 1.49639467e-11 1.10282111 0
v 1.45519152e-11 1.42053449 0
v -0.0312773697 1.97862005 0
v -0.0311710313 1.9425894 0
v -0.0308824033 1.85317767 0
v -0.034380734 1.68372214 0
v -0.038562227 1.68375921 0
v -0.0428244583 1.68380201 0
v -0.0188651308 1.68366349 0
v -0.022604499 1.68366706 0
v -0.0264064111 1.683676 0
v -0.0372312553 0.0807301104 0
v -0.0361811779 0.0884648487 0
v -0.0353325419 0.094578743 0
v 7.16676996e-11 0.0860342234 0
v -2.51059399e-11 0.0942150429 0
v -4.00177669e-11 0.100657776 0
v -0.0969409645 0.0572839044 0
v -0.0958684236 0.0632632971 0
v -0.0952091962 0.0682527274 0
v -0.287732035 0.0754544958 0
v -0.29050833 0.0739609897 0
v -0.29442215 0.0714277849 0
v -0.283121437 0.062548019 0
v -0.284648091 0.0610698052 0
v -0.287285358 0.0589312427 0
v -0.184064016 0.0642664954 0
v -0.183633596 0.0624789819 0
v -0.183671817 0.0601277016 0
v -0.255791575 0.060957171 0
v -0.256431282 0.0591253787 0
v -0.257758856 0.0567058176 0
v -0.245199993 0.0532462522 0
v -0.22707656 0.0538510308 0
v -0.206369027 0.0549015962 0
v -0.160894811 0.0588973723 0
v -0.137817457 0.0621678121 0
v -0.115534671 0.066534467 0
v -0.281698197 0.05293433 0
v -0.277266324 0.0528511517 0
v -0.270285994 0.052839797 0
v -0.0762646198 0.0791192427 0
v -0.0600515604 0.0865778849 0
v -0.0461815484 0.0936138034 0
v -0.012845058 0.105445407 0
v -0.0183108784 0.104744337 0
v -0.0254729148 0.102881715 0
v -0.293150395 0.0578255169 0
v -0.295236081 0.0606809519 0
v -0.297484249 0.0639744848 0
v -0.268956304 0.0770873204 0
v -0.274536729 0.0770873204 0
v -0.277982384 0.0770873055 0
v -0.265202552 0.0627461895 0
v -0.271344036 0.0626132265 0
v -0.275136083 0.062531136 0
v -0.374700457 0.00349161006 0
v -0.375149965 0.00160436868 0
v -0.373502553 0.000909017399 0
v -0.340317249 0.015174333 0
v -0.338487536 0.0146726258 0
v -0.335932106 0.0142913703 0
v -0.287034512 0.0276673138 0
v -0.296299875 0.0282811522 0
v -0.302592099 0.0290029738 0
v -0.289737016 0.0542309582 0
v -0.288246244 0.0534849092 0
v -0.286591947 0.0531631149 0
v -0.281206995 0.0564157702 0
v -0.27906248 0.0586516559 0
v -0.277890414 0.0604416765 0
v -0.300745398 0.0356422961 0
v -0.294679642 0.0420196429 0
v -0.289129764 0.0480700396 0
v -0.325232178 0.017168304 0
v -0.318807751 0.020673329 0
v -0.312827438 0.0247455966 0
v -0.277652174 0.0653068721 0
v -0.278239965 0.0688407347 0
v -0.279108316 0.0728461221 0
v -0.340887755 0.0106857717 0
v -0.350206882 0.00741305249 0
v -0.360146105 0.00411713729 0
v -0.00829960033 0.115623154 0
v -0.00839885883 0.112455457 0
v -0.00854032021 0.109319061 0
v -0.00809090398 0.141972795 0
v -0.0081339078 0.131926194 0
v -0.00817752164 0.124669001 0
v -0.00899680983 0.100605749 0
v -0.00931345485 0.0941427127 0
v -0.00967553072 0.0859386772 0
v -0.0159954745 1.85316467 0
v -0.0164353587 1.94258559 0
v -0.0165974237 1.97861934 0
v -0.00380744436 1.68366301 0
v -0.00760579575 1.68366313 0
v -0.0113859642 1.68366301 0
v -0.00154746114 0.105596356 0
v -0.00334960944 0.105590023 0
v -0.00566113181 0.105579026 0
v -0.0287456382 0.0737172142 0
v -0.0209255032 0.075070709 0
v -0.0147851519 0.0756201744 0
v -0.0243231282 0.118363947 0
v -0.0173104815 0.119156063 0
v -0.0121075306 0.119431734 0
v -0.0276201759 1.98795986 0
v -0.0240155272 1.98795986 0
v -0.0203814004 1.98795986 0
v -0.0014241368 0.155536816 0
v -0.00308266352 0.155536816 0
v -0.00520996982 0.15553683 0
v -0.0217930693 0.512901723 0
v -0.0171041992 0.512546062 0
v -0.0128888367 0.512415051 0
v -0.0105794985 0.782711923 0
v -0.0121827368 1.10282111 0
v -0.01379696 1.42053449 0
v -0.010485203 0.0636141375 0
v -0.0108727897 0.0505067185 0
v -0.0111857839 0.0376845375 0
v -0.0324464552 0.0256478135 0
v -0.0236277599 0.0260539036 0
v -0.0166977495 0.0262772385 0
v -0.0311232228 0.000809550402 0
v -0.0226524565 0.000809550402 0
v -0.0160038304 0.000809550402 0
v -0.0114077684 0.0175651871 0
v -0.0113109611 0.0108208647 0
v -0.0111279674 0.00546747353 0
v -0.00846731383 0.331292927 0
v -0.008093399 0.227738127 0
v -0.00800053682 0.177297547 0
v 0.281666577 0.0770745501 0
v 0.282965034 0.0769857988 0
v 0.284248501 0.0767449811 0
v 0.346306622 0.0291722864 0
v 0.356507242 0.0205733739 0
v 0.365225464 0.0130141601 0
v 0.0070640943 0.000809550402 0
v 0.00417972123 0.000809550402 0
v 0.00193095847 0.000809550402 0
v 0.131723434 0.0886869803 0
v 0.152431116 0.0841626897 0
v 0.17398414 0.0810893849 0
v 0.0573054217 0.171928674 0
v 0.0592357814 0.15958032 0
v 0.0622526444 0.147613212 0
v 0.0419210307 1.98658419 0
v 0.0387057923 1.98755229 0
v 0.0350644626 1.98790896 0
v 0.295173168 0.000809550402 0
v 0.259801924 0.000809550402 0
v 0.222936153 0.000809550402 0
v 0.059484899 0.130392015 0
v 0.0518254898 0.125175014 0
v 0.0440039821 0.120448686 0
v 0.117828362 0.0756694227 0
v 0.139933378 0.0713587105 0
v 0.162671432 0.0682884455 0
v 0.279176027 0.0624689199 0
v 0.280503243 0.062616989 0
v 0.28161189 0.0630275235 0
v 0.325244159 0.026667146 0
v 0.331707865 0.0219449196 0
v 0.337392122 0.0181570314 0
v 0.271696389 0.0125901494 0
v 0.245619416 0.0129671162 0
v 0.217888117 0.0136104077 0
v 0.00737085333 0.0264752917 0
v 0.00436122669 0.0265298449 0
v 0.00201481069 0.0265613012 0
v 0.00533266924 0.119474858 0
v 0.00315526268 0.119476095 0
v 0.00145767629 0.119476803 0
v 0.188167229 0.0263511278 0
v 0.189365044 0.0218904223 0
v 0.190359935 0.0180388652 0
v 0.192208454 0.0753899291 0
v 0.189377591 0.0718543157 0
v 0.186951891 0.0687143281 0
v 0.284625888 0.0721488595 0
v 0.283622682 0.0683994442 0
v 0.28286007 0.0653910264 0
v 0.362362295 0.00965449959 0
v 0.353787869 0.0120307254 0
v 0.346406847 0.0141689563 0
v 0.189754561 0.00421421044 0
v 0.190513834 0.00762683246 0
v 0.190961525 0.0110553782 0
v 0.0271718595 0.181535378 0
v 0.0267993174 0.230986118 0
v 0.0266348738 0.33344695 0
v 0.00632233685 0.512396276 0
v 0.00391461281 0.512396276 0
v 0.00186722237 0.512396276 0
v 0.0850442797 0.000809550402 0
v 0.0691288561 0.000809550402 0
v 0.0544962548 0.000809550402 0
v 0.0888335928 0.0213658623 0
v 0.0720394328 0.0227688849 0
v 0.0567486212 0.0240020677 0
v 0.0425551571 0.00524429604 0
v 0.0432476364 0.0103222746 0
v 0.0435979366 0.0166867189 0
v 0.0341950469 0.102877915 0
v 0.0339789577 0.106097408 0
v 0.0341427661 0.109864138 0
v 0.0471520834 1.42098415 0
v 0.0473273322 1.10415769 0
v 0.0478029996 0.78611052 0
v 0.0431134701 0.517806172 0
v 0.037554238 0.516140163 0
v 0.0321081728 0.514698744 0
v 0.012661363 1.98795986 0
v 0.00853420887 1.98795986 0
v 0.0042950944 1.98795986 0
v 0.0294454955 1.42060947 0
v 0.0284259133 1.10304379 0
v 0.0274814237 0.783278346 0
v 0.215156183 0.077946268 0
v 0.233047917 0.0773418248 0
v 0.248330459 0.0771191344 0
v 0.365976453 0.000809582009 0
v 0.358435124 0.000809559715 0
v 0.34547165 0.000809551566 0
v 0.20643954 0.064730525 0
v 0.225816399 0.0638098642 0
v 0.242519766 0.0632636249 0
v 0.327806324 0.0134818573 0
v 0.320684165 0.0130288126 0
v 0.309764534 0.0126652159 0
v 0.316367149 0.00379075366 0
v 0.308204979 0.00674769282 0
v 0.300556839 0.0096561024 0
v 0.258877516 0.0729846954 0
v 0.257492572 0.0691093653 0
v 0.256416857 0.0656885877 0
v 0.278047502 0.0222941115 0
v 0.282615572 0.0184326749 0
v 0.287749201 0.015303418 0
v 0.0743796676 0.124269038 0
v 0.0843663141 0.113247715 0
v 0.0971924886 0.103319071 0
v 0.0486098565 0.106742665 0
v 0.0628405511 0.0976414308 0
v 0.0789571181 0.089011699 0
v 0.160779968 0.000809550402 0
v 0.138043135 0.000809550402 0
v 0.118918963 0.000809550402 0
v 0.166702092 0.0156390332 0
v 0.145019501 0.0169515051 0
v 0.12522696 0.0183845665 0
v 0.0945722386 0.0750802681 0
v 0.0947173014 0.0773003474 0
v 0.0955212936 0.079294458 0
v 0.108304776 0.0912125409 0
v 0.10391295 0.0875870138 0
v 0.100131303 0.0842973366 0
v 0.10381493 0.00477269758 0
v 0.10558144 0.00905738678 0
v 0.106645904 0.0139851626 0
v 0.0501905568 0.344217122 0
v 0.0520075746 0.247226045 0
v 0.0539352782 0.202724487 0
v 0.0307336301 0.126473919 0
v 0.0288851187 0.135959864 0
v 0.0280379541 0.146893516 0
v 0.0341335461 0.164918363 0
v 0.0410947651 0.170791343 0
v 0.0483405329 0.177579582 0
v 0.0117540676 0.155613109 0
v 0.0163131356 0.156147018 0
v 0.0216255393 0.157596201 0
v 0.306907505 0.0618936419 0
v 0.315466434 0.0548926331 0
v 0.325137556 0.0468517989 0
v 0.29685542 0.0507976003 0
v 0.30353722 0.0448707193 0
v 0.31083262 0.0384720974 0
v 0.184503064 0.0512661487 0
v 0.185147911 0.0448547006 0
v 0.185964912 0.0380770899 0
v 0.042654369 0.0355486833 0
v 0.0414185934 0.047537148 0
v 0.039956823 0.0597939491 0
v 0.262583107 0.0473863035 0
v 0.265951008 0.0406494327 0
v 0.269749075 0.0336509347 0
v 0.105412029 0.0269132815 0
v 0.103295974 0.0346995667 0
v 0.100842446 0.0427008085 0
v 0.0503843911 0.0671710745 0
v 0.0643987805 0.062059205 0
v 0.0804845169 0.0563047752 0
v 0.310097396 0.0302527957 0
v 0.312749118 0.0307733659 0
v 0.315304518 0.0313870311 0
v 0.118595406 0.0447195731 0
v 0.140224025 0.03957716 0
v 0.163131028 0.0351689234 0
v 0.00652630301 0.0758131817 0
v 0.00386151881 0.0758507922 0
v 0.00178395445 0.075872466 0
v 0.330720723 0.0364359766 0
v 0.326077461 0.0348230824 0
v 0.321842641 0.0333901681 0
v 0.211247578 0.029345993 0
v 0.234733447 0.0279525593 0
v 0.256050229 0.0273358338 0
v 0.0459827557 1.97724664 0
v 0.0467879958 1.94220114 0
v 0.0470846631 1.85319161 0
v 0.0312773697 1.97861993 0
v 0.0311710332 1.9425894 0
v 0.0308824014 1.85317755 0
v 0.034380734 1.68372214 0
v 0.0385622233 1.68375921 0
v 0.0428244546 1.68380201 0
v 0.0188651327 1.68366361 0
v 0.022604499 1.68366694 0
v 0.0264064129 1.683676 0
v 0.0372312516 0.0807301104 0
v 0.0361811779 0.0884648412 0
v 0.0353325419 0.094578743 0
v 0.0969409645 0.0572839044 0
v 0.0958684236 0.0632632971 0
v 0.0952092037 0.0682527274 0
v 0.287732035 0.0754544958 0
v 0.29050836 0.0739609823 0
v 0.29442215 0.0714277849 0
v 0.283121467 0.062548019 0
v 0.28464812 0.0610698052 0
v 0.287285358 0.0589312389 0
v 0.184064016 0.0642664954 0
v 0.183633596 0.0624789819 0
v 0.183671817 0.0601276979 0
v 0.255791545 0.0609571673 0
v 0.256431282 0.059125375 0
v 0.257758826 0.0567058176 0
v 0.245199978 0.0532462522 0
v 0.227076575 0.0538510345 0
v 0.206369027 0.0549015962 0
v 0.160894811 0.0588973761 0
v 0.137817457 0.0621678159 0
v 0.115534678 0.066534467 0
v 0.281698197 0.05293433 0
v 0.277266353 0.0528511517 0
v 0.270285994 0.0528398007 0
v 0.0762646198 0.0791192353 0
v 0.0600515604 0.0865778849 0
v 0.0461815484 0.0936137959 0
v 0.0128450589 0.105445407 0
v 0.0183108784 0.104744337 0
v 0.0254729111 0.102881715 0
v 0.293150395 0.0578255169 0
v 0.295236081 0.0606809556 0
v 0.297484219 0.0639744848 0
v 0.268956304 0.0770873204 0
v 0.274536759 0.0770873129 0
v 0.277982384 0.0770873055 0
v 0.265202582 0.0627461895 0
v 0.271344036 0.0626132265 0
v 0.275136083 0.062531136 0
v 0.374700457 0.00349161006 0
v 0.375149965 0.00160436868 0
v 0.373502553 0.000909017399 0
v 0.340317249 0.015174333 0
v 0.338487476 0.0146726258 0
v 0.335932106 0.0142913694 0
v 0.287034482 0.0276673157 0
v 0.296299875 0.0282811522 0
v 0.302592069 0.0290029757 0
v 0.289736956 0.0542309619 0
v 0.288246214 0.053484913 0
v 0.286591917 0.0531631149 0
v 0.281207025 0.0564157777 0
v 0.27906248 0.0586516559 0
v 0.277890414 0.0604416728 0
v 0.300745398 0.0356422961 0
v 0.294679642 0.0420196429 0
v 0.289129764 0.0480700396 0
v 0.325232178 0.017168304 0
v 0.318807751 0.0206733309 0
v 0.312827438 0.0247455966 0
v 0.277652174 0.0653068647 0
v 0.278239965 0.0688407347 0
v 0.279108316 0.0728461221 0
v 0.340887725 0.0106857717 0
v 0.350206852 0.00741305249 0
v 0.360146105 0.00411713729 0
v 0.0082995994 0.115623154 0
v 0.00839885976 0.112455465 0
v 0.00854032021 0.109319068 0
v 0.00809090305 0.14197278 0
v 0.0081339078 0.131926194 0
v 0.00817752164 0.124668993 0
v 0.00899680983 0.100605749 0
v 0.00931345485 0.0941427127 0
v 0.00967553165 0.0859386772 0
v 0.0159954745 1.85316467 0
v 0.0164353587 1.94258571 0
v 0.0165974237 1.97861934 0
v 0.00380744413 1.68366313 0
v 0.00760579575 1.68366313 0
v 0.0113859642 1.68366301 0
v 0.00154746126 0.105596349 0
v 0.00334960921 0.105590031 0
v 0.00566113181 0.105579026 0
v 0.0287456382 0.0737172067 0
v 0.0209255032 0.075070709 0
v 0.0147851529 0.0756201744 0
v 0.0243231263 0.118363939 0
v 0.0173104815 0.119156063 0
v 0.0121075297 0.119431727 0
v 0.0276201759 1.98795986 0
v 0.0240155272 1.98795986 0
v 0.0203814004 1.98795986 0
v 0.0014241368 0.15553683 0
v 0.00308266352 0.15553683 0
v 0.00520996936 0.15553683 0
v 0.0217930675 0.512901723 0
v 0.0171041973 0.512546003 0
v 0.0128888367 0.512414992 0
v 0.0105794994 0.782711923 0
v 0.0121827368 1.10282111 0
v 0.01379696 1.42053449 0
v 0.0104852039 0.0636141375 0
v 0.0108727897 0.0505067185 0
v 0.011185783 0.0376845337 0
v 0.0324464552 0.0256478135 0
v 0.023627758 0.0260539036 0
v 0.0166977495 0.0262772385 0
v 0.0311232228 0.000809550402 0
v 0.0226524565 0.000809550402 0
v 0.0160038285 0.000809550402 0
v 0.0114077693 0.0175651852 0
v 0.0113109611 0.0108208638 0
v 0.0111279683 0.00546747353 0
v 0.0084673129 0.331292927 0
v 0.008093399 0.227738112 0
v 0.00800053682 0.177297547 0
v -0.0116820382 0.177363738 0
v -0.0117429476 0.22778888 0
v -0.0120931072 0.331326574 0
v -0.0161789861 0.177827269 0
v -0.0161627438 0.228144139 0
v -0.0164194684 0.331562221 0
v -0.021379536 0.179085374 0
v -0.0212243479 0.229108363 0
v -0.0213116407 0.33220166 0
v -0.259408057 0.0223214012 0
v -0.263040185 0.0184805542 0
v -0.26708892 0.0153809246 0
v -0.237163901 0.0229034536 0
v -0.239765227 0.0190082416 0
v -0.242572188 0.0158388261 0
v -0.2128914 0.0241950899 0
v -0.214602783 0.0201125778 0
v -0.216296643 0.0167128835 0
v -0.246469244 0.0731001273 0
v -0.244771481 0.0693031698 0
v -0.243400529 0.0659503266 0
v -0.230803579 0.0734205395 0
v -0.228733823 0.069714576 0
v -0.227013245 0.0664392561 0
v -0.212507606 0.0741243437 0
v -0.210046828 0.07050962 0
v -0.207961544 0.0673092827 0
v -0.292477846 0.0677114129 0
v -0.29059875 0.0642331913 0
v -0.28884849 0.0612297058 0
v -0.288900852 0.0700711012 0
v -0.287359118 0.0664581284 0
v -0.285937876 0.0633863658 0
v -0.286402225 0.0714286938 0
v -0.285165042 0.0677450299 0
v -0.284089118 0.0647187531 0
v -0.363333374 0.00428501656 0
v -0.353477687 0.00764740026 0
v -0.344245255 0.0109843658 0
v -0.365113884 0.00492712762 0
v -0.355448544 0.0082159983 0
v -0.346496463 0.0114516076 0
v -0.364970028 0.00654672226 0
v -0.355737656 0.00952264946 0
v -0.347453922 0.0123667046 0
v -0.121357612 0.00463838317 0
v -0.123451613 0.0086931847 0
v -0.124856286 0.0131999236 0
v -0.140558034 0.00450143777 0
v -0.142764598 0.00833076611 0
v -0.144354537 0.0124349752 0
v -0.162871808 0.00436050072 0
v -0.164719105 0.00797402021 0
v -0.166077375 0.0117126741 0
v -0.0917703584 0.0993175656 0
v -0.0866862983 0.0954870284 0
v -0.0822874233 0.0919970125 0
v -0.0781308413 0.108915791 0
v -0.0721789822 0.10476473 0
v -0.0668668449 0.100964524 0
v -0.0673643053 0.119456701 0
v -0.060444694 0.114846185 0
v -0.0538465343 0.110611133 0
v -0.0163357072 0.00543230167 0
v -0.0166042242 0.0107527217 0
v -0.0167460237 0.0174684804 0
v -0.0231221002 0.00538539467 0
v -0.0235014167 0.010655337 0
v -0.0237000808 0.0173134748 0
v -0.0317682251 0.00532373274 0
v -0.0322875492 0.010516067 0
v -0.0325555205 0.0170647092 0
v -0.0125610335 0.109206527 0
v -0.0123582166 0.112353608 0
v -0.0122171491 0.11554385 0
v -0.0179370623 0.10849759 0
v -0.0176819004 0.11168851 0
v -0.0175127964 0.115015768 0
v -0.0250281431 0.106594212 0
v -0.0247569829 0.109858185 0
v -0.0246351678 0.113490388 0
v -0.1205355 0.0378600881 0
v -0.141739845 0.0333738513 0
v -0.164326698 0.0294636656 0
v -0.122627608 0.0309786983 0
v -0.143336356 0.0274822339 0
v -0.1655422 0.0243921429 0
v -0.124361493 0.024383992 0
v -0.144575566 0.021981664 0
v -0.166444883 0.0198265426 0
v -0.049604781 0.164495453 0
v -0.0513532981 0.152560726 0
v -0.0543749146 0.141337231 0
v -0.0420559347 0.15752925 0
v -0.0435750186 0.145964757 0
v -0.0464837588 0.135398984 0
v -0.0348128192 0.151500493 0
v -0.0360222906 0.140243709 0
v -0.0385781452 0.130190089 0
v -0.0121233026 1.85316467 0
v -0.00814253464 1.85316479 0
v -0.00408936711 1.85316455 0
v -0.0125019373 1.94258559 0
v -0.00841815583 1.94258547 0
v -0.00423413841 1.94258547 0
v -0.0126414336 1.97861958 0
v -0.00851970073 1.97861934 0
v -0.00428747432 1.97861946 0
v -0.0337325707 1.4206785 0
v -0.0381392725 1.42076862 0
v -0.0426257402 1.42087293 0
v -0.0330074951 1.10324919 0
v -0.0377123058 1.10351717 0
v -0.0424992815 1.10382688 0
v -0.0324008986 0.783800423 0
v -0.037458308 0.784481883 0
v -0.0426076651 0.785269558 0
v -0.221791267 0.004064993 0
v -0.220599592 0.00729834381 0
v -0.219314128 0.0104875136 0
v -0.256084412 0.00393043086 0
v -0.252435684 0.00701871607 0
v -0.248924434 0.0100418096 0
v -0.288865775 0.00383189437 0
v -0.282733679 0.00682336045 0
v -0.276952088 0.00975307077 0
v -0.276916176 0.0728611574 0
v -0.275991827 0.0688698664 0
v -0.275351197 0.0653482378 0
v -0.273377687 0.0728854015 0
v -0.272362947 0.0689168498 0
v -0.271637022 0.0654150024 0
v -0.267646819 0.0729246512 0
v -0.26648581 0.0689929351 0
v -0.265621573 0.0655231327 0
v -0.308300048 0.0240387581 0
v -0.314155251 0.0200184546 0
v -0.320532411 0.0166101307 0
v -0.301680833 0.0232981928 0
v -0.307309926 0.0193353407 0
v -0.313530087 0.0160323083 0
v -0.291939914 0.0226684604 0
v -0.297165483 0.0187610593 0
v -0.30300805 0.0155562628 0
v -0.0522024557 0.0565506034 0
v -0.0665301532 0.0523864888 0
v -0.0827925727 0.0476528108 0
v -0.0540843606 0.0451144204 0
v -0.0687939897 0.0420052819 0
v -0.0852852687 0.0384526923 0
v -0.0557073355 0.0339143053 0
v -0.0707703829 0.0318284594 0
v -0.0874648467 0.029443875 0
v -0.170607969 0.0774202794 0
v -0.167451009 0.0739387274 0
v -0.164732412 0.0708322525 0
v -0.148706868 0.0805168301 0
v -0.145222545 0.0770489052 0
v -0.142218083 0.0739368945 0
v -0.127580643 0.0850055665 0
v -0.123705469 0.0814949721 0
v -0.120365493 0.0783259869 0
v -0.0556246303 0.005145384 0
v -0.0565268993 0.0100661358 0
v -0.0569769293 0.0161567237 0
v -0.0705610439 0.00503055891 0
v -0.0717114136 0.00975909643 0
v -0.0722981542 0.015502695 0
v -0.0868094563 0.00490470324 0
v -0.0882475078 0.00941742491 0
v -0.0890312567 0.0147652887 0
v -0.0441164374 0.34101972 0
v -0.0454649329 0.242404804 0
v -0.0469444618 0.196433946 0
v -0.0381164029 0.338024229 0
v -0.0390185229 0.237888113 0
v -0.0400736257 0.190540746 0
v -0.0322645269 0.335432708 0
v -0.0327645764 0.233980358 0
v -0.0334427655 0.18544209 0
v -0.0120037971 0.124679297 0
v -0.0119101498 0.131981835 0
v -0.0118325232 0.142048717 0
v -0.016986005 0.124757148 0
v -0.0166583937 0.132372826 0
v -0.016453078 0.142580688 0
v -0.0232860018 0.125077575 0
v -0.0223671962 0.133491829 0
v -0.0218836814 0.144031689 0
v -0.0468431301 0.0891695321 0
v -0.0606594756 0.0824100971 0
v -0.0767815039 0.07515347 0
v -0.0477278009 0.0834019333 0
v -0.0615200289 0.0770239457 0
v -0.0775646493 0.0700660273 0
v -0.0488900505 0.0761295632 0
v -0.0627331659 0.0702850893 0
v -0.0787527636 0.0638015717 0
v -0.285962552 0.0478145443 0
v -0.291114002 0.0415904745 0
v -0.296781033 0.0350554921 0
v -0.281113982 0.0475667678 0
v -0.285769314 0.0411524586 0
v -0.290931553 0.0344449952 0
v -0.273636609 0.0473996811 0
v -0.277697623 0.0408054814 0
v -0.282239914 0.0339353085 0
v -0.115825772 0.0624046139 0
v -0.138047352 0.057680659 0
v -0.161173314 0.0539960936 0
v -0.116334014 0.0572344437 0
v -0.138447672 0.0521324053 0
v -0.161591589 0.0479936525 0
v -0.11720778 0.0512605645 0
v -0.139134556 0.0459541865 0
v -0.162220523 0.0415109619 0
v -0.0164186768 0.0375520587 0
v -0.015958596 0.0503675081 0
v -0.0153899454 0.0634735525 0
v -0.0232269969 0.0372480676 0
v -0.022571791 0.0499768108 0
v -0.0217690039 0.0629982948 0
v -0.0318818577 0.0366283618 0
v -0.0309719332 0.0491086729 0
v -0.0298740678 0.0618759058 0
v -0.356969953 0.0145945027 0
v -0.349228621 0.0160803776 0
v -0.342518806 0.0173531231 0
v -0.349369973 0.0210367069 0
v -0.342611104 0.0214593373 0
v -0.336604685 0.021791216 0
v -0.340359658 0.028482873 0
v -0.334685683 0.0278196502 0
v -0.329557061 0.0272076223 0
v -0.247331724 0.0476142541 0
v -0.249923632 0.0407986082 0
v -0.252866238 0.0337291807 0
v -0.228563488 0.0482296869 0
v -0.230377749 0.0414249711 0
v -0.232455641 0.0343586653 0
v -0.207285032 0.0493933819 0
v -0.208417714 0.0427148752 0
v -0.209745705 0.0357408263 0
v -0.0350734182 1.97859383 0
v -0.0388607085 1.97840869 0
v -0.0424955972 1.97794116 0
v -0.0350090154 1.94258451 0
v -0.0389280058 1.94252968 0
v -0.0428586267 1.94239068 0
v -0.0347996354 1.8531884 0
v -0.0388341732 1.85319674 0
v -0.0429416336 1.85319662 0
v -0.00745621696 0.782711864 0
v -0.00474299863 0.782711804 0
v -0.0023031556 0.782711864 0
v -0.00883991271 1.10282111 0
v -0.00575178023 1.10282111 0
v -0.00283344183 1.10282111 0
v -0.0102307275 1.42053461 0
v -0.00676477328 1.42053449 0
v -0.00336567359 1.42053461 0
v -0.242261916 0.0613030456 0
v -0.242636696 0.0594802424 0
v -0.243623078 0.0570447855 0
v -0.225276008 0.0618822724 0
v -0.225357115 0.0600743406 0
v -0.22598289 0.0576444641 0
v -0.205615968 0.0628262758 0
v -0.205415189 0.0610323548 0
v -0.205708951 0.058630269 0
v -0.116275318 0.0735859275 0
v -0.138530686 0.0693708435 0
v -0.161417037 0.0663605481 0
v -0.115542285 0.0716956481 0
v -0.137861341 0.0675437301 0
v -0.160837457 0.0645647869 0
v -0.115378872 0.0695085004 0
v -0.137699053 0.0653263927 0
v -0.160730705 0.0622830838 0
v -0.275493443 0.0604960471 0
v -0.276591122 0.0586910434 0
v -0.278601736 0.0564068891 0
v -0.271626621 0.0605851449 0
v -0.272619307 0.0587654561 0
v -0.274454981 0.0564291365 0
v -0.265366882 0.0607313924 0
v -0.266211301 0.0589014068 0
v -0.267822117 0.0565172061 0
v -0.0462742113 0.103093348 0
v -0.0605944619 0.094839491 0
v -0.0769634321 0.0865966603 0
v -0.0456544124 0.0999447405 0
v -0.0597259663 0.0923173502 0
v -0.0760769248 0.0844289064 0
v -0.0457316339 0.0970019549 0
v -0.059662886 0.0897268429 0
v -0.0759505555 0.0820838735 0
v -0.0142071499 0.0858047232 0
v -0.0136808539 0.0940141901 0
v -0.013221682 0.100482948 0
v -0.0201329794 0.085197717 0
v -0.0194224622 0.0933649093 0
v -0.0188098103 0.0998034105 0
v -0.0277190171 0.0836590305 0
v -0.0268265009 0.0916850716 0
v -0.0260753725 0.0980183035 0
v -0.321169168 0.04440853 0
v -0.317357689 0.0421046056 0
v -0.31385985 0.0400793478 0
v -0.312174261 0.0519500002 0
v -0.309006065 0.049182225 0
v -0.306085765 0.0467641838 0
v -0.304143459 0.058619082 0
v -0.301479846 0.0555447564 0
v -0.299017042 0.0528708436 0
v -0.282107383 0.0612804852 0
v -0.283463329 0.0596356206 0
v -0.28592211 0.0574891791 0
v -0.280968398 0.0606501475 0
v -0.282250285 0.058914084 0
v -0.284594357 0.0567456707 0
v -0.279615641 0.0604374707 0
v -0.280844539 0.0586635731 0
v -0.283093184 0.0564657785 0
v -0.295031339 0.0494557507 0
v -0.301408529 0.0436138883 0
v -0.308341771 0.0373695828 0
v -0.293325007 0.048698239 0
v -0.299443841 0.0428544693 0
v -0.30608961 0.0366480388 0
v -0.291452378 0.0483085103 0
v -0.297311485 0.0423904024 0
v -0.303687096 0.0361310691 0
v -0.321879864 0.026204301 0
v -0.328089654 0.0218549334 0
v -0.334100336 0.0182361081 0
v -0.319050014 0.0257728398 0
v -0.325183541 0.0215806793 0
v -0.33150813 0.017969368 0
v -0.316208333 0.025310779 0
v -0.322276831 0.0211917311 0
v -0.328710973 0.0176140741 0
v -0.283237964 0.0725463331 0
v -0.282364875 0.0686847195 0
v -0.281768739 0.0654631555 0
v -0.281999618 0.0727466717 0
v -0.281173199 0.0687790811 0
v -0.280625969 0.0653385967 0
v -0.280695438 0.0728252754 0
v -0.279863626 0.0688167438 0
v -0.279310435 0.0652877018 0
v -0.335788101 0.00382040418 0
v -0.326407313 0.00681248261 0
v -0.317631841 0.00976701081 0
v -0.348199368 0.00390233938 0
v -0.338282853 0.00697993208 0
v -0.329004705 0.0100271534 0
v -0.355639219 0.00401007757 0
v -0.345619917 0.00719760219 0
v -0.336236358 0.0103591857 0
v -0.00144841569 0.12467058 0
v -0.0014406906 0.131926656 0
v -0.00143307354 0.14197284 0
v -0.00313521735 0.124670282 0
v -0.00311849569 0.131926566 0
v -0.00310200779 0.14197281 0
v -0.00529879052 0.124669753 0
v -0.00527052954 0.131926432 0
v -0.00524266344 0.141972795 0
v -0.0017137453 0.0860287324 0
v -0.00164961384 0.094210878 0
v -0.00159352913 0.100654796 0
v -0.00370954582 0.086011596 0
v -0.00357072754 0.0941978991 0
v -0.00344932778 0.100645453 0
v -0.00626945589 0.085981898 0
v -0.00603484036 0.0941754133 0
v -0.00582966441 0.100629285 0
v -0.00198124372 0.0378542952 0
v -0.0019258057 0.050665684 0
v -0.00185715593 0.0637526736 0
v -0.00428856816 0.0378220081 0
v -0.00416856771 0.0506354533 0
v -0.00401997007 0.0637263209 0
v -0.00724805472 0.037766017 0
v -0.00704524294 0.0505830124 0
v -0.00679409923 0.0636806265 0
v -0.0271081198 1.85317016 0
v -0.02342025 1.85316634 0
v -0.0197417252 1.85316479 0
v -0.0274684522 1.94258726 0
v -0.0238391496 1.94258595 0
v -0.0201918669 1.94258559 0
v -0.0276012085 1.97861969 0
v -0.023993481 1.97861946 0
v -0.0203577075 1.97861946 0
v -0.0227533076 0.782950819 0
v -0.0182998069 0.782782614 0
v -0.0142116332 0.782720745 0
v -0.024009103 1.10291505 0
v -0.0198004246 1.10284901 0
v -0.015843695 1.10282457 0
v -0.0253102183 1.4205662 0
v -0.0213280059 1.42054379 0
v -0.0174924061 1.4205358 0
v -0.0014205866 0.177297518 0
v -0.00146166631 0.227738127 0
v -0.00159475266 0.331292927 0
v -0.00307299243 0.177297518 0
v -0.00314800628 0.227738127 0
v -0.00339833554 0.331292957 0
v -0.00518903648 0.177297533 0
v -0.00528369239 0.227738142 0
v -0.00561957899 0.331292927 0
v -0.00197100313 0.00552174263 0
v -0.00200341549 0.0109242331 0
v -0.00202056207 0.0177073199 0
v -0.00426640175 0.00551142078 0
v -0.00433656061 0.010904572 0
v -0.00437367614 0.0176802855 0
v -0.00721059134 0.00549352076 0
v -0.0073291664 0.0108704772 0
v -0.00739189424 0.0176334064 0
v -0.00151267496 0.109340526 0
v -0.00148761924 0.112468496 0
v -0.00147003832 0.115630493 0
v -0.00327431178 0.109336451 0
v -0.00322007691 0.112466007 0
v -0.00318202144 0.115629107 0
v -0.00553387217 0.109329365 0
v -0.00544221001 0.112461716 0
v -0.0053778938 0.115626678 0
v 0.0116820382 0.177363753 0
v 0.0161789861 0.177827269 0
v 0.0213795342 0.179085374 0
v 0.0117429467 0.22778888 0
v 0.0161627419 0.228144139 0
v 0.0212243497 0.229108378 0
v 0.0120931063 0.331326604 0
v 0.0164194647 0.331562221 0
v 0.0213116407 0.33220166 0
v 0.259408057 0.022321403 0
v 0.237163901 0.0229034536 0
v 0.212891415 0.0241950899 0
v 0.263040185 0.0184805524 0
v 0.239765212 0.0190082416 0
v 0.214602783 0.0201125816 0
v 0.26708889 0.0153809246 0
v 0.242572188 0.0158388242 0
v 0.216296643 0.0167128835 0
v 0.246469259 0.0731001273 0
v 0.230803564 0.0734205395 0
v 0.21250762 0.0741243437 0
v 0.244771481 0.0693031698 0
v 0.228733808 0.069714576 0
v 0.210046828 0.07050962 0
v 0.243400499 0.0659503266 0
v 0.22701323 0.0664392486 0
v 0.207961529 0.0673092827 0
v 0.292477846 0.0677114129 0
v 0.288900852 0.0700711012 0
v 0.286402225 0.0714286938 0
v 0.29059875 0.0642331988 0
v 0.287359118 0.0664581209 0
v 0.285165042 0.067745015 0
v 0.28884849 0.0612297095 0
v 0.285937876 0.0633863658 0
v 0.284089148 0.0647187531 0
v 0.363333404 0.00428501703 0
v 0.365113884 0.00492712762 0
v 0.364970058 0.00654672226 0
v 0.353477687 0.00764739979 0
v 0.355448544 0.00821599923 0
v 0.355737656 0.00952265039 0
v 0.344245285 0.0109843658 0
v 0.346496493 0.0114516076 0
v 0.347453892 0.0123667046 0
v 0.121357605 0.00463838317 0
v 0.140558019 0.00450143823 0
v 0.162871793 0.00436050072 0
v 0.123451605 0.0086931847 0
v 0.142764598 0.00833076611 0
v 0.16471912 0.00797402021 0
v 0.124856278 0.0131999236 0
v 0.144354537 0.0124349752 0
v 0.166077375 0.011712675 0
v 0.0917703509 0.0993175581 0
v 0.0781308413 0.108915783 0
v 0.0673643053 0.119456701 0
v 0.0866862908 0.0954870284 0
v 0.0721789822 0.10476473 0
v 0.0604446977 0.114846185 0
v 0.0822874233 0.0919970125 0
v 0.0668668523 0.100964524 0
v 0.0538465343 0.110611126 0
v 0.0163357053 0.00543230213 0
v 0.023122102 0.00538539467 0
v 0.0317682289 0.00532373227 0
v 0.0166042242 0.0107527217 0
v 0.0235014167 0.0106553361 0
v 0.0322875492 0.010516067 0
v 0.0167460237 0.0174684785 0
v 0.0237000789 0.0173134748 0
v 0.0325555168 0.0170647092 0
v 0.0125610335 0.10920652 0
v 0.0179370642 0.108497575 0
v 0.0250281431 0.106594212 0
v 0.0123582156 0.112353608 0
v 0.0176819004 0.111688502 0
v 0.0247569848 0.109858185 0
v 0.0122171482 0.11554385 0
v 0.0175127964 0.115015768 0
v 0.0246351678 0.113490395 0
v 0.1205355 0.0378600843 0
v 0.122627601 0.0309786983 0
v 0.124361493 0.0243839901 0
v 0.14173986 0.0333738476 0
v 0.143336356 0.0274822321 0
v 0.144575581 0.021981664 0
v 0.164326698 0.0294636656 0
v 0.1655422 0.0243921429 0
v 0.166444883 0.0198265426 0
v 0.049604781 0.164495453 0
v 0.0420559309 0.157529235 0
v 0.0348128155 0.151500478 0
v 0.0513532981 0.152560726 0
v 0.0435750186 0.145964757 0
v 0.0360222906 0.140243709 0
v 0.0543749183 0.141337216 0
v 0.0464837663 0.135398984 0
v 0.0385781415 0.130190089 0
v 0.0121233035 1.85316455 0
v 0.0125019373 1.94258571 0
v 0.0126414346 1.97861946 0
v 0.00814253464 1.85316479 0
v 0.00841815677 1.94258547 0
v 0.00851970166 1.97861946 0
v 0.00408936711 1.85316455 0
v 0.00423413794 1.94258559 0
v 0.00428747432 1.97861958 0
v 0.0337325707 1.4206785 0
v 0.0330074951 1.10324931 0
v 0.0324009024 0.783800423 0
v 0.0381392725 1.42076874 0
v 0.0377123095 1.10351717 0
v 0.037458308 0.784481943 0
v 0.0426257402 1.42087293 0
v 0.0424992777 1.10382688 0
v 0.0426076613 0.785269558 0
v 0.221791267 0.004064993 0
v 0.256084383 0.00393043086 0
v 0.288865775 0.00383189437 0
v 0.220599562 0.00729834428 0
v 0.252435684 0.00701871561 0
v 0.282733649 0.00682336139 0
v 0.219314113 0.0104875136 0
v 0.248924419 0.0100418106 0
v 0.276952058 0.0097530717 0
v 0.276916146 0.0728611574 0
v 0.273377687 0.0728854015 0
v 0.267646819 0.0729246512 0
v 0.275991827 0.068869859 0
v 0.272362977 0.0689168423 0
v 0.26648578 0.0689929351 0
v 0.275351167 0.0653482303 0
v 0.271637022 0.0654150024 0
v 0.265621573 0.0655231252 0
v 0.308300018 0.02403876 0
v 0.301680833 0.0232981928 0
v 0.291939944 0.0226684604 0
v 0.314155221 0.0200184509 0
v 0.307309926 0.0193353426 0
v 0.297165513 0.0187610611 0
v 0.320532441 0.0166101307 0
v 0.313530087 0.0160323083 0
v 0.30300805 0.0155562628 0
v 0.0522024557 0.0565506034 0
v 0.0540843606 0.0451144241 0
v 0.0557073392 0.033914309 0
v 0.0665301457 0.0523864925 0
v 0.0687939823 0.0420052856 0
v 0.0707703754 0.0318284556 0
v 0.0827925801 0.0476528145 0
v 0.0852852613 0.0384526886 0
v 0.0874648392 0.0294438768 0
v 0.170607954 0.0774202868 0
v 0.148706868 0.0805168226 0
v 0.127580643 0.0850055665 0
v 0.167450994 0.0739387274 0
v 0.145222545 0.0770489126 0
v 0.123705469 0.0814949796 0
v 0.164732412 0.07083226 0
v 0.142218053 0.073936902 0
v 0.1203655 0.0783259943 0
v 0.0556246303 0.00514538353 0
v 0.0705610439 0.00503055844 0
v 0.0868094563 0.00490470277 0
v 0.0565268993 0.0100661358 0
v 0.0717114136 0.00975909643 0
v 0.0882475078 0.00941742584 0
v 0.0569769256 0.0161567237 0
v 0.0722981542 0.015502695 0
v 0.0890312567 0.0147652896 0
v 0.0441164412 0.34101972 0
v 0.0381164104 0.338024259 0
v 0.0322645232 0.335432708 0
v 0.0454649329 0.242404804 0
v 0.0390185267 0.237888098 0
v 0.0327645764 0.233980358 0
v 0.0469444618 0.196433946 0
v 0.0400736295 0.190540746 0
v 0.0334427655 0.18544212 0
v 0.012003798 0.124679297 0
v 0.016986005 0.124757141 0
v 0.0232860036 0.125077575 0
v 0.0119101498 0.13198182 0
v 0.0166583955 0.132372841 0
v 0.0223671943 0.133491844 0
v 0.0118325222 0.142048731 0
v 0.016453078 0.142580673 0
v 0.0218836796 0.144031689 0
v 0.0468431339 0.0891695321 0
v 0.0477277972 0.0834019259 0
v 0.0488900505 0.0761295706 0
v 0.0606594719 0.0824101046 0
v 0.0615200289 0.0770239457 0
v 0.0627331659 0.0702850893 0
v 0.0767815039 0.07515347 0
v 0.0775646567 0.0700660273 0
v 0.0787527636 0.0638015717 0
v 0.285962582 0.0478145443 0
v 0.281114012 0.0475667678 0
v 0.273636609 0.0473996811 0
v 0.291114002 0.041590482 0
v 0.285769343 0.0411524549 0
v 0.277697653 0.0408054776 0
v 0.296781033 0.0350554921 0
v 0.290931553 0.0344449952 0
v 0.282239914 0.0339353047 0
v 0.115825772 0.0624046139 0
v 0.116334006 0.05723444 0
v 0.11720778 0.0512605645 0
v 0.138047338 0.0576806627 0
v 0.138447672 0.0521324016 0
v 0.139134556 0.0459541865 0
v 0.161173314 0.0539960936 0
v 0.161591575 0.0479936562 0
v 0.162220523 0.0415109657 0
v 0.0164186731 0.0375520587 0
v 0.0232269987 0.037248075 0
v 0.0318818614 0.0366283581 0
v 0.0159585942 0.0503675044 0
v 0.0225717891 0.0499768108 0
v 0.030971935 0.0491086729 0
v 0.0153899454 0.0634735599 0
v 0.0217690039 0.0629982948 0
v 0.0298740678 0.0618759058 0
v 0.356969953 0.0145945027 0
v 0.349370003 0.0210367087 0
v 0.340359658 0.028482873 0
v 0.349228621 0.0160803776 0
v 0.342611104 0.0214593392 0
v 0.334685683 0.0278196502 0
v 0.342518836 0.0173531249 0
v 0.336604714 0.0217912141 0
v 0.329557091 0.0272076242 0
v 0.247331738 0.0476142541 0
v 0.228563473 0.0482296906 0
v 0.207285017 0.0493933856 0
v 0.249923617 0.0407986045 0
v 0.230377749 0.0414249711 0
v 0.208417699 0.0427148752 0
v 0.252866238 0.033729177 0
v 0.232455626 0.0343586616 0
v 0.20974572 0.0357408263 0
v 0.0350734219 1.97859383 0
v 0.0350090116 1.94258451 0
v 0.0347996354 1.8531884 0
v 0.0388607122 1.97840858 0
v 0.0389280021 1.94252968 0
v 0.0388341732 1.85319674 0
v 0.0424955934 1.97794116 0
v 0.042858623 1.94239068 0
v 0.0429416299 1.85319674 0
v 0.0074562165 0.782711864 0
v 0.00883991271 1.10282099 0
v 0.0102307266 1.42053449 0
v 0.00474299816 0.782711804 0
v 0.00575178023 1.10282099 0
v 0.00676477328 1.42053449 0
v 0.00230315537 0.782711923 0
v 0.0028334416 1.10282099 0
v 0.00336567359 1.42053473 0
v 0.242261916 0.0613030456 0
v 0.225275993 0.0618822724 0
v 0.205615938 0.0628262758 0
v 0.242636725 0.0594802462 0
v 0.225357085 0.0600743368 0
v 0.205415174 0.0610323511 0
v 0.243623048 0.0570447855 0
v 0.225982904 0.0576444604 0
v 0.205708951 0.0586302765 0
v 0.116275318 0.0735859275 0
v 0.115542285 0.0716956481 0
v 0.115378872 0.0695085004 0
v 0.138530686 0.069370836 0
v 0.137861341 0.067543745 0
v 0.137699053 0.0653263927 0
v 0.161417037 0.0663605481 0
v 0.160837457 0.0645647869 0
v 0.16073072 0.0622830838 0
v 0.275493443 0.0604960397 0
v 0.271626592 0.0605851449 0
v 0.265366852 0.0607313886 0
v 0.276591092 0.0586910397 0
v 0.272619307 0.0587654598 0
v 0.266211271 0.0589014068 0
v 0.278601736 0.0564068928 0
v 0.274454981 0.0564291328 0
v 0.267822146 0.0565172061 0
v 0.046274215 0.103093348 0
v 0.0456544124 0.0999447331 0
v 0.0457316376 0.0970019549 0
v 0.0605944619 0.0948394984 0
v 0.0597259663 0.0923173502 0
v 0.0596628897 0.0897268504 0
v 0.0769634396 0.0865966603 0
v 0.0760769323 0.0844289139 0
v 0.0759505555 0.0820838735 0
v 0.0142071489 0.0858047158 0
v 0.0201329775 0.0851977021 0
v 0.0277190171 0.0836590379 0
v 0.0136808529 0.0940141752 0
v 0.0194224603 0.0933649093 0
v 0.0268265009 0.0916850641 0
v 0.013221682 0.100482956 0
v 0.0188098103 0.0998034105 0
v 0.0260753725 0.0980183035 0
v 0.321169168 0.04440853 0
v 0.312174261 0.0519500002 0
v 0.304143459 0.0586190857 0
v 0.317357689 0.0421046056 0
v 0.309006095 0.0491822287 0
v 0.301479846 0.0555447564 0
v 0.31385985 0.0400793478 0
v 0.306085736 0.0467641838 0
v 0.299017072 0.0528708436 0
v 0.282107383 0.0612804815 0
v 0.280968368 0.0606501475 0
v 0.279615611 0.0604374707 0
v 0.283463299 0.0596356206 0
v 0.282250226 0.058914084 0
v 0.280844569 0.0586635731 0
v 0.28592208 0.0574891828 0
v 0.284594357 0.0567456707 0
v 0.283093154 0.0564657822 0
v 0.295031339 0.0494557545 0
v 0.293324977 0.0486982353 0
v 0.291452408 0.0483085103 0
v 0.301408529 0.0436138995 0
v 0.299443871 0.0428544655 0
v 0.297311485 0.0423904061 0
v 0.308341801 0.0373695828 0
v 0.30608964 0.036648035 0
v 0.303687096 0.0361310653 0
v 0.321879834 0.0262042992 0
v 0.319050044 0.0257728398 0
v 0.316208333 0.0253107771 0
v 0.328089654 0.0218549352 0
v 0.32518357 0.0215806793 0
v 0.32227686 0.0211917311 0
v 0.334100366 0.01823611 0
v 0.33150813 0.0179693662 0
v 0.328711003 0.0176140759 0
v 0.283237964 0.0725463405 0
v 0.281999618 0.0727466792 0
v 0.280695438 0.0728252754 0
v 0.282364875 0.0686847195 0
v 0.281173229 0.0687790886 0
v 0.279863626 0.0688167363 0
v 0.281768769 0.0654631555 0
v 0.280625969 0.0653385967 0
v 0.279310465 0.0652877018 0
v 0.335788131 0.00382040394 0
v 0.348199368 0.00390233961 0
v 0.355639219 0.00401007757 0
v 0.326407313 0.00681248214 0
v 0.338282853 0.00697993208 0
v 0.345619917 0.00719760219 0
v 0.317631811 0.00976701081 0
v 0.329004735 0.0100271534 0
v 0.336236298 0.0103591857 0
v 0.00144841569 0.124670573 0
v 0.00313521735 0.124670275 0
v 0.00529879052 0.12466976 0
v 0.0014406906 0.131926656 0
v 0.00311849569 0.131926566 0
v 0.00527052954 0.131926417 0
v 0.00143307354 0.14197284 0
v 0.00310200779 0.141972825 0
v 0.00524266344 0.14197281 0
v 0.0017137453 0.0860287324 0
v 0.00370954582 0.086011596 0
v 0.00626945635 0.0859819055 0
v 0.00164961396 0.0942108706 0
v 0.00357072754 0.0941979066 0
v 0.00603484083 0.0941754207 0
v 0.00159352925 0.100654788 0
v 0.00344932778 0.100645453 0
v 0.00582966441 0.100629292 0
v 0.00198124372 0.0378542952 0
v 0.00428856863 0.0378220119 0
v 0.00724805426 0.037766017 0
v 0.00192580558 0.050665684 0
v 0.00416856818 0.050635457 0
v 0.00704524294 0.0505830161 0
v 0.00185715593 0.0637526736 0
v 0.00401996961 0.0637263209 0
v 0.0067940997 0.0636806339 0
v 0.0271081161 1.85317004 0
v 0.0274684541 1.94258738 0
v 0.0276012085 1.97861969 0
v 0.0234202482 1.85316634 0
v 0.0238391478 1.94258606 0
v 0.0239934791 1.97861946 0
v 0.0197417233 1.85316467 0
v 0.0201918669 1.94258571 0
v 0.0203577075 1.97861946 0
v 0.0227533076 0.782950819 0
v 0.0240091048 1.10291505 0
v 0.0253102165 1.42056608 0
v 0.0182998069 0.782782614 0
v 0.0198004264 1.10284889 0
v 0.0213280059 1.42054391 0
v 0.0142116323 0.782720804 0
v 0.0158436969 1.10282445 0
v 0.0174924023 1.42053592 0
v 0.00142058672 0.177297533 0
v 0.00307299243 0.177297533 0
v 0.00518903555 0.177297533 0
v 0.00146166631 0.227738142 0
v 0.00314800628 0.227738142 0
v 0.00528369239 0.227738142 0
v 0.00159475266 0.331292927 0
v 0.00339833577 0.331292957 0
v 0.00561957899 0.331292957 0
v 0.00197100313 0.00552174263 0
v 0.00426640222 0.00551142078 0
v 0.00721059181 0.00549352029 0
v 0.00200341549 0.0109242341 0
v 0.00433656061 0.010904572 0
v 0.0073291664 0.0108704772 0
v 0.00202056183 0.0177073199 0
v 0.00437367661 0.0176802855 0
v 0.00739189424 0.0176334046 0
v 0.00151267496 0.109340526 0
v 0.00327431178 0.109336443 0
v 0.00553387217 0.109329358 0
v 0.00148761913 0.112468496 0
v 0.00322007667 0.112466007 0
v 0.00544221047 0.112461716 0
v 0.0014700382 0.115630493 0
v 0.0031820212 0.115629107 0
v 0.00537789334 0.11562667 0
vn 0 0 1
vn 0 0 1
vn 0 0 1
vn 0 0 1
vn 0 0 1
vn 0 0 1
vn 0 0 1
vn 0 0 1
vn 0 0 1
vn 0 0 1
vn 0 0 1
vn 0 0 1
vn 0 0 1
vn 0 0 1
vn 0 0 1
vn 0 0 1
vn 0 0 1
vn 0 0 1
vn 0 0 1
vn 0 0 1
vn 0 0 1
vn 0 0 1
vn 0 0 1
vn 0 0 1
vn 0 0 1
vn 0 0 1
vn 0 0 1
vn 0 0 1
vn 0 0 1
vn 0 0 1
vn 0 0 1
vn 0 0 1
vn 0 0 1
vn 0 0 1
vn 0 0 1
vn 0 0 1
vn 0 0 1
vn 0 0 1
vn 0 0 1
vn 0 0 1
vn 0 0 1
vn 0 0 1
vn 0 0 1
vn 0 0 1
vn 0 0 1
vn 0 0 1
vn 0 0 1
vn 0 0 1
vn 0 0 1
vn 0 0 1
vn 0 0 1
vn 0 0 1
vn 0 0 1
vn 0 0 1
vn 0 0 1
vn 0 0 1
vn 0 0 1
vn 0 0 1
vn 0 0 1
vn 0 0 1
vn 0 0 1
vn 0 0 1
vn 0 0 1
vn 0 0 1
vn 0 0 1
vn 0 0 1
vn 0 0 1
vn 0 0 1
vn 0 0 1
vn 0 0 1
vn 0 0 1
vn 0 0 1
vn 0 0 1
vn 0 0 1
vn 0 0 1
vn 0 0 1
vn 0 0 1
vn 0 0 1
vn 0 0 1
vn 0 0 1
vn 0 0 1
vn 0 0 1
vn 0 0 1
vn 0 0 1
vn 0 0 1
vn 0 0 1
vn 0 0 1
vn 0 0 1
vn 0 0 1
vn 0 0 1
vn 0 0 1
vn 0 0 1
vn 0 0 1
vn 0 0 1
vn 0 0 1
vn 0 0 1
vn 0 0 1
vn 0 0 1
vn 0 0 1
vn 0 0 1
vn 0 0 1
vn 0 0 1
vn 0 0 1
vn 0 0 1
vn 0 0 1
vn 0 0 1
vn 0 0 1
vn 0 0 1
vn 0 0 1
vn 0 0 1
vn 0 0 1
vn 0 0 1
vn 0 0 1
vn 0 0 1
vn 0 0 1
vn 0 0 1
vn 0 0 1
vn 0 0 1
vn 0 0 1
vn 0 0 1
vn 0 0 1
vn 0 0 1
vn 0 0 1
vn 0 0 1
vn 0 0 1
vn 0 0 1
vn 0 0 1
vn 0 0 1
vn 0 0 1
vn 0 0 1
vn 0 0 1
vn 0 0 1
vn 0 0 1
vn 0 0 1
vn 0 0 1
vn 0 0 1
vn 0 0 1
vn 0 0 1
vn 0 0 1
vn 0 0 1
vn 0 0 1
vn 0 0 1
vn 0 0 1
vn 0 0 1
vn 0 0 1
vn 0 0 1
vn 0 0 1
vn 0 0 1
vn 0 0 1
vn 0 0 1
vn 0 0 1
vn 0 0 1
vn 0 0 1
vn 0 0 1
vn 0 0 1
vn 0 0 1
vn 0 0 1
vn 0 0 1
vn 0 0 1
vn 0 0 1
vn 0 0 1
vn 0 0 1
vn 0 0 1
vn 0 0 1
vn 0 0 1
vn 0 0 1
vn 0 0 1
vn 0 0 1
vn 0 0 1
vn 0 0 1
vn 0 0 1
vn 0 0 1
vn 0 0 1
vn 0 0 1
vn 0 0 1
vn 0 0 1
vn 0 0 1
vn 0 0 1
vn 0 0 1
vn 0 0 1
vn 0 0 1
vn 0 0 1
vn 0 0 1
vn 0 0 1
vn 0 0 1
vn 0 0 1
vn 0 0 1
vn 0 0 1
vn 0 0 1
vn 0 0 1
vn 0 0 1
vn 0 0 1
vn 0 0 1
vn 0 0 1
vn 0 0 1
vn 0 0 1
vn 0 0 1
vn 0 0 1
vn 0 0 1
vn 0 0 1
vn 0 0 1
vn 0 0 1
vn 0 0 1
vn 0 0 1
vn 0 0 1
vn 0 0 1
vn 0 0 1
vn 0 0 1
vn 0 0 1
vn 0 0 1
vn 0 0 1
vn 0 0 1
vn 0 0 1
vn 0 0 1
vn 0 0 1
vn 0 0 1
vn 0 0 1
vn 0 0 1
vn 0 0 1
vn 0 0 1
vn 0 0 1
vn 0 0 1
vn 0 0 1
vn 0 0 1
vn 0 0 1
vn 0 0 1
vn 0 0 1
vn 0 0 1
vn 0 0 1
vn 0 0 1
vn 0 0 1
vn 0 0 1
vn 0 0 1
vn 0 0 1
vn 0 0 1
vn 0 0 1
vn 0 0 1
vn 0 0 1
vn 0 0 1
vn 0 0 1
vn 0 0 1
vn 0 0 1
vn 0 0 1
vn 0 0 1
vn 0 0 1
vn 0 0 1
vn 0 0 1
vn 0 0 1
vn 0 0 1
vn 0 0 1
vn 0 0 1
vn 0 0 1
vn 0 0 1
vn 0 0 1
vn 0 0 1
vn 0 0 1
vn 0 0 1
vn 0 0 1
vn 0 0 1
vn 0 0 1
vn 0 0 1
vn 0 0 1
vn 0 0 1
vn 0 0 1
vn 0 0 1
vn 0 0 1
vn 0 0 1
vn 0 0 1
vn 0 0 1
vn 0 0 1
vn 0 0 1
vn 0 0 1
vn 0 0 1
vn 0 0 1
vn 0 0 1
vn 0 0 1
vn 0 0 1
vn 0 0 1
vn 0 0 1
vn 0 0 1
vn 0 0 1
vn 0 0 1
vn 0 0 1
vn 0 0 1
vn 0 0 1
vn 0 0 1
vn 0 0 1
vn 0 0 1
vn 0 0 1
vn 0 0 1
vn 0 0 1
vn 0 0 1
vn 0 0 1
vn 0 0 1
vn 0 0 1
vn 0 0 1
vn 0 0 1
vn 0 0 1
vn 0 0 1
vn 0 0 1
vn 0 0 1
vn 0 0 1
vn 0 0 1
vn 0 0 1
vn 0 0 1
vn 0 0 1
vn 0 0 1
vn 0 0 1
vn 0 0 1
vn 0 0 1
vn 0 0 1
vn 0 0 1
vn 0 0 1
vn 0 0 1
vn 0 0 1
vn 0 0 1
vn 0 0 1
vn 0 0 1
vn 0 0 1
vn 0 0 1
vn 0 0 1
vn 0 0 1
vn 0 0 1
vn 0 0 1
vn 0 0 1
vn 0 0 1
vn 0 0 1
vn 0 0 1
vn 0 0 1
vn 0 0 1
vn 0 0 1
vn 0 0 1
vn 0 0 1
vn 0 0 1
vn 0 0 1
vn 0 0 1
vn 0 0 1
vn 0 0 1
vn 0 0 1
vn 0 0 1
vn 0 0 1
vn 0 0 1
vn 0 0 1
vn 0 0 1
vn 0 0 1
vn 0 0 1
vn 0 0 1
vn 0 0 1
vn 0 0 1
vn 0 0 1
vn 0 0 1
vn 0 0 1
vn 0 0 1
vn 0 0 1
vn 0 0 1
vn 0 0 1
vn 0 0 1
vn 0 0 1
vn 0 0 1
vn 0 0 1
vn 0 0 1
vn 0 0 1
vn 0 0 1
vn 0 0 1
vn 0 0 1
vn 0 0 1
vn 0 0 1
vn 0 0 1
vn 0 0 1
vn 0 0 1
vn 0 0 1
vn 0 0 1
vn 0 0 1
vn 0 0 1
vn 0 0 1
vn 0 0 1
vn 0 0 1
vn 0 0 1
vn 0 0 1
vn 0 0 1
vn 0 0 1
vn 0 0 1
vn 0 0 1
vn 0 0 1
vn 0 0 1
vn 0 0 1
vn 0 0 1
vn 0 0 1
vn 0 0 1
vn 0 0 1
vn 0 0 1
vn 0 0 1
vn 0 0 1
vn 0 0 1
vn 0 0 1
vn 0 0 1
vn 0 0 1
vn 0 0 1
vn 0 0 1
vn 0 0 1
vn 0 0 1
vn 0 0 1
vn 0 0 1
vn 0 0 1
vn 0 0 1
vn 0 0 1
vn 0 0 1
vn 0 0 1
vn 0 0 1
vn 0 0 1
vn 0 0 1
vn 0 0 1
vn 0 0 1
vn 0 0 1
vn 0 0 1
vn 0 0 1
vn 0 0 1
vn 0 0 1
vn 0 0 1
vn 0 0 1
vn 0 0 1
vn 0 0 1
vn 0 0 1
vn 0 0 1
vn 0 0 1
vn 0 0 1
vn 0 0 1
vn 0 0 1
vn 0 0 1
vn 0 0 1
vn 0 0 1
vn 0 0 1
vn 0 0 1
vn 0 0 1
vn 0 0 1
vn 0 0 1
vn 0 0 1
vn 0 0 1
vn 0 0 1
vn 0 0 1
vn 0 0 1
vn 0 0 1
vn 0 0 1
vn 0 0 1
vn 0 0 1
vn 0 0 1
vn 0 0 1
vn 0 0 1
vn 0 0 1
vn 0 0 1
vn 0 0 1
vn 0 0 1
vn 0 0 1
vn 0 0 1
vn 0 0 1
vn 0 0 1
vn 0 0 1
vn 0 0 1
vn 0 0 1
vn 0 0 1
vn 0 0 1
vn 0 0 1
vn 0 0 1
vn 0 0 1
vn 0 0 1
vn 0 0 1
vn 0 0 1
vn 0 0 1
vn 0 0 1
vn 0 0 1
vn 0 0 1
vn 0 0 1
vn 0 0 1
vn 0 0 1
vn 0 0 1
vn 0 0 1
vn 0 0 1
vn 0 0 1
vn 0 0 1
vn 0 0 1
vn 0 0 1
vn 0 0 1
vn 0 0 1
vn 0 0 1
vn 0 0 1
vn 0 0 1
vn 0 0 1
vn 0 0 1
vn 0 0 1
vn 0 0 1
vn 0 0 1
vn 0 0 1
vn 0 0 1
vn 0 0 1
vn 0 0 1
vn 0 0 1
vn 0 0 1
vn 0 0 1
vn 0 0 1
vn 0 0 1
vn 0 0 1
vn 0 0 1
vn 0 0 1
vn 0 0 1
vn 0 0 1
vn 0 0 1
vn 0 0 1
vn 0 0 1
vn 0 0 1
vn 0 0 1
vn 0 0 1
vn 0 0 1
vn 0 0 1
vn 0 0 1
vn 0 0 1
vn 0 0 1
vn 0 0 1
vn 0 0 1
vn 0 0 1
vn 0 0 1
vn 0 0 1
vn 0 0 1
vn 0 0 1
vn 0 0 1
vn 0 0 1
vn 0 0 1
vn 0 0 1
vn 0 0 1
vn 0 0 1
vn 0 0 1
vn 0 0 1
vn 0 0 1
vn 0 0 1
vn 0 0 1
vn 0 0 1
vn 0 0 1
vn 0 0 1
vn 0 0 1
vn 0 0 1
vn 0 0 1
vn 0 0 1
vn 0 0 1
vn 0 0 1
vn 0 0 1
vn 0 0 1
vn 0 0 1
vn 0 0 1
vn 0 0 1
vn 0 0 1
vn 0 0 1
vn 0 0 1
vn 0 0 1
vn 0 0 1
vn 0 0 1
vn 0 0 1
vn 0 0 1
vn 0 0 1
vn 0 0 1
vn 0 0 1
vn 0 0 1
vn 0 0 1
vn 0 0 1
vn 0 0 1
vn 0 0 1
vn 0 0 1
vn 0 0 1
vn 0 0 1
vn 0 0 1
vn 0 0 1
vn 0 0 1
vn 0 0 1
vn 0 0 1
vn 0 0 1
vn 0 0 1
vn 0 0 1
vn 0 0 1
vn 0 0 1
vn 0 0 1
vn 0 0 1
vn 0 0 1
vn 0 0 1
vn 0 0 1
vn 0 0 1
vn 0 0 1
vn 0 0 1
vn 0 0 1
vn 0 0 1
vn 0 0 1
vn 0 0 1
vn 0 0 1
vn 0 0 1
vn 0 0 1
vn 0 0 1
vn 0 0 1
vn 0 0 1
vn 0 0 1
vn 0 0 1
vn 0 0 1
vn 0 0 1
vn 0 0 1
vn 0 0 1
vn 0 0 1
vn 0 0 1
vn 0 0 1
vn 0 0 1
vn 0 0 1
vn 0 0 1
vn 0 0 1
vn 0 0 1
vn 0 0 1
vn 0 0 1
vn 0 0 1
vn 0 0 1
vn 0 0 1
vn 0 0 1
vn 0 0 1
vn 0 0 1
vn 0 0 1
vn 0 0 1
vn 0 0 1
vn 0 0 1
vn 0 0 1
vn 0 0 1
vn 0 0 1
vn 0 0 1
vn 0 0 1
vn 0 0 1
vn 0 0 1
vn 0 0 1
vn 0 0 1
vn 0 0 1
vn 0 0 1
vn 0 0 1
vn 0 0 1
vn 0 0 1
vn 0 0 1
vn 0 0 1
vn 0 0 1
vn 0 0 1
vn 0 0 1
vn 0 0 1
vn 0 0 1
vn 0 0 1
vn 0 0 1
vn 0 0 1
vn 0 0 1
vn 0 0 1
vn 0 0 1
vn 0 0 1
vn 0 0 1
vn 0 0 1
vn 0 0 1
vn 0 0 1
vn 0 0 1
vn 0 0 1
vn 0 0 1
vn 0 0 1
vn 0 0 1
vn 0 0 1
vn 0 0 1
vn 0 0 1
vn 0 0 1
vn 0 0 1
vn 0 0 1
vn 0 0 1
vn 0 0 1
vn 0 0 1
vn 0 0 1
vn 0 0 1
vn 0 0 1
vn 0 0 1
vn 0 0 1
vn 0 0 1
vn 0 0 1
vn 0 0 1
vn 0 0 1
vn 0 0 1
vn 0 0 1
vn 0 0 1
vn 0 0 1
vn 0 0 1
vn 0 0 1
vn 0 0 1
vn 0 0 1
vn 0 0 1
vn 0 0 1
vn 0 0 1
vn 0 0 1
vn 0 0 1
vn 0 0 1
vn 0 0 1
vn 0 0 1
vn 0 0 1
vn 0 0 1
vn 0 0 1
vn 0 0 1
vn 0 0 1
vn 0 0 1
vn 0 0 1
vn 0 0 1
vn 0 0 1
vn 0 0 1
vn 0 0 1
vn 0 0 1
vn 0 0 1
vn 0 0 1
vn 0 0 1
vn 0 0 1
vn 0 0 1
vn 0 0 1
vn 0 0 1
vn 0 0 1
vn 0 0 1
vn 0 0 1
vn 0 0 1
vn 0 0 1
vn 0 0 1
vn 0 0 1
vn 0 0 1
vn 0 0 1
vn 0 0 1
vn 0 0 1
vn 0 0 1
vn 0 0 1
vn 0 0 1
vn 0 0 1
vn 0 0 1
vn 0 0 1
vn 0 0 1
vn 0 0 1
vn 0 0 1
vn 0 0 1
vn 0 0 1
vn 0 0 1
vn 0 0 1
vn 0 0 1
vn 0 0 1
vn 0 0 1
vn 0 0 1
vn 0 0 1
vn 0 0 1
vn 0 0 1
vn 0 0 1
vn 0 0 1
vn 0 0 1
vn 0 0 1
vn 0 0 1
vn 0 0 1
vn 0 0 1
vn 0 0 1
vn 0 0 1
vn 0 0 1
vn 0 0 1
vn 0 0 1
vn 0 0 1
vn 0 0 1
vn 0 0 1
vn 0 0 1
vn 0 0 1
vn 0 0 1
vn 0 0 1
vn 0 0 1
vn 0 0 1
vn 0 0 1
vn 0 0 1
vn 0 0 1
vn 0 0 1
vn 0 0 1
vn 0 0 1
vn 0 0 1
vn 0 0 1
vn 0 0 1
vn 0 0 1
vn 0 0 1
vn 0 0 1
vn 0 0 1
vn 0 0 1
vn 0 0 1
vn 0 0 1
vn 0 0 1
vn 0 0 1
vn 0 0 1
vn 0 0 1
vn 0 0 1
vn 0 0 1
vn 0 0 1
vn 0 0 1
vn 0 0 1
vn 0 0 1
vn 0 0 1
vn 0 0 1
vn 0 0 1
vn 0 0 1
vn 0 0 1
vn 0 0 1
vn 0 0 1
vn 0 0 1
vn 0 0 1
vn 0 0 1
vn 0 0 1
vn 0 0 1
vn 0 0 1
vn 0 0 1
vn 0 0 1
vn 0 0 1
vn 0 0 1
vn 0 0 1
vn 0 0 1
vn 0 0 1
vn 0 0 1
vn 0 0 1
vn 0 0 1
vn 0 0 1
vn 0 0 1
vn 0 0 1
vn 0 0 1
vn 0 0 1
vn 0 0 1
vn 0 0 1
vn 0 0 1
vn 0 0 1
vn 0 0 1
vn 0 0 1
vn 0 0 1
vn 0 0 1
vn 0 0 1
vn 0 0 1
vn 0 0 1
vn 0 0 1
vn 0 0 1
vn 0 0 1
vn 0 0 1
vn 0 0 1
vn 0 0 1
vn 0 0 1
vn 0 0 1
vn 0 0 1
vn 0 0 1
vn 0 0 1
vn 0 0 1
vn 0 0 1
vn 0 0 1
vn 0 0 1
vn 0 0 1
vn 0 0 1
vn 0 0 1
vn 0 0 1
vn 0 0 1
vn 0 0 1
vn 0 0 1
vn 0 0 1
vn 0 0 1
vn 0 0 1
vn 0 0 1
vn 0 0 1
vn 0 0 1
vn 0 0 1
vn 0 0 1
vn 0 0 1
vn 0 0 1
vn 0 0 1
vn 0 0 1
vn 0 0 1
vn 0 0 1
vn 0 0 1
vn 0 0 1
vn 0 0 1
vn 0 0 1
vn 0 0 1
vn 0 0 1
vn 0 0 1
vn 0 0 1
vn 0 0 1
vn 0 0 1
vn 0 0 1
vn 0 0 1
vn 0 0 1
vn 0 0 1
vn 0 0 1
vn 0 0 1
vn 0 0 1
vn 0 0 1
vn 0 0 1
vn 0 0 1
vn 0 0 1
vn 0 0 1
vn 0 0 1
vn 0 0 1
vn 0 0 1
vn 0 0 1
vn 0 0 1
vn 0 0 1
vn 0 0 1
vn 0 0 1
vn 0 0 1
vn 0 0 1
vn 0 0 1
vn 0 0 1
vn 0 0 1
vn 0 0 1
vn 0 0 1
vn 0 0 1
vn 0 0 1
vn 0 0 1
vn 0 0 1
vn 0 0 1
vn 0 0 1
vn 0 0 1
vn 0 0 1
vn 0 0 1
vn 0 0 1
vn 0 0 1
vn 0 0 1
vn 0 0 1
vn 0 0 1
vn 0 0 1
vn 0 0 1
vn 0 0 1
vn 0 0 1
vn 0 0 1
vn 0 0 1
vn 0 0 1
vn 0 0 1
vn 0 0 1
vn 0 0 1
vn 0 0 1
vn 0 0 1
vn 0 0 1
vn 0 0 1
vn 0 0 1
vn 0 0 1
vn 0 0 1
vn 0 0 1
vn 0 0 1
vn 0 0 1
vn 0 0 1
vn 0 0 1
vn 0 0 1
vn 0 0 1
vn 0 0 1
vn 0 0 1
vn 0 0 1
vn 0 0 1
vn 0 0 1
vn 0 0 1
vn 0 0 1
vn 0 0 1
vn 0 0 1
vn 0 0 1
vn 0 0 1
vn 0 0 1
vn 0 0 1
vn 0 0 1
vn 0 0 1
vn 0 0 1
vn 0 0 1
vn 0 0 1
vn 0 0 1
vn 0 0 1
vn 0 0 1
vn 0 0 1
vn 0 0 1
vn 0 0 1
vn 0 0 1
vn 0 0 1
vn 0 0 1
vn 0 0 1
vn 0 0 1
vn 0 0 1
vn 0 0 1
vn 0 0 1
vn 0 0 1
vn 0 0 1
vn 0 0 1
vn 0 0 1
vn 0 0 1
vn 0 0 1
vn 0 0 1
vn 0 0 1
vn 0 0 1
vn 0 0 1
vn 0 0 1
vn 0 0 1
vn 0 0 1
vn 0 0 1
vn 0 0 1
vn 0 0 1
vn 0 0 1
vn 0 0 1
vn 0 0 1
vn 0 0 1
vn 0 0 1
vn 0 0 1
vn 0 0 1
vn 0 0 1
vn 0 0 1
vn 0 0 1
vn 0 0 1
vn 0 0 1
vn 0 0 1
vn 0 0 1
vn 0 0 1
vn 0 0 1
vn 0 0 1
vn 0 0 1
vn 0 0 1
vn 0 0 1
vn 0 0 1
vn 0 0 1
vn 0 0 1
vn 0 0 1
vn 0 0 1
vn 0 0 1
vn 0 0 1
vn 0 0 1
vn 0 0 1
vn 0 0 1
vn 0 0 1
vn 0 0 1
vn 0 0 1
vn 0 0 1
vn 0 0 1
vn 0 0 1
vn 0 0 1
vn 0 0 1
vn 0 0 1
vn 0 0 1
vn 0 0 1
vn 0 0 1
vn 0 0 1
vn 0 0 1
vn 0 0 1
vn 0 0 1
vn 0 0 1
vn 0 0 1
vn 0 0 1
vn 0 0 1
vn 0 0 1
vn 0 0 1
vn 0 0 1
vn 0 0 1
vn 0 0 1
vn 0 0 1
vn 0 0 1
vn 0 0 1
vn 0 0 1
vn 0 0 1
vn 0 0 1
vn 0 0 1
vn 0 0 1
vn 0 0 1
vn 0 0 1
vn 0 0 1
vn 0 0 1
vn 0 0 1
vn 0 0 1
vn 0 0 1
vn 0 0 1
vn 0 0 1
vn 0 0 1
vn 0 0 1
vn 0 0 1
vn 0 0 1
vn 0 0 1
vn 0 0 1
vn 0 0 1
vn 0 0 1
vn 0 0 1
vn 0 0 1
vn 0 0 1
vn 0 0 1
vn 0 0 1
vn 0 0 1
vn 0 0 1
vn 0 0 1
vn 0 0 1
vn 0 0 1
vn 0 0 1
vn 0 0 1
vn 0 0 1
vn 0 0 1
vn 0 0 1
vn 0 0 1
vn 0 0 1
vn 0 0 1
vn 0 0 1
vn 0 0 1
vn 0 0 1
vn 0 0 1
vn 0 0 1
vn 0 0 1
vn 0 0 1
vn 0 0 1
vn 0 0 1
vn 0 0 1
vn 0 0 1
vn 0 0 1
vn 0 0 1
vn 0 0 1
vn 0 0 1
vn 0 0 1
vn 0 0 1
vn 0 0 1
vn 0 0 1
vn 0 0 1
vn 0 0 1
vn 0 0 1
vn 0 0 1
vn 0 0 1
vn 0 0 1
vn 0 0 1
vn 0 0 1
vn 0 0 1
vn 0 0 1
vn 0 0 1
vn 0 0 1
vn 0 0 1
vn 0 0 1
vn 0 0 1
vn 0 0 1
vn 0 0 1
vn 0 0 1
vn 0 0 1
vn 0 0 1
vn 0 0 1
vn 0 0 1
vn 0 0 1
vn 0 0 1
vn 0 0 1
vn 0 0 1
vn 0 0 1
vn 0 0 1
vn 0 0 1
vn 0 0 1
vn 0 0 1
vn 0 0 1
vn 0 0 1
vn 0 0 1
vn 0 0 1
vn 0 0 1
vn 0 0 1
vn 0 0 1
vn 0 0 1
vn 0 0 1
vn 0 0 1
vn 0 0 1
vn 0 0 1
vn 0 0 1
vn 0 0 1
vn 0 0 1
vn 0 0 1
vn 0 0 1
vn 0 0 1
vn 0 0 1
vn 0 0 1
vn 0 0 1
vn 0 0 1
vn 0 0 1
vn 0 0 1
vn 0 0 1
vn 0 0 1
vn 0 0 1
vn 0 0 1
vn 0 0 1
vn 0 0 1
vn 0 0 1
vn 0 0 1
vn 0 0 1
vn 0 0 1
vn 0 0 1
vn 0 0 1
vn 0 0 1
vn 0 0 1
vn 0 0 1
vn 0 0 1
vn 0 0 1
vn 0 0 1
vn 0 0 1
vn 0 0 1
vn 0 0 1
vn 0 0 1
vn 0 0 1
vn 0 0 1
vn 0 0 1
vn 0 0 1
vn 0 0 1
vn 0 0 1
vn 0 0 1
vn 0 0 1
vn 0 0 1
vn 0 0 1
vn 0 0 1
vn 0 0 1
vn 0 0 1
vn 0 0 1
vn 0 0 1
vn 0 0 1
vn 0 0 1
vn 0 0 1
vn 0 0 1
vn 0 0 1
vn 0 0 1
vn 0 0 1
vn 0 0 1
vn 0 0 1
vn 0 0 1
vn 0 0 1
vn 0 0 1
vn 0 0 1
vn 0 0 1
vn 0 0 1
vn 0 0 1
vn 0 0 1
vn 0 0 1
vn 0 0 1
vn 0 0 1
vn 0 0 1
vn 0 0 1
vn 0 0 1
vn 0 0 1
vn 0 0 1
vn 0 0 1
vn 0 0 1
vn 0 0 1
vn 0 0 1
vn 0 0 1
vn 0 0 1
vn 0 0 1
vn 0 0 1
vn 0 0 1
vn 0 0 1
vn 0 0 1
vn 0 0 1
vn 0 0 1
vn 0 0 1
vn 0 0 1
vn 0 0 1
vn 0 0 1
vn 0 0 1
vn 0 0 1
vn 0 0 1
vn 0 0 1
vn 0 0 1
vn 0 0 1
vn 0 0 1
vn 0 0 1
vn 0 0 1
vn 0 0 1
vn 0 0 1
vn 0 0 1
vn 0 0 1
vn 0 0 1
vn 0 0 1
vn 0 0 1
vn 0 0 1
vn 0 0 1
vn 0 0 1
vn 0 0 1
vn 0 0 1
vn 0 0 1
vn 0 0 1
vn 0 0 1
vn 0 0 1
vn 0 0 1
vn 0 0 1
vn 0 0 1
vn 0 0 1
vn 0 0 1
vn 0 0 1
vn 0 0 1
vn 0 0 1
vn 0 0 1
vn 0 0 1
vn 0 0 1
vn 0 0 1
vn 0 0 1
vn 0 0 1
vn 0 0 1
vn 0 0 1
vn 0 0 1
vn 0 0 1
vn 0 0 1
vn 0 0 1
vn 0 0 1
vn 0 0 1
vn 0 0 1
vn 0 0 1
vn 0 0 1
vn 0 0 1
vn 0 0 1
vn 0 0 1
vn 0 0 1
vn 0 0 1
vn 0 0 1
vn 0 0 1
vn 0 0 1
vn 0 0 1
vn 0 0 1
vn 0 0 1
vn 0 0 1
vn 0 0 1
vn 0 0 1
vn 0 0 1
vn 0 0 1
vn 0 0 1
vn 0 0 1
vn 0 0 1
vn 0 0 1
vn 0 0 1
vn 0 0 1
vn 0 0 1
vn 0 0 1
vn 0 0 1
vn 0 0 1
vn 0 0 1
vn 0 0 1
vn 0 0 1
vn 0 0 1
vn 0 0 1
vn 0 0 1
vn 0 0 1
vn 0 0 1
vn 0 0 1
vn 0 0 1
vn 0 0 1
vn 0 0 1
vn 0 0 1
vn 0 0 1
vn 0 0 1
vn 0 0 1
vn 0 0 1
vn 0 0 1
vn 0 0 1
vn 0 0 1
vn 0 0 1
vn 0 0 1
vn 0 0 1
vn 0 0 1
vn 0 0 1
vn 0 0 1
vn 0 0 1
vn 0 0 1
vn 0 0 1
vn 0 0 1
vn 0 0 1
vn 0 0 1
vn 0 0 1
vn 0 0 1
vn 0 0 1
vn 0 0 1
vn 0 0 1
vn 0 0 1
vn 0 0 1
vn 0 0 1
vn 0 0 1
vn 0 0 1
vn 0 0 1
vn 0 0 1
vn 0 0 1
vn 0 0 1
vn 0 0 1
vn 0 0 1
vn 0 0 1
vn 0 0 1
vn 0 0 1
vn 0 0 1
vn 0 0 1
vn 0 0 1
vn 0 0 1
vn 0 0 1
vn 0 0 1
vn 0 0 1
vn 0 0 1
vn 0 0 1
vn 0 0 1
vn 0 0 1
vn 0 0 1
vn 0 0 1
vn 0 0 1
vn 0 0 1
vn 0 0 1
vn 0 0 1
vn 0 0 1
vn 0 0 1
vn 0 0 1
vn 0 0 1
vn 0 0 1
vn 0 0 1
vn 0 0 1
vn 0 0 1
vn 0 0 1
vn 0 0 1
vn 0 0 1
vn 0 0 1
vn 0 0 1
vn 0 0 1
vn 0 0 1
vn 0 0 1
vn 0 0 1
vn 0 0 1
vn 0 0 1
vn 0 0 1
vn 0 0 1
vn 0 0 1
vn 0 0 1
vn 0 0 1
vn 0 0 1
vn 0 0 1
vn 0 0 1
vn 0 0 1
vn 0 0 1
vn 0 0 1
vn 0 0 1
vn 0 0 1
vn 0 0 1
vn 0 0 1
vn 0 0 1
vn 0 0 1
vn 0 0 1
vn 0 0 1
vn 0 0 1
vn 0 0 1
vn 0 0 1
vn 0 0 1
vn 0 0 1
vn 0 0 1
vn 0 0 1
vn 0 0 1
vn 0 0 1
vn 0 0 1
vn 0 0 1
vn 0 0 1
vn 0 0 1
vn 0 0 1
vn 0 0 1
vn 0 0 1
vn 0 0 1
vn 0 0 1
vn 0 0 1
vn 0 0 1
vn 0 0 1
vn 0 0 1
vn 0 0 1
vn 0 0 1
vn 0 0 1
vn 0 0 1
vn 0 0 1
vn 0 0 1
vn 0 0 1
vn 0 0 1
vn 0 0 1
vn 0 0 1
vn 0 0 1
vn 0 0 1
vn 0 0 1
vn 0 0 1
vn 0 0 1
vn 0 0 1
vn 0 0 1
vn 0 0 1
vn 0 0 1
vn 0 0 1
vn 0 0 1
vn 0 0 1
vn 0 0 1
vn 0 0 1
vn 0 0 1
vn 0 0 1
vn 0 0 1
vn 0 0 1
vn 0 0 1
vn 0 0 1
vn 0 0 1
vn 0 0 1
vn 0 0 1
vn 0 0 1
vn 0 0 1
vn 0 0 1
vn 0 0 1
vn 0 0 1
vn 0 0 1
vn 0 0 1
vn 0 0 1
vn 0 0 1
vn 0 0 1
vn 0 0 1
vn 0 0 1
vn 0 0 1
vn 0 0 1
vn 0 0 1
vn 0 0 1
vn 0 0 1
vn 0 0 1
vn 0 0 1
vn 0 0 1
vn 0 0 1
vn 0 0 1
vn 0 0 1
vn 0 0 1
vn 0 0 1
vn 0 0 1
vn 0 0 1
vn 0 0 1
vn 0 0 1
vn 0 0 1
vn 0 0 1
vn 0 0 1
vn 0 0 1
vn 0 0 1
vn 0 0 1
vn 0 0 1
vn 0 0 1
vn 0 0 1
vn 0 0 1
vn 0 0 1
vn 0 0 1
vn 0 0 1
vn 0 0 1
vn 0 0 1
vn 0 0 1
vn 0 0 1
vn 0 0 1
vn 0 0 1
vn 0 0 1
vn 0 0 1
vn 0 0 1
vn 0 0 1
vn 0 0 1
vn 0 0 1
vn 0 0 1
vn 0 0 1
vn 0 0 1
vn 0 0 1
vn 0 0 1
vn 0 0 1
vn 0 0 1
vn 0 0 1
vn 0 0 1
vn 0 0 1
vn 0 0 1
vn 0 0 1
vn 0 0 1
vn 0 0 1
vn 0 0 1
vn 0 0 1
vn 0 0 1
vn 0 0 1
vn 0 0 1
vn 0 0 1
vn 0 0 1
vn 0 0 1
vn 0 0 1
vn 0 0 1
vn 0 0 1
vn 0 0 1
vn 0 0 1
vn 0 0 1
vn 0 0 1
vn 0 0 1
vn 0 0 1
vn 0 0 1
vn 0 0 1
vn 0 0 1
vn 0 0 1
vn 0 0 1
vn 0 0 1
vn 0 0 1
vn 0 0 1
vn 0 0 1
vn 0 0 1
vn 0 0 1
vn 0 0 1
vn 0 0 1
vn 0 0 1
vn 0 0 1
vn 0 0 1
vn 0 0 1
vn 0 0 1
vn 0 0 1
vn 0 0 1
vn 0 0 1
vn 0 0 1
vn 0 0 1
vn 0 0 1
vn 0 0 1
vn 0 0 1
vn 0 0 1
vn 0 0 1
vn 0 0 1
vn 0 0 1
vn 0 0 1
vn 0 0 1
vn 0 0 1
vn 0 0 1
vn 0 0 1
vn 0 0 1
vn 0 0 1
vn 0 0 1
vn 0 0 1
vn 0 0 1
vn 0 0 1
vn 0 0 1
vn 0 0 1
vn 0 0 1
vn 0 0 1
vn 0 0 1
vn 0 0 1
vn 0 0 1
vn 0 0 1
vn 0 0 1
vn 0 0 1
vn 0 0 1
vn 0 0 1
vn 0 0 1
vn 0 0 1
vn 0 0 1
vn 0 0 1
vn 0 0 1
vn 0 0 1
vn 0 0 1
vn 0 0 1
vn 0 0 1
vn 0 0 1
vn 0 0 1
vn 0 0 1
f 7581//7581 7582//7582 7585//7585
f 7581//7581 7585//7585 7584//7584
f 7582//7582 7583//7583 7586//7586
f 7582//7582 7586//7586 7585//7585
f 7584//7584 7585//7585 7588//7588
f 7584//7584 7588//7588 7587//7587
f 7585//7585 7586//7586 7589//7589
f 7585//7585 7589//7589 7588//7588
f 6869//6869 7271//7271 7581//7581
f 6869//6869 7581//7581 7092//7092
f 7271//7271 7270//7270 7582//7582
f 7271//7271 7582//7582 7581//7581
f 7270//7270 7269//7269 7583//7583
f 7270//7270 7583//7583 7582//7582
f 7269//7269 6871//6871 7253//7253
f 7269//7269 7253//7253 7583//7583
f 7583//7583 7253//7253 7252//7252
f 7583//7583 7252//7252 7586//7586
f 7586//7586 7252//7252 7251//7251
f 7586//7586 7251//7251 7589//7589
f 7589//7589 7251//7251 6831//6831
f 7589//7589 6831//6831 7001//7001
f 7588//7588 7589//7589 7001//7001
f 7588//7588 7001//7001 7000//7000
f 7587//7587 7588//7588 7000//7000
f 7587//7587 7000//7000 6999//6999
f 7094//7094 7587//7587 6999//6999
f 7094//7094 6999//6999 6845//6845
f 7093//7093 7584//7584 7587//7587
f 7093//7093 7587//7587 7094//7094
f 7092//7092 7581//7581 7584//7584
f 7092//7092 7584//7584 7093//7093
f 7590//7590 7591//7591 7594//7594
f 7590//7590 7594//7594 7593//7593
f 7591//7591 7592//7592 7595//7595
f 7591//7591 7595//7595 7594//7594
f 7593//7593 7594//7594 7597//7597
f 7593//7593 7597//7597 7596//7596
f 7594//7594 7595//7595 7598//7598
f 7594//7594 7598//7598 7597//7597
f 6850//6850 7056//7056 7590//7590
f 6850//6850 7590//7590 7133//7133
f 7056//7056 7057//7057 7591//7591
f 7056//7056 7591//7591 7590//7590
f 7057//7057 7058//7058 7592//7592
f 7057//7057 7592//7592 7591//7591
f 7058//7058 6839//6839 6972//6972
f 7058//7058 6972//6972 7592//7592
f 7592//7592 6972//6972 6973//6973
f 7592//7592 6973//6973 7595//7595
f 7595//7595 6973//6973 6974//6974
f 7595//7595 6974//6974 7598//7598
f 7598//7598 6974//6974 6830//6830
f 7598//7598 6830//6830 6983//6983
f 7597//7597 7598//7598 6983//6983
f 7597//7597 6983//6983 6982//6982
f 7596//7596 7597//7597 6982//6982
f 7596//7596 6982//6982 6981//6981
f 7131//7131 7596//7596 6981//6981
f 7131//7131 6981//6981 6848//6848
f 7132//7132 7593//7593 7596//7596
f 7132//7132 7596//7596 7131//7131
f 7133//7133 7590//7590 7593//7593
f 7133//7133 7593//7593 7132//7132
f 7599//7599 7600//7600 7603//7603
f 7599//7599 7603//7603 7602//7602
f 7600//7600 7601//7601 7604//7604
f 7600//7600 7604//7604 7603//7603
f 7602//7602 7603//7603 7606//7606
f 7602//7602 7606//7606 7605//7605
f 7603//7603 7604//7604 7607//7607
f 7603//7603 7607//7607 7606//7606
f 6836//6836 7053//7053 7599//7599
f 6836//6836 7599//7599 7040//7040
f 7053//7053 7054//7054 7600//7600
f 7053//7053 7600//7600 7599//7599
f 7054//7054 7055//7055 7601//7601
f 7054//7054 7601//7601 7600//7600
f 7055//7055 6838//6838 7046//7046
f 7055//7055 7046//7046 7601//7601
f 7601//7601 7046//7046 7045//7045
f 7601//7601 7045//7045 7604//7604
f 7604//7604 7045//7045 7044//7044
f 7604//7604 7044//7044 7607//7607
f 7607//7607 7044//7044 6827//6827
f 7607//7607 6827//6827 6986//6986
f 7606//7606 7607//7607 6986//6986
f 7606//7606 6986//6986 6985//6985
f 7605//7605 7606//7606 6985//6985
f 7605//7605 6985//6985 6984//6984
f 7038//7038 7605//7605 6984//6984
f 7038//7038 6984//6984 6822//6822
f 7039//7039 7602//7602 7605//7605
f 7039//7039 7605//7605 7038//7038
f 7040//7040 7599//7599 7602//7602
f 7040//7040 7602//7602 7039//7039
f 7608//7608 7609//7609 7612//7612
f 7608//7608 7612//7612 7611//7611
f 7609//7609 7610//7610 7613//7613
f 7609//7609 7613//7613 7612//7612
f 7611//7611 7612//7612 7615//7615
f 7611//7611 7615//7615 7614//7614
f 7612//7612 7613//7613 7616//7616
f 7612//7612 7616//7616 7615//7615
f 6856//6856 7187//7187 7608//7608
f 6856//6856 7608//7608 7160//7160
f 7187//7187 7186//7186 7609//7609
f 7187//7187 7609//7609 7608//7608
f 7186//7186 7185//7185 7610//7610
f 7186//7186 7610//7610 7609//7609
f 7185//7185 6857//6857 7163//7163
f 7185//7185 7163//7163 7610//7610
f 7610//7610 7163//7163 7162//7162
f 7610//7610 7162//7162 7613//7613
f 7613//7613 7162//7162 7161//7161
f 7613//7613 7161//7161 7616//7616
f 7616//7616 7161//7161 6828//6828
f 7616//7616 6828//6828 6989//6989
f 7615//7615 7616//7616 6989//6989
f 7615//7615 6989//6989 6988//6988
f 7614//7614 7615//7615 6988//6988
f 7614//7614 6988//6988 6987//6987
f 7158//7158 7614//7614 6987//6987
f 7158//7158 6987//6987 6820//6820
f 7159//7159 7611//7611 7614//7614
f 7159//7159 7614//7614 7158//7158
f 7160//7160 7608//7608 7611//7611
f 7160//7160 7611//7611 7159//7159
f 7617//7617 7618//7618 7621//7621
f 7617//7617 7621//7621 7620//7620
f 7618//7618 7619//7619 7622//7622
f 7618//7618 7622//7622 7621//7621
f 7620//7620 7621//7621 7624//7624
f 7620//7620 7624//7624 7623//7623
f 7621//7621 7622//7622 7625//7625
f 7621//7621 7625//7625 7624//7624
f 6862//6862 7220//7220 7617//7617
f 6862//6862 7617//7617 7196//7196
f 7220//7220 7219//7219 7618//7618
f 7220//7220 7618//7618 7617//7617
f 7219//7219 7218//7218 7619//7619
f 7219//7219 7619//7619 7618//7618
f 7218//7218 6863//6863 7199//7199
f 7218//7218 7199//7199 7619//7619
f 7619//7619 7199//7199 7198//7198
f 7619//7619 7198//7198 7622//7622
f 7622//7622 7198//7198 7197//7197
f 7622//7622 7197//7197 7625//7625
f 7625//7625 7197//7197 6829//6829
f 7625//7625 6829//6829 6992//6992
f 7624//7624 7625//7625 6992//6992
f 7624//7624 6992//6992 6991//6991
f 7623//7623 7624//7624 6991//6991
f 7623//7623 6991//6991 6990//6990
f 7194//7194 7623//7623 6990//6990
f 7194//7194 6990//6990 6821//6821
f 7195//7195 7620//7620 7623//7623
f 7195//7195 7623//7623 7194//7194
f 7196//7196 7617//7617 7620//7620
f 7196//7196 7620//7620 7195//7195
f 7626//7626 7627//7627 7630//7630
f 7626//7626 7630//7630 7629//7629
f 7627//7627 7628//7628 7631//7631
f 7627//7627 7631//7631 7630//7630
f 7629//7629 7630//7630 7633//7633
f 7629//7629 7633//7633 7632//7632
f 7630//7630 7631//7631 7634//7634
f 7630//7630 7634//7634 7633//7633
f 6842//6842 7077//7077 7626//7626
f 6842//6842 7626//7626 7067//7067
f 7077//7077 7078//7078 7627//7627
f 7077//7077 7627//7627 7626//7626
f 7078//7078 7079//7079 7628//7628
f 7078//7078 7628//7628 7627//7627
f 7079//7079 6843//6843 7070//7070
f 7079//7079 7070//7070 7628//7628
f 7628//7628 7070//7070 7069//7069
f 7628//7628 7069//7069 7631//7631
f 7631//7631 7069//7069 7068//7068
f 7631//7631 7068//7068 7634//7634
f 7634//7634 7068//7068 6830//6830
f 7634//7634 6830//6830 6995//6995
f 7633//7633 7634//7634 6995//6995
f 7633//7633 6995//6995 6994//6994
f 7632//7632 7633//7633 6994//6994
f 7632//7632 6994//6994 6993//6993
f 7065//7065 7632//7632 6993//6993
f 7065//7065 6993//6993 6825//6825
f 7066//7066 7629//7629 7632//7632
f 7066//7066 7632//7632 7065//7065
f 7067//7067 7626//7626 7629//7629
f 7067//7067 7629//7629 7066//7066
f 7635//7635 7636//7636 7639//7639
f 7635//7635 7639//7639 7638//7638
f 7636//7636 7637//7637 7640//7640
f 7636//7636 7640//7640 7639//7639
f 7638//7638 7639//7639 7642//7642
f 7638//7638 7642//7642 7641//7641
f 7639//7639 7640//7640 7643//7643
f 7639//7639 7643//7643 7642//7642
f 6840//6840 7074//7074 7635//7635
f 6840//6840 7635//7635 7061//7061
f 7074//7074 7075//7075 7636//7636
f 7074//7074 7636//7636 7635//7635
f 7075//7075 7076//7076 7637//7637
f 7075//7075 7637//7637 7636//7636
f 7076//7076 6841//6841 7064//7064
f 7076//7076 7064//7064 7637//7637
f 7637//7637 7064//7064 7063//7063
f 7637//7637 7063//7063 7640//7640
f 7640//7640 7063//7063 7062//7062
f 7640//7640 7062//7062 7643//7643
f 7643//7643 7062//7062 6826//6826
f 7643//7643 6826//6826 6962//6962
f 7642//7642 7643//7643 6962//6962
f 7642//7642 6962//6962 6961//6961
f 7641//7641 7642//7642 6961//6961
f 7641//7641 6961//6961 6960//6960
f 7059//7059 7641//7641 6960//6960
f 7059//7059 6960//6960 6823//6823
f 7060//7060 7638//7638 7641//7641
f 7060//7060 7641//7641 7059//7059
f 7061//7061 7635//7635 7638//7638
f 7061//7061 7638//7638 7060//7060
f 7644//7644 7645//7645 7648//7648
f 7644//7644 7648//7648 7647//7647
f 7645//7645 7646//7646 7649//7649
f 7645//7645 7649//7649 7648//7648
f 7647//7647 7648//7648 7651//7651
f 7647//7647 7651//7651 7650//7650
f 7648//7648 7649//7649 7652//7652
f 7648//7648 7652//7652 7651//7651
f 6874//6874 7268//7268 7644//7644
f 6874//6874 7644//7644 7265//7265
f 7268//7268 7267//7267 7645//7645
f 7268//7268 7645//7645 7644//7644
f 7267//7267 7266//7266 7646//7646
f 7267//7267 7646//7646 7645//7645
f 7266//7266 6873//6873 7262//7262
f 7266//7266 7262//7262 7646//7646
f 7646//7646 7262//7262 7261//7261
f 7646//7646 7261//7261 7649//7649
f 7649//7649 7261//7261 7260//7260
f 7649//7649 7260//7260 7652//7652
f 7652//7652 7260//7260 6833//6833
f 7652//7652 6833//6833 7016//7016
f 7651//7651 7652//7652 7016//7016
f 7651//7651 7016//7016 7015//7015
f 7650//7650 7651//7651 7015//7015
f 7650//7650 7015//7015 7014//7014
f 7263//7263 7650//7650 7014//7014
f 7263//7263 7014//7014 6832//6832
f 7264//7264 7647//7647 7650//7650
f 7264//7264 7650//7650 7263//7263
f 7265//7265 7644//7644 7647//7647
f 7265//7265 7647//7647 7264//7264
f 7653//7653 7654//7654 7657//7657
f 7653//7653 7657//7657 7656//7656
f 7654//7654 7655//7655 7658//7658
f 7654//7654 7658//7658 7657//7657
f 7656//7656 7657//7657 7660//7660
f 7656//7656 7660//7660 7659//7659
f 7657//7657 7658//7658 7661//7661
f 7657//7657 7661//7661 7660//7660
f 6866//6866 7223//7223 7653//7653
f 6866//6866 7653//7653 7182//7182
f 7223//7223 7222//7222 7654//7654
f 7223//7223 7654//7654 7653//7653
f 7222//7222 7221//7221 7655//7655
f 7222//7222 7655//7655 7654//7654
f 7221//7221 6872//6872 7244//7244
f 7221//7221 7244//7244 7655//7655
f 7655//7655 7244//7244 7243//7243
f 7655//7655 7243//7243 7658//7658
f 7658//7658 7243//7243 7242//7242
f 7658//7658 7242//7242 7661//7661
f 7661//7661 7242//7242 6826//6826
f 7661//7661 6826//6826 7019//7019
f 7660//7660 7661//7661 7019//7019
f 7660//7660 7019//7019 7018//7018
f 7659//7659 7660//7660 7018//7018
f 7659//7659 7018//7018 7017//7017
f 7184//7184 7659//7659 7017//7017
f 7184//7184 7017//7017 6854//6854
f 7183//7183 7656//7656 7659//7659
f 7183//7183 7659//7659 7184//7184
f 7182//7182 7653//7653 7656//7656
f 7182//7182 7656//7656 7183//7183
f 7662//7662 7663//7663 7666//7666
f 7662//7662 7666//7666 7665//7665
f 7663//7663 7664//7664 7667//7667
f 7663//7663 7667//7667 7666//7666
f 7665//7665 7666//7666 7669//7669
f 7665//7665 7669//7669 7668//7668
f 7666//7666 7667//7667 7670//7670
f 7666//7666 7670//7670 7669//7669
f 6851//6851 7122//7122 7662//7662
f 6851//6851 7662//7662 7115//7115
f 7122//7122 7123//7123 7663//7663
f 7122//7122 7663//7663 7662//7662
f 7123//7123 7124//7124 7664//7664
f 7123//7123 7664//7664 7663//7663
f 7124//7124 6848//6848 6981//6981
f 7124//7124 6981//6981 7664//7664
f 7664//7664 6981//6981 6982//6982
f 7664//7664 6982//6982 7667//7667
f 7667//7667 6982//6982 6983//6983
f 7667//7667 6983//6983 7670//7670
f 7670//7670 6983//6983 6830//6830
f 7670//7670 6830//6830 7068//7068
f 7669//7669 7670//7670 7068//7068
f 7669//7669 7068//7068 7069//7069
f 7668//7668 7669//7669 7069//7069
f 7668//7668 7069//7069 7070//7070
f 7113//7113 7668//7668 7070//7070
f 7113//7113 7070//7070 6843//6843
f 7114//7114 7665//7665 7668//7668
f 7114//7114 7668//7668 7113//7113
f 7115//7115 7662//7662 7665//7665
f 7115//7115 7665//7665 7114//7114
f 7671//7671 7672//7672 7675//7675
f 7671//7671 7675//7675 7674//7674
f 7672//7672 7673//7673 7676//7676
f 7672//7672 7676//7676 7675//7675
f 7674//7674 7675//7675 7678//7678
f 7674//7674 7678//7678 7677//7677
f 7675//7675 7676//7676 7679//7679
f 7675//7675 7679//7679 7678//7678
f 6844//6844 6951//6951 7671//7671
f 6844//6844 7671//7671 7091//7091
f 6951//6951 6952//6952 7672//7672
f 6951//6951 7672//7672 7671//7671
f 6952//6952 6953//6953 7673//7673
f 6952//6952 7673//7673 7672//7672
f 6953//6953 6823//6823 6960//6960
f 6953//6953 6960//6960 7673//7673
f 7673//7673 6960//6960 6961//6961
f 7673//7673 6961//6961 7676//7676
f 7676//7676 6961//6961 6962//6962
f 7676//7676 6962//6962 7679//7679
f 7679//7679 6962//6962 6826//6826
f 7679//7679 6826//6826 7083//7083
f 7678//7678 7679//7679 7083//7083
f 7678//7678 7083//7083 7084//7084
f 7677//7677 7678//7678 7084//7084
f 7677//7677 7084//7084 7085//7085
f 7089//7089 7677//7677 7085//7085
f 7089//7089 7085//7085 6845//6845
f 7090//7090 7674//7674 7677//7677
f 7090//7090 7677//7677 7089//7089
f 7091//7091 7671//7671 7674//7674
f 7091//7091 7674//7674 7090//7090
f 7680//7680 7681//7681 7684//7684
f 7680//7680 7684//7684 7683//7683
f 7681//7681 7682//7682 7685//7685
f 7681//7681 7685//7685 7684//7684
f 7683//7683 7684//7684 7687//7687
f 7683//7683 7687//7687 7686//7686
f 7684//7684 7685//7685 7688//7688
f 7684//7684 7688//7688 7687//7687
f 6867//6867 7235//7235 7680//7680
f 6867//6867 7680//7680 7230//7230
f 7235//7235 7234//7234 7681//7681
f 7235//7235 7681//7681 7680//7680
f 7234//7234 7233//7233 7682//7682
f 7234//7234 7682//7682 7681//7681
f 7233//7233 6915//6915 7032//7032
f 7233//7233 7032//7032 7682//7682
f 7682//7682 7032//7032 7033//7033
f 7682//7682 7033//7033 7685//7685
f 7685//7685 7033//7033 7034//7034
f 7685//7685 7034//7034 7688//7688
f 7688//7688 7034//7034 6895//6895
f 7688//7688 6895//6895 7031//7031
f 7687//7687 7688//7688 7031//7031
f 7687//7687 7031//7031 7030//7030
f 7686//7686 7687//7687 7030//7030
f 7686//7686 7030//7030 7029//7029
f 7232//7232 7686//7686 7029//7029
f 7232//7232 7029//7029 6870//6870
f 7231//7231 7683//7683 7686//7686
f 7231//7231 7686//7686 7232//7232
f 7230//7230 7680//7680 7683//7683
f 7230//7230 7683//7683 7231//7231
f 7689//7689 7690//7690 7693//7693
f 7689//7689 7693//7693 7692//7692
f 7690//7690 7691//7691 7694//7694
f 7690//7690 7694//7694 7693//7693
f 7692//7692 7693//7693 7696//7696
f 7692//7692 7696//7696 7695//7695
f 7693//7693 7694//7694 7697//7697
f 7693//7693 7697//7697 7696//7696
f 6853//6853 7143//7143 7689//7689
f 6853//6853 7689//7689 7035//7035
f 7143//7143 7144//7144 7690//7690
f 7143//7143 7690//7690 7689//7689
f 7144//7144 7145//7145 7691//7691
f 7144//7144 7691//7691 7690//7690
f 7145//7145 6852//6852 7023//7023
f 7145//7145 7023//7023 7691//7691
f 7691//7691 7023//7023 7024//7024
f 7691//7691 7024//7024 7694//7694
f 7694//7694 7024//7024 7025//7025
f 7694//7694 7025//7025 7697//7697
f 7697//7697 7025//7025 6834//6834
f 7697//7697 6834//6834 7026//7026
f 7696//7696 7697//7697 7026//7026
f 7696//7696 7026//7026 7027//7027
f 7695//7695 7696//7696 7027//7027
f 7695//7695 7027//7027 7028//7028
f 7037//7037 7695//7695 7028//7028
f 7037//7037 7028//7028 6831//6831
f 7036//7036 7692//7692 7695//7695
f 7036//7036 7695//7695 7037//7037
f 7035//7035 7689//7689 7692//7692
f 7035//7035 7692//7692 7036//7036
f 7698//7698 7699//7699 7702//7702
f 7698//7698 7702//7702 7701//7701
f 7699//7699 7700//7700 7703//7703
f 7699//7699 7703//7703 7702//7702
f 7701//7701 7702//7702 7705//7705
f 7701//7701 7705//7705 7704//7704
f 7702//7702 7703//7703 7706//7706
f 7702//7702 7706//7706 7705//7705
f 6825//6825 6993//6993 7698//7698
f 6825//6825 7698//7698 6959//6959
f 6993//6993 6994//6994 7699//7699
f 6993//6993 7699//7699 7698//7698
f 6994//6994 6995//6995 7700//7700
f 6994//6994 7700//7700 7699//7699
f 6995//6995 6830//6830 6974//6974
f 6995//6995 6974//6974 7700//7700
f 7700//7700 6974//6974 6973//6973
f 7700//7700 6973//6973 7703//7703
f 7703//7703 6973//6973 6972//6972
f 7703//7703 6972//6972 7706//7706
f 7706//7706 6972//6972 6839//6839
f 7706//7706 6839//6839 7052//7052
f 7705//7705 7706//7706 7052//7052
f 7705//7705 7052//7052 7051//7051
f 7704//7704 7705//7705 7051//7051
f 7704//7704 7051//7051 7050//7050
f 6957//6957 7704//7704 7050//7050
f 6957//6957 7050//7050 6837//6837
f 6958//6958 7701//7701 7704//7704
f 6958//6958 7704//7704 6957//6957
f 6959//6959 7698//7698 7701//7701
f 6959//6959 7701//7701 6958//6958
f 7707//7707 7708//7708 7711//7711
f 7707//7707 7711//7711 7710//7710
f 7708//7708 7709//7709 7712//7712
f 7708//7708 7712//7712 7711//7711
f 7710//7710 7711//7711 7714//7714
f 7710//7710 7714//7714 7713//7713
f 7711//7711 7712//7712 7715//7715
f 7711//7711 7715//7715 7714//7714
f 6860//6860 7217//7217 7707//7707
f 6860//6860 7707//7707 7190//7190
f 7217//7217 7216//7216 7708//7708
f 7217//7217 7708//7708 7707//7707
f 7216//7216 7215//7215 7709//7709
f 7216//7216 7709//7709 7708//7708
f 7215//7215 6861//6861 7193//7193
f 7215//7215 7193//7193 7709//7709
f 7709//7709 7193//7193 7192//7192
f 7709//7709 7192//7192 7712//7712
f 7712//7712 7192//7192 7191//7191
f 7712//7712 7191//7191 7715//7715
f 7715//7715 7191//7191 6838//6838
f 7715//7715 6838//6838 7055//7055
f 7714//7714 7715//7715 7055//7055
f 7714//7714 7055//7055 7054//7054
f 7713//7713 7714//7714 7054//7054
f 7713//7713 7054//7054 7053//7053
f 7188//7188 7713//7713 7053//7053
f 7188//7188 7053//7053 6836//6836
f 7189//7189 7710//7710 7713//7713
f 7189//7189 7713//7713 7188//7188
f 7190//7190 7707//7707 7710//7710
f 7190//7190 7710//7710 7189//7189
f 7716//7716 7717//7717 7720//7720
f 7716//7716 7720//7720 7719//7719
f 7717//7717 7718//7718 7721//7721
f 7717//7717 7721//7721 7720//7720
f 7719//7719 7720//7720 7723//7723
f 7719//7719 7723//7723 7722//7722
f 7720//7720 7721//7721 7724//7724
f 7720//7720 7724//7724 7723//7723
f 6864//6864 7214//7214 7716//7716
f 6864//6864 7716//7716 7202//7202
f 7214//7214 7213//7213 7717//7717
f 7214//7214 7717//7717 7716//7716
f 7213//7213 7212//7212 7718//7718
f 7213//7213 7718//7718 7717//7717
f 7212//7212 6863//6863 7047//7047
f 7212//7212 7047//7047 7718//7718
f 7718//7718 7047//7047 7048//7048
f 7718//7718 7048//7048 7721//7721
f 7721//7721 7048//7048 7049//7049
f 7721//7721 7049//7049 7724//7724
f 7724//7724 7049//7049 6839//6839
f 7724//7724 6839//6839 7058//7058
f 7723//7723 7724//7724 7058//7058
f 7723//7723 7058//7058 7057//7057
f 7722//7722 7723//7723 7057//7057
f 7722//7722 7057//7057 7056//7056
f 7200//7200 7722//7722 7056//7056
f 7200//7200 7056//7056 6850//6850
f 7201//7201 7719//7719 7722//7722
f 7201//7201 7722//7722 7200//7200
f 7202//7202 7716//7716 7719//7719
f 7202//7202 7719//7719 7201//7201
f 7725//7725 7726//7726 7729//7729
f 7725//7725 7729//7729 7728//7728
f 7726//7726 7727//7727 7730//7730
f 7726//7726 7730//7730 7729//7729
f 7728//7728 7729//7729 7732//7732
f 7728//7728 7732//7732 7731//7731
f 7729//7729 7730//7730 7733//7733
f 7729//7729 7733//7733 7732//7732
f 6849//6849 7116//7116 7725//7725
f 6849//6849 7725//7725 7106//7106
f 7116//7116 7117//7117 7726//7726
f 7116//7116 7726//7726 7725//7725
f 7117//7117 7118//7118 7727//7727
f 7117//7117 7727//7727 7726//7726
f 7118//7118 6851//6851 7115//7115
f 7118//7118 7115//7115 7727//7727
f 7727//7727 7115//7115 7114//7114
f 7727//7727 7114//7114 7730//7730
f 7730//7730 7114//7114 7113//7113
f 7730//7730 7113//7113 7733//7733
f 7733//7733 7113//7113 6843//6843
f 7733//7733 6843//6843 7011//7011
f 7732//7732 7733//7733 7011//7011
f 7732//7732 7011//7011 7012//7012
f 7731//7731 7732//7732 7012//7012
f 7731//7731 7012//7012 7013//7013
f 7104//7104 7731//7731 7013//7013
f 7104//7104 7013//7013 6833//6833
f 7105//7105 7728//7728 7731//7731
f 7105//7105 7731//7731 7104//7104
f 7106//7106 7725//7725 7728//7728
f 7106//7106 7728//7728 7105//7105
f 7734//7734 7735//7735 7738//7738
f 7734//7734 7738//7738 7737//7737
f 7735//7735 7736//7736 7739//7739
f 7735//7735 7739//7739 7738//7738
f 7737//7737 7738//7738 7741//7741
f 7737//7737 7741//7741 7740//7740
f 7738//7738 7739//7739 7742//7742
f 7738//7738 7742//7742 7741//7741
f 6822//6822 6984//6984 7734//7734
f 6822//6822 7734//7734 6950//6950
f 6984//6984 6985//6985 7735//7735
f 6984//6984 7735//7735 7734//7734
f 6985//6985 6986//6986 7736//7736
f 6985//6985 7736//7736 7735//7735
f 6986//6986 6827//6827 6965//6965
f 6986//6986 6965//6965 7736//7736
f 7736//7736 6965//6965 6964//6964
f 7736//7736 6964//6964 7739//7739
f 7739//7739 6964//6964 6963//6963
f 7739//7739 6963//6963 7742//7742
f 7742//7742 6963//6963 6841//6841
f 7742//7742 6841//6841 7076//7076
f 7741//7741 7742//7742 7076//7076
f 7741//7741 7076//7076 7075//7075
f 7740//7740 7741//7741 7075//7075
f 7740//7740 7075//7075 7074//7074
f 6948//6948 7740//7740 7074//7074
f 6948//6948 7074//7074 6840//6840
f 6949//6949 7737//7737 7740//7740
f 6949//6949 7740//7740 6948//6948
f 6950//6950 7734//7734 7737//7737
f 6950//6950 7737//7737 6949//6949
f 7743//7743 7744//7744 7747//7747
f 7743//7743 7747//7747 7746//7746
f 7744//7744 7745//7745 7748//7748
f 7744//7744 7748//7748 7747//7747
f 7746//7746 7747//7747 7750//7750
f 7746//7746 7750//7750 7749//7749
f 7747//7747 7748//7748 7751//7751
f 7747//7747 7751//7751 7750//7750
f 6832//6832 7014//7014 7743//7743
f 6832//6832 7743//7743 7010//7010
f 7014//7014 7015//7015 7744//7744
f 7014//7014 7744//7744 7743//7743
f 7015//7015 7016//7016 7745//7745
f 7015//7015 7745//7745 7744//7744
f 7016//7016 6833//6833 7013//7013
f 7016//7016 7013//7013 7745//7745
f 7745//7745 7013//7013 7012//7012
f 7745//7745 7012//7012 7748//7748
f 7748//7748 7012//7012 7011//7011
f 7748//7748 7011//7011 7751//7751
f 7751//7751 7011//7011 6843//6843
f 7751//7751 6843//6843 7079//7079
f 7750//7750 7751//7751 7079//7079
f 7750//7750 7079//7079 7078//7078
f 7749//7749 7750//7750 7078//7078
f 7749//7749 7078//7078 7077//7077
f 7008//7008 7749//7749 7077//7077
f 7008//7008 7077//7077 6842//6842
f 7009//7009 7746//7746 7749//7749
f 7009//7009 7749//7749 7008//7008
f 7010//7010 7743//7743 7746//7746
f 7010//7010 7746//7746 7009//7009
f 7752//7752 7753//7753 7756//7756
f 7752//7752 7756//7756 7755//7755
f 7753//7753 7754//7754 7757//7757
f 7753//7753 7757//7757 7756//7756
f 7755//7755 7756//7756 7759//7759
f 7755//7755 7759//7759 7758//7758
f 7756//7756 7757//7757 7760//7760
f 7756//7756 7760//7760 7759//7759
f 6834//6834 7080//7080 7752//7752
f 6834//6834 7752//7752 7026//7026
f 7080//7080 7081//7081 7753//7753
f 7080//7080 7753//7753 7752//7752
f 7081//7081 7082//7082 7754//7754
f 7081//7081 7754//7754 7753//7753
f 7082//7082 6844//6844 7091//7091
f 7082//7082 7091//7091 7754//7754
f 7754//7754 7091//7091 7090//7090
f 7754//7754 7090//7090 7757//7757
f 7757//7757 7090//7090 7089//7089
f 7757//7757 7089//7089 7760//7760
f 7760//7760 7089//7089 6845//6845
f 7760//7760 6845//6845 6999//6999
f 7759//7759 7760//7760 6999//6999
f 7759//7759 6999//6999 7000//7000
f 7758//7758 7759//7759 7000//7000
f 7758//7758 7000//7000 7001//7001
f 7028//7028 7758//7758 7001//7001
f 7028//7028 7001//7001 6831//6831
f 7027//7027 7755//7755 7758//7758
f 7027//7027 7758//7758 7028//7028
f 7026//7026 7752//7752 7755//7755
f 7026//7026 7755//7755 7027//7027
f 7761//7761 7762//7762 7765//7765
f 7761//7761 7765//7765 7764//7764
f 7762//7762 7763//7763 7766//7766
f 7762//7762 7766//7766 7765//7765
f 7764//7764 7765//7765 7768//7768
f 7764//7764 7768//7768 7767//7767
f 7765//7765 7766//7766 7769//7769
f 7765//7765 7769//7769 7768//7768
f 6872//6872 7226//7226 7761//7761
f 6872//6872 7761//7761 7244//7244
f 7226//7226 7225//7225 7762//7762
f 7226//7226 7762//7762 7761//7761
f 7225//7225 7224//7224 7763//7763
f 7225//7225 7763//7763 7762//7762
f 7224//7224 6869//6869 7092//7092
f 7224//7224 7092//7092 7763//7763
f 7763//7763 7092//7092 7093//7093
f 7763//7763 7093//7093 7766//7766
f 7766//7766 7093//7093 7094//7094
f 7766//7766 7094//7094 7769//7769
f 7769//7769 7094//7094 6845//6845
f 7769//7769 6845//6845 7085//7085
f 7768//7768 7769//7769 7085//7085
f 7768//7768 7085//7085 7084//7084
f 7767//7767 7768//7768 7084//7084
f 7767//7767 7084//7084 7083//7083
f 7242//7242 7767//7767 7083//7083
f 7242//7242 7083//7083 6826//6826
f 7243//7243 7764//7764 7767//7767
f 7243//7243 7767//7767 7242//7242
f 7244//7244 7761//7761 7764//7764
f 7244//7244 7764//7764 7243//7243
f 7770//7770 7771//7771 7774//7774
f 7770//7770 7774//7774 7773//7773
f 7771//7771 7772//7772 7775//7775
f 7771//7771 7775//7775 7774//7774
f 7773//7773 7774//7774 7777//7777
f 7773//7773 7777//7777 7776//7776
f 7774//7774 7775//7775 7778//7778
f 7774//7774 7778//7778 7777//7777
f 6854//6854 7181//7181 7770//7770
f 6854//6854 7770//7770 7151//7151
f 7181//7181 7180//7180 7771//7771
f 7181//7181 7771//7771 7770//7770
f 7180//7180 7179//7179 7772//7772
f 7180//7180 7772//7772 7771//7771
f 7179//7179 6855//6855 7157//7157
f 7179//7179 7157//7157 7772//7772
f 7772//7772 7157//7157 7156//7156
f 7772//7772 7156//7156 7775//7775
f 7775//7775 7156//7156 7155//7155
f 7775//7775 7155//7155 7778//7778
f 7778//7778 7155//7155 6851//6851
f 7778//7778 6851//6851 7118//7118
f 7777//7777 7778//7778 7118//7118
f 7777//7777 7118//7118 7117//7117
f 7776//7776 7777//7777 7117//7117
f 7776//7776 7117//7117 7116//7116
f 7149//7149 7776//7776 7116//7116
f 7149//7149 7116//7116 6849//6849
f 7150//7150 7773//7773 7776//7776
f 7150//7150 7776//7776 7149//7149
f 7151//7151 7770//7770 7773//7773
f 7151//7151 7773//7773 7150//7150
f 7779//7779 7780//7780 7783//7783
f 7779//7779 7783//7783 7782//7782
f 7780//7780 7781//7781 7784//7784
f 7780//7780 7784//7784 7783//7783
f 7782//7782 7783//7783 7786//7786
f 7782//7782 7786//7786 7785//7785
f 7783//7783 7784//7784 7787//7787
f 7783//7783 7787//7787 7786//7786
f 6865//6865 7211//7211 7779//7779
f 6865//6865 7779//7779 7176//7176
f 7211//7211 7210//7210 7780//7780
f 7211//7211 7780//7780 7779//7779
f 7210//7210 7209//7209 7781//7781
f 7210//7210 7781//7781 7780//7780
f 7209//7209 6864//6864 7202//7202
f 7209//7209 7202//7202 7781//7781
f 7781//7781 7202//7202 7201//7201
f 7781//7781 7201//7201 7784//7784
f 7784//7784 7201//7201 7200//7200
f 7784//7784 7200//7200 7787//7787
f 7787//7787 7200//7200 6850//6850
f 7787//7787 6850//6850 7112//7112
f 7786//7786 7787//7787 7112//7112
f 7786//7786 7112//7112 7111//7111
f 7785//7785 7786//7786 7111//7111
f 7785//7785 7111//7111 7110//7110
f 7178//7178 7785//7785 7110//7110
f 7178//7178 7110//7110 6859//6859
f 7177//7177 7782//7782 7785//7785
f 7177//7177 7785//7785 7178//7178
f 7176//7176 7779//7779 7782//7782
f 7176//7176 7782//7782 7177//7177
f 7788//7788 7789//7789 7792//7792
f 7788//7788 7792//7792 7791//7791
f 7789//7789 7790//7790 7793//7793
f 7789//7789 7793//7793 7792//7792
f 7791//7791 7792//7792 7795//7795
f 7791//7791 7795//7795 7794//7794
f 7792//7792 7793//7793 7796//7796
f 7792//7792 7796//7796 7795//7795
f 6855//6855 7175//7175 7788//7788
f 6855//6855 7788//7788 7157//7157
f 7175//7175 7174//7174 7789//7789
f 7175//7175 7789//7789 7788//7788
f 7174//7174 7173//7173 7790//7790
f 7174//7174 7790//7790 7789//7789
f 7173//7173 6858//6858 7101//7101
f 7173//7173 7101//7101 7790//7790
f 7790//7790 7101//7101 7102//7102
f 7790//7790 7102//7102 7793//7793
f 7793//7793 7102//7102 7103//7103
f 7793//7793 7103//7103 7796//7796
f 7796//7796 7103//7103 6848//6848
f 7796//7796 6848//6848 7124//7124
f 7795//7795 7796//7796 7124//7124
f 7795//7795 7124//7124 7123//7123
f 7794//7794 7795//7795 7123//7123
f 7794//7794 7123//7123 7122//7122
f 7155//7155 7794//7794 7122//7122
f 7155//7155 7122//7122 6851//6851
f 7156//7156 7791//7791 7794//7794
f 7156//7156 7794//7794 7155//7155
f 7157//7157 7788//7788 7791//7791
f 7157//7157 7791//7791 7156//7156
f 7797//7797 7798//7798 7801//7801
f 7797//7797 7801//7801 7800//7800
f 7798//7798 7799//7799 7802//7802
f 7798//7798 7802//7802 7801//7801
f 7800//7800 7801//7801 7804//7804
f 7800//7800 7804//7804 7803//7803
f 7801//7801 7802//7802 7805//7805
f 7801//7801 7805//7805 7804//7804
f 6873//6873 7259//7259 7797//7797
f 6873//6873 7797//7797 7262//7262
f 7259//7259 7258//7258 7798//7798
f 7259//7259 7798//7798 7797//7797
f 7258//7258 7257//7257 7799//7799
f 7258//7258 7799//7799 7798//7798
f 7257//7257 6868//6868 7241//7241
f 7257//7257 7241//7241 7799//7799
f 7799//7799 7241//7241 7240//7240
f 7799//7799 7240//7240 7802//7802
f 7802//7802 7240//7240 7239//7239
f 7802//7802 7239//7239 7805//7805
f 7805//7805 7239//7239 6849//6849
f 7805//7805 6849//6849 7106//7106
f 7804//7804 7805//7805 7106//7106
f 7804//7804 7106//7106 7105//7105
f 7803//7803 7804//7804 7105//7105
f 7803//7803 7105//7105 7104//7104
f 7260//7260 7803//7803 7104//7104
f 7260//7260 7104//7104 6833//6833
f 7261//7261 7800//7800 7803//7803
f 7261//7261 7803//7803 7260//7260
f 7262//7262 7797//7797 7800//7800
f 7262//7262 7800//7800 7261//7261
f 7806//7806 7807//7807 7810//7810
f 7806//7806 7810//7810 7809//7809
f 7807//7807 7808//7808 7811//7811
f 7807//7807 7811//7811 7810//7810
f 7809//7809 7810//7810 7813//7813
f 7809//7809 7813//7813 7812//7812
f 7810//7810 7811//7811 7814//7814
f 7810//7810 7814//7814 7813//7813
f 6821//6821 6990//6990 7806//7806
f 6821//6821 7806//7806 6944//6944
f 6990//6990 6991//6991 7807//7807
f 6990//6990 7807//7807 7806//7806
f 6991//6991 6992//6992 7808//7808
f 6991//6991 7808//7808 7807//7807
f 6992//6992 6829//6829 6971//6971
f 6992//6992 6971//6971 7808//7808
f 7808//7808 6971//6971 6970//6970
f 7808//7808 6970//6970 7811//7811
f 7811//7811 6970//6970 6969//6969
f 7811//7811 6969//6969 7814//7814
f 7814//7814 6969//6969 6847//6847
f 7814//7814 6847//6847 7130//7130
f 7813//7813 7814//7814 7130//7130
f 7813//7813 7130//7130 7129//7129
f 7812//7812 7813//7813 7129//7129
f 7812//7812 7129//7129 7128//7128
f 6942//6942 7812//7812 7128//7128
f 6942//6942 7128//7128 6846//6846
f 6943//6943 7809//7809 7812//7812
f 6943//6943 7812//7812 6942//6942
f 6944//6944 7806//7806 7809//7809
f 6944//6944 7809//7809 6943//6943
f 7815//7815 7816//7816 7819//7819
f 7815//7815 7819//7819 7818//7818
f 7816//7816 7817//7817 7820//7820
f 7816//7816 7820//7820 7819//7819
f 7818//7818 7819//7819 7822//7822
f 7818//7818 7822//7822 7821//7821
f 7819//7819 7820//7820 7823//7823
f 7819//7819 7823//7823 7822//7822
f 6859//6859 7110//7110 7815//7815
f 6859//6859 7815//7815 7170//7170
f 7110//7110 7111//7111 7816//7816
f 7110//7110 7816//7816 7815//7815
f 7111//7111 7112//7112 7817//7817
f 7111//7111 7817//7817 7816//7816
f 7112//7112 6850//6850 7133//7133
f 7112//7112 7133//7133 7817//7817
f 7817//7817 7133//7133 7132//7132
f 7817//7817 7132//7132 7820//7820
f 7820//7820 7132//7132 7131//7131
f 7820//7820 7131//7131 7823//7823
f 7823//7823 7131//7131 6848//6848
f 7823//7823 6848//6848 7103//7103
f 7822//7822 7823//7823 7103//7103
f 7822//7822 7103//7103 7102//7102
f 7821//7821 7822//7822 7102//7102
f 7821//7821 7102//7102 7101//7101
f 7172//7172 7821//7821 7101//7101
f 7172//7172 7101//7101 6858//6858
f 7171//7171 7818//7818 7821//7821
f 7171//7171 7821//7821 7172//7172
f 7170//7170 7815//7815 7818//7818
f 7170//7170 7818//7818 7171//7171
f 7824//7824 7825//7825 7828//7828
f 7824//7824 7828//7828 7827//7827
f 7825//7825 7826//7826 7829//7829
f 7825//7825 7829//7829 7828//7828
f 7827//7827 7828//7828 7831//7831
f 7827//7827 7831//7831 7830//7830
f 7828//7828 7829//7829 7832//7832
f 7828//7828 7832//7832 7831//7831
f 6835//6835 6956//6956 7824//7824
f 6835//6835 7824//7824 7140//7140
f 6956//6956 6955//6955 7825//7825
f 6956//6956 7825//7825 7824//7824
f 6955//6955 6954//6954 7826//7826
f 6955//6955 7826//7826 7825//7825
f 6954//6954 6824//6824 7134//7134
f 6954//6954 7134//7134 7826//7826
f 7826//7826 7134//7134 7135//7135
f 7826//7826 7135//7135 7829//7829
f 7829//7829 7135//7135 7136//7136
f 7829//7829 7136//7136 7832//7832
f 7832//7832 7136//7136 6852//6852
f 7832//7832 6852//6852 7145//7145
f 7831//7831 7832//7832 7145//7145
f 7831//7831 7145//7145 7144//7144
f 7830//7830 7831//7831 7144//7144
f 7830//7830 7144//7144 7143//7143
f 7142//7142 7830//7830 7143//7143
f 7142//7142 7143//7143 6853//6853
f 7141//7141 7827//7827 7830//7830
f 7141//7141 7830//7830 7142//7142
f 7140//7140 7824//7824 7827//7827
f 7140//7140 7827//7827 7141//7141
f 7833//7833 7834//7834 7837//7837
f 7833//7833 7837//7837 7836//7836
f 7834//7834 7835//7835 7838//7838
f 7834//7834 7838//7838 7837//7837
f 7836//7836 7837//7837 7840//7840
f 7836//7836 7840//7840 7839//7839
f 7837//7837 7838//7838 7841//7841
f 7837//7837 7841//7841 7840//7840
f 6871//6871 7002//7002 7833//7833
f 6871//6871 7833//7833 7254//7254
f 7002//7002 7003//7003 7834//7834
f 7002//7002 7834//7834 7833//7833
f 7003//7003 7004//7004 7835//7835
f 7003//7003 7835//7835 7834//7834
f 7004//7004 6890//6890 7137//7137
f 7004//7004 7137//7137 7835//7835
f 7835//7835 7137//7137 7138//7138
f 7835//7835 7138//7138 7838//7838
f 7838//7838 7138//7138 7139//7139
f 7838//7838 7139//7139 7841//7841
f 7841//7841 7139//7139 6915//6915
f 7841//7841 6915//6915 7233//7233
f 7840//7840 7841//7841 7233//7233
f 7840//7840 7233//7233 7234//7234
f 7839//7839 7840//7840 7234//7234
f 7839//7839 7234//7234 7235//7235
f 7256//7256 7839//7839 7235//7235
f 7256//7256 7235//7235 6867//6867
f 7255//7255 7836//7836 7839//7839
f 7255//7255 7839//7839 7256//7256
f 7254//7254 7833//7833 7836//7836
f 7254//7254 7836//7836 7255//7255
f 7842//7842 7843//7843 7846//7846
f 7842//7842 7846//7846 7845//7845
f 7843//7843 7844//7844 7847//7847
f 7843//7843 7847//7847 7846//7846
f 7845//7845 7846//7846 7849//7849
f 7845//7845 7849//7849 7848//7848
f 7846//7846 7847//7847 7850//7850
f 7846//7846 7850//7850 7849//7849
f 6838//6838 7167//7167 7842//7842
f 6838//6838 7842//7842 7046//7046
f 7167//7167 7168//7168 7843//7843
f 7167//7167 7843//7843 7842//7842
f 7168//7168 7169//7169 7844//7844
f 7168//7168 7844//7844 7843//7843
f 7169//7169 6859//6859 7170//7170
f 7169//7169 7170//7170 7844//7844
f 7844//7844 7170//7170 7171//7171
f 7844//7844 7171//7171 7847//7847
f 7847//7847 7171//7171 7172//7172
f 7847//7847 7172//7172 7850//7850
f 7850//7850 7172//7172 6858//6858
f 7850//7850 6858//6858 7166//7166
f 7849//7849 7850//7850 7166//7166
f 7849//7849 7166//7166 7165//7165
f 7848//7848 7849//7849 7165//7165
f 7848//7848 7165//7165 7164//7164
f 7044//7044 7848//7848 7164//7164
f 7044//7044 7164//7164 6827//6827
f 7045//7045 7845//7845 7848//7848
f 7045//7045 7848//7848 7044//7044
f 7046//7046 7842//7842 7845//7845
f 7046//7046 7845//7845 7045//7045
f 7851//7851 7852//7852 7855//7855
f 7851//7851 7855//7855 7854//7854
f 7852//7852 7853//7853 7856//7856
f 7852//7852 7856//7856 7855//7855
f 7854//7854 7855//7855 7858//7858
f 7854//7854 7858//7858 7857//7857
f 7855//7855 7856//7856 7859//7859
f 7855//7855 7859//7859 7858//7858
f 6841//6841 6963//6963 7851//7851
f 6841//6841 7851//7851 7073//7073
f 6963//6963 6964//6964 7852//7852
f 6963//6963 7852//7852 7851//7851
f 6964//6964 6965//6965 7853//7853
f 6964//6964 7853//7853 7852//7852
f 6965//6965 6827//6827 7164//7164
f 6965//6965 7164//7164 7853//7853
f 7853//7853 7164//7164 7165//7165
f 7853//7853 7165//7165 7856//7856
f 7856//7856 7165//7165 7166//7166
f 7856//7856 7166//7166 7859//7859
f 7859//7859 7166//7166 6858//6858
f 7859//7859 6858//6858 7173//7173
f 7858//7858 7859//7859 7173//7173
f 7858//7858 7173//7173 7174//7174
f 7857//7857 7858//7858 7174//7174
f 7857//7857 7174//7174 7175//7175
f 7071//7071 7857//7857 7175//7175
f 7071//7071 7175//7175 6855//6855
f 7072//7072 7854//7854 7857//7857
f 7072//7072 7857//7857 7071//7071
f 7073//7073 7851//7851 7854//7854
f 7073//7073 7854//7854 7072//7072
f 7860//7860 7861//7861 7864//7864
f 7860//7860 7864//7864 7863//7863
f 7861//7861 7862//7862 7865//7865
f 7861//7861 7865//7865 7864//7864
f 7863//7863 7864//7864 7867//7867
f 7863//7863 7867//7867 7866//7866
f 7864//7864 7865//7865 7868//7868
f 7864//7864 7868//7868 7867//7867
f 6861//6861 7208//7208 7860//7860
f 6861//6861 7860//7860 7193//7193
f 7208//7208 7207//7207 7861//7861
f 7208//7208 7861//7861 7860//7860
f 7207//7207 7206//7206 7862//7862
f 7207//7207 7862//7862 7861//7861
f 7206//7206 6865//6865 7176//7176
f 7206//7206 7176//7176 7862//7862
f 7862//7862 7176//7176 7177//7177
f 7862//7862 7177//7177 7865//7865
f 7865//7865 7177//7177 7178//7178
f 7865//7865 7178//7178 7868//7868
f 7868//7868 7178//7178 6859//6859
f 7868//7868 6859//6859 7169//7169
f 7867//7867 7868//7868 7169//7169
f 7867//7867 7169//7169 7168//7168
f 7866//7866 7867//7867 7168//7168
f 7866//7866 7168//7168 7167//7167
f 7191//7191 7866//7866 7167//7167
f 7191//7191 7167//7167 6838//6838
f 7192//7192 7863//7863 7866//7866
f 7192//7192 7866//7866 7191//7191
f 7193//7193 7860//7860 7863//7863
f 7193//7193 7863//7863 7192//7192
f 7869//7869 7870//7870 7873//7873
f 7869//7869 7873//7873 7872//7872
f 7870//7870 7871//7871 7874//7874
f 7870//7870 7874//7874 7873//7873
f 7872//7872 7873//7873 7876//7876
f 7872//7872 7876//7876 7875//7875
f 7873//7873 7874//7874 7877//7877
f 7873//7873 7877//7877 7876//7876
f 6826//6826 7062//7062 7869//7869
f 6826//6826 7869//7869 7019//7019
f 7062//7062 7063//7063 7870//7870
f 7062//7062 7870//7870 7869//7869
f 7063//7063 7064//7064 7871//7871
f 7063//7063 7871//7871 7870//7870
f 7064//7064 6841//6841 7073//7073
f 7064//7064 7073//7073 7871//7871
f 7871//7871 7073//7073 7072//7072
f 7871//7871 7072//7072 7874//7874
f 7874//7874 7072//7072 7071//7071
f 7874//7874 7071//7071 7877//7877
f 7877//7877 7071//7071 6855//6855
f 7877//7877 6855//6855 7179//7179
f 7876//7876 7877//7877 7179//7179
f 7876//7876 7179//7179 7180//7180
f 7875//7875 7876//7876 7180//7180
f 7875//7875 7180//7180 7181//7181
f 7017//7017 7875//7875 7181//7181
f 7017//7017 7181//7181 6854//6854
f 7018//7018 7872//7872 7875//7875
f 7018//7018 7875//7875 7017//7017
f 7019//7019 7869//7869 7872//7872
f 7019//7019 7872//7872 7018//7018
f 7878//7878 7879//7879 7882//7882
f 7878//7878 7882//7882 7881//7881
f 7879//7879 7880//7880 7883//7883
f 7879//7879 7883//7883 7882//7882
f 7881//7881 7882//7882 7885//7885
f 7881//7881 7885//7885 7884//7884
f 7882//7882 7883//7883 7886//7886
f 7882//7882 7886//7886 7885//7885
f 6868//6868 7229//7229 7878//7878
f 6868//6868 7878//7878 7241//7241
f 7229//7229 7228//7228 7879//7879
f 7229//7229 7879//7879 7878//7878
f 7228//7228 7227//7227 7880//7880
f 7228//7228 7880//7880 7879//7879
f 7227//7227 6866//6866 7182//7182
f 7227//7227 7182//7182 7880//7880
f 7880//7880 7182//7182 7183//7183
f 7880//7880 7183//7183 7883//7883
f 7883//7883 7183//7183 7184//7184
f 7883//7883 7184//7184 7886//7886
f 7886//7886 7184//7184 6854//6854
f 7886//7886 6854//6854 7151//7151
f 7885//7885 7886//7886 7151//7151
f 7885//7885 7151//7151 7150//7150
f 7884//7884 7885//7885 7150//7150
f 7884//7884 7150//7150 7149//7149
f 7239//7239 7884//7884 7149//7149
f 7239//7239 7149//7149 6849//6849
f 7240//7240 7881//7881 7884//7884
f 7240//7240 7884//7884 7239//7239
f 7241//7241 7878//7878 7881//7881
f 7241//7241 7881//7881 7240//7240
f 7887//7887 7888//7888 7891//7891
f 7887//7887 7891//7891 7890//7890
f 7888//7888 7889//7889 7892//7892
f 7888//7888 7892//7892 7891//7891
f 7890//7890 7891//7891 7894//7894
f 7890//7890 7894//7894 7893//7893
f 7891//7891 7892//7892 7895//7895
f 7891//7891 7895//7895 7894//7894
f 6846//6846 7128//7128 7887//7887
f 6846//6846 7887//7887 7097//7097
f 7128//7128 7129//7129 7888//7888
f 7128//7128 7888//7888 7887//7887
f 7129//7129 7130//7130 7889//7889
f 7129//7129 7889//7889 7888//7888
f 7130//7130 6847//6847 7100//7100
f 7130//7130 7100//7100 7889//7889
f 7889//7889 7100//7100 7099//7099
f 7889//7889 7099//7099 7892//7892
f 7892//7892 7099//7099 7098//7098
f 7892//7892 7098//7098 7895//7895
f 7895//7895 7098//7098 6857//6857
f 7895//7895 6857//6857 7185//7185
f 7894//7894 7895//7895 7185//7185
f 7894//7894 7185//7185 7186//7186
f 7893//7893 7894//7894 7186//7186
f 7893//7893 7186//7186 7187//7187
f 7095//7095 7893//7893 7187//7187
f 7095//7095 7187//7187 6856//6856
f 7096//7096 7890//7890 7893//7893
f 7096//7096 7893//7893 7095//7095
f 7097//7097 7887//7887 7890//7890
f 7097//7097 7890//7890 7096//7096
f 7896//7896 7897//7897 7900//7900
f 7896//7896 7900//7900 7899//7899
f 7897//7897 7898//7898 7901//7901
f 7897//7897 7901//7901 7900//7900
f 7899//7899 7900//7900 7903//7903
f 7899//7899 7903//7903 7902//7902
f 7900//7900 7901//7901 7904//7904
f 7900//7900 7904//7904 7903//7903
f 6828//6828 7161//7161 7896//7896
f 6828//6828 7896//7896 6968//6968
f 7161//7161 7162//7162 7897//7897
f 7161//7161 7897//7897 7896//7896
f 7162//7162 7163//7163 7898//7898
f 7162//7162 7898//7898 7897//7897
f 7163//7163 6857//6857 7203//7203
f 7163//7163 7203//7203 7898//7898
f 7898//7898 7203//7203 7204//7204
f 7898//7898 7204//7204 7901//7901
f 7901//7901 7204//7204 7205//7205
f 7901//7901 7205//7205 7904//7904
f 7904//7904 7205//7205 6865//6865
f 7904//7904 6865//6865 7206//7206
f 7903//7903 7904//7904 7206//7206
f 7903//7903 7206//7206 7207//7207
f 7902//7902 7903//7903 7207//7207
f 7902//7902 7207//7207 7208//7208
f 6966//6966 7902//7902 7208//7208
f 6966//6966 7208//7208 6861//6861
f 6967//6967 7899//7899 7902//7902
f 6967//6967 7902//7902 6966//6966
f 6968//6968 7896//7896 7899//7899
f 6968//6968 7899//7899 6967//6967
f 7905//7905 7906//7906 7909//7909
f 7905//7905 7909//7909 7908//7908
f 7906//7906 7907//7907 7910//7910
f 7906//7906 7910//7910 7909//7909
f 7908//7908 7909//7909 7912//7912
f 7908//7908 7912//7912 7911//7911
f 7909//7909 7910//7910 7913//7913
f 7909//7909 7913//7913 7912//7912
f 6857//6857 7098//7098 7905//7905
f 6857//6857 7905//7905 7203//7203
f 7098//7098 7099//7099 7906//7906
f 7098//7098 7906//7906 7905//7905
f 7099//7099 7100//7100 7907//7907
f 7099//7099 7907//7907 7906//7906
f 7100//7100 6847//6847 7121//7121
f 7100//7100 7121//7121 7907//7907
f 7907//7907 7121//7121 7120//7120
f 7907//7907 7120//7120 7910//7910
f 7910//7910 7120//7120 7119//7119
f 7910//7910 7119//7119 7913//7913
f 7913//7913 7119//7119 6864//6864
f 7913//7913 6864//6864 7209//7209
f 7912//7912 7913//7913 7209//7209
f 7912//7912 7209//7209 7210//7210
f 7911//7911 7912//7912 7210//7210
f 7911//7911 7210//7210 7211//7211
f 7205//7205 7911//7911 7211//7211
f 7205//7205 7211//7211 6865//6865
f 7204//7204 7908//7908 7911//7911
f 7204//7204 7911//7911 7205//7205
f 7203//7203 7905//7905 7908//7908
f 7203//7203 7908//7908 7204//7204
f 7914//7914 7915//7915 7918//7918
f 7914//7914 7918//7918 7917//7917
f 7915//7915 7916//7916 7919//7919
f 7915//7915 7919//7919 7918//7918
f 7917//7917 7918//7918 7921//7921
f 7917//7917 7921//7921 7920//7920
f 7918//7918 7919//7919 7922//7922
f 7918//7918 7922//7922 7921//7921
f 6847//6847 6969//6969 7914//7914
f 6847//6847 7914//7914 7121//7121
f 6969//6969 6970//6970 7915//7915
f 6969//6969 7915//7915 7914//7914
f 6970//6970 6971//6971 7916//7916
f 6970//6970 7916//7916 7915//7915
f 6971//6971 6829//6829 7197//7197
f 6971//6971 7197//7197 7916//7916
f 7916//7916 7197//7197 7198//7198
f 7916//7916 7198//7198 7919//7919
f 7919//7919 7198//7198 7199//7199
f 7919//7919 7199//7199 7922//7922
f 7922//7922 7199//7199 6863//6863
f 7922//7922 6863//6863 7212//7212
f 7921//7921 7922//7922 7212//7212
f 7921//7921 7212//7212 7213//7213
f 7920//7920 7921//7921 7213//7213
f 7920//7920 7213//7213 7214//7214
f 7119//7119 7920//7920 7214//7214
f 7119//7119 7214//7214 6864//6864
f 7120//7120 7917//7917 7920//7920
f 7120//7120 7920//7920 7119//7119
f 7121//7121 7914//7914 7917//7917
f 7121//7121 7917//7917 7120//7120
f 7923//7923 7924//7924 7927//7927
f 7923//7923 7927//7927 7926//7926
f 7924//7924 7925//7925 7928//7928
f 7924//7924 7928//7928 7927//7927
f 7926//7926 7927//7927 7930//7930
f 7926//7926 7930//7930 7929//7929
f 7927//7927 7928//7928 7931//7931
f 7927//7927 7931//7931 7930//7930
f 6820//6820 6987//6987 7923//7923
f 6820//6820 7923//7923 6941//6941
f 6987//6987 6988//6988 7924//7924
f 6987//6987 7924//7924 7923//7923
f 6988//6988 6989//6989 7925//7925
f 6988//6988 7925//7925 7924//7924
f 6989//6989 6828//6828 6968//6968
f 6989//6989 6968//6968 7925//7925
f 7925//7925 6968//6968 6967//6967
f 7925//7925 6967//6967 7928//7928
f 7928//7928 6967//6967 6966//6966
f 7928//7928 6966//6966 7931//7931
f 7931//7931 6966//6966 6861//6861
f 7931//7931 6861//6861 7215//7215
f 7930//7930 7931//7931 7215//7215
f 7930//7930 7215//7215 7216//7216
f 7929//7929 7930//7930 7216//7216
f 7929//7929 7216//7216 7217//7217
f 6939//6939 7929//7929 7217//7217
f 6939//6939 7217//7217 6860//6860
f 6940//6940 7926//7926 7929//7929
f 6940//6940 7929//7929 6939//6939
f 6941//6941 7923//7923 7926//7926
f 6941//6941 7926//7926 6940//6940
f 7932//7932 7933//7933 7936//7936
f 7932//7932 7936//7936 7935//7935
f 7933//7933 7934//7934 7937//7937
f 7933//7933 7937//7937 7936//7936
f 7935//7935 7936//7936 7939//7939
f 7935//7935 7939//7939 7938//7938
f 7936//7936 7937//7937 7940//7940
f 7936//7936 7940//7940 7939//7939
f 6837//6837 7050//7050 7932//7932
f 6837//6837 7932//7932 7043//7043
f 7050//7050 7051//7051 7933//7933
f 7050//7050 7933//7933 7932//7932
f 7051//7051 7052//7052 7934//7934
f 7051//7051 7934//7934 7933//7933
f 7052//7052 6839//6839 7049//7049
f 7052//7052 7049//7049 7934//7934
f 7934//7934 7049//7049 7048//7048
f 7934//7934 7048//7048 7937//7937
f 7937//7937 7048//7048 7047//7047
f 7937//7937 7047//7047 7940//7940
f 7940//7940 7047//7047 6863//6863
f 7940//7940 6863//6863 7218//7218
f 7939//7939 7940//7940 7218//7218
f 7939//7939 7218//7218 7219//7219
f 7938//7938 7939//7939 7219//7219
f 7938//7938 7219//7219 7220//7220
f 7041//7041 7938//7938 7220//7220
f 7041//7041 7220//7220 6862//6862
f 7042//7042 7935//7935 7938//7938
f 7042//7042 7938//7938 7041//7041
f 7043//7043 7932//7932 7935//7935
f 7043//7043 7935//7935 7042//7042
f 7941//7941 7942//7942 7945//7945
f 7941//7941 7945//7945 7944//7944
f 7942//7942 7943//7943 7946//7946
f 7942//7942 7946//7946 7945//7945
f 7944//7944 7945//7945 7948//7948
f 7944//7944 7948//7948 7947//7947
f 7945//7945 7946//7946 7949//7949
f 7945//7945 7949//7949 7948//7948
f 6889//6889 7086//7086 7941//7941
f 6889//6889 7941//7941 6980//6980
f 7086//7086 7087//7087 7942//7942
f 7086//7086 7942//7942 7941//7941
f 7087//7087 7088//7088 7943//7943
f 7087//7087 7943//7943 7942//7942
f 7088//7088 6906//6906 7248//7248
f 7088//7088 7248//7248 7943//7943
f 7943//7943 7248//7248 7249//7249
f 7943//7943 7249//7249 7946//7946
f 7946//7946 7249//7249 7250//7250
f 7946//7946 7250//7250 7949//7949
f 7949//7949 7250//7250 6869//6869
f 7949//7949 6869//6869 7224//7224
f 7948//7948 7949//7949 7224//7224
f 7948//7948 7224//7224 7225//7225
f 7947//7947 7948//7948 7225//7225
f 7947//7947 7225//7225 7226//7226
f 6978//6978 7947//7947 7226//7226
f 6978//6978 7226//7226 6872//6872
f 6979//6979 7944//7944 7947//7947
f 6979//6979 7947//7947 6978//6978
f 6980//6980 7941//7941 7944//7944
f 6980//6980 7944//7944 6979//6979
f 7950//7950 7951//7951 7954//7954
f 7950//7950 7954//7954 7953//7953
f 7951//7951 7952//7952 7955//7955
f 7951//7951 7955//7955 7954//7954
f 7953//7953 7954//7954 7957//7957
f 7953//7953 7957//7957 7956//7956
f 7954//7954 7955//7955 7958//7958
f 7954//7954 7958//7958 7957//7957
f 6911//6911 7152//7152 7950//7950
f 6911//6911 7950//7950 7127//7127
f 7152//7152 7153//7153 7951//7951
f 7152//7152 7951//7951 7950//7950
f 7153//7153 7154//7154 7952//7952
f 7153//7153 7952//7952 7951//7951
f 7154//7154 6918//6918 7236//7236
f 7154//7154 7236//7236 7952//7952
f 7952//7952 7236//7236 7237//7237
f 7952//7952 7237//7237 7955//7955
f 7955//7955 7237//7237 7238//7238
f 7955//7955 7238//7238 7958//7958
f 7958//7958 7238//7238 6866//6866
f 7958//7958 6866//6866 7227//7227
f 7957//7957 7958//7958 7227//7227
f 7957//7957 7227//7227 7228//7228
f 7956//7956 7957//7957 7228//7228
f 7956//7956 7228//7228 7229//7229
f 7125//7125 7956//7956 7229//7229
f 7125//7125 7229//7229 6868//6868
f 7126//7126 7953//7953 7956//7956
f 7126//7126 7956//7956 7125//7125
f 7127//7127 7950//7950 7953//7953
f 7127//7127 7953//7953 7126//7126
f 7959//7959 7960//7960 7963//7963
f 7959//7959 7963//7963 7962//7962
f 7960//7960 7961//7961 7964//7964
f 7960//7960 7964//7964 7963//7963
f 7962//7962 7963//7963 7966//7966
f 7962//7962 7966//7966 7965//7965
f 7963//7963 7964//7964 7967//7967
f 7963//7963 7967//7967 7966//7966
f 6887//6887 7107//7107 7959//7959
f 6887//6887 7959//7959 6977//6977
f 7107//7107 7108//7108 7960//7960
f 7107//7107 7960//7960 7959//7959
f 7108//7108 7109//7109 7961//7961
f 7108//7108 7961//7961 7960//7960
f 7109//7109 6911//6911 7127//7127
f 7109//7109 7127//7127 7961//7961
f 7961//7961 7127//7127 7126//7126
f 7961//7961 7126//7126 7964//7964
f 7964//7964 7126//7126 7125//7125
f 7964//7964 7125//7125 7967//7967
f 7967//7967 7125//7125 6868//6868
f 7967//7967 6868//6868 7257//7257
f 7966//7966 7967//7967 7257//7257
f 7966//7966 7257//7257 7258//7258
f 7965//7965 7966//7966 7258//7258
f 7965//7965 7258//7258 7259//7259
f 6975//6975 7965//7965 7259//7259
f 6975//6975 7259//7259 6873//6873
f 6976//6976 7962//7962 7965//7965
f 6976//6976 7965//7965 6975//6975
f 6977//6977 7959//7959 7962//7962
f 6977//6977 7962//7962 6976//6976
f 7968//7968 7969//7969 7972//7972
f 7968//7968 7972//7972 7971//7971
f 7969//7969 7970//7970 7973//7973
f 7969//7969 7973//7973 7972//7972
f 7971//7971 7972//7972 7975//7975
f 7971//7971 7975//7975 7974//7974
f 7972//7972 7973//7973 7976//7976
f 7972//7972 7976//7976 7975//7975
f 6853//6853 7148//7148 7968//7968
f 6853//6853 7968//7968 7142//7142
f 7148//7148 7147//7147 7969//7969
f 7148//7148 7969//7969 7968//7968
f 7147//7147 7146//7146 7970//7970
f 7147//7147 7970//7970 7969//7969
f 7146//7146 6867//6867 7230//7230
f 7146//7146 7230//7230 7970//7970
f 7970//7970 7230//7230 7231//7231
f 7970//7970 7231//7231 7973//7973
f 7973//7973 7231//7231 7232//7232
f 7973//7973 7232//7232 7976//7976
f 7976//7976 7232//7232 6870//6870
f 7976//7976 6870//6870 7247//7247
f 7975//7975 7976//7976 7247//7247
f 7975//7975 7247//7247 7246//7246
f 7974//7974 7975//7975 7246//7246
f 7974//7974 7246//7246 7245//7245
f 7140//7140 7974//7974 7245//7245
f 7140//7140 7245//7245 6835//6835
f 7141//7141 7971//7971 7974//7974
f 7141//7141 7974//7974 7140//7140
f 7142//7142 7968//7968 7971//7971
f 7142//7142 7971//7971 7141//7141
f 7977//7977 7978//7978 7981//7981
f 7977//7977 7981//7981 7980//7980
f 7978//7978 7979//7979 7982//7982
f 7978//7978 7982//7982 7981//7981
f 7980//7980 7981//7981 7984//7984
f 7980//7980 7984//7984 7983//7983
f 7981//7981 7982//7982 7985//7985
f 7981//7981 7985//7985 7984//7984
f 6831//6831 7251//7251 7977//7977
f 6831//6831 7977//7977 7037//7037
f 7251//7251 7252//7252 7978//7978
f 7251//7251 7978//7978 7977//7977
f 7252//7252 7253//7253 7979//7979
f 7252//7252 7979//7979 7978//7978
f 7253//7253 6871//6871 7254//7254
f 7253//7253 7254//7254 7979//7979
f 7979//7979 7254//7254 7255//7255
f 7979//7979 7255//7255 7982//7982
f 7982//7982 7255//7255 7256//7256
f 7982//7982 7256//7256 7985//7985
f 7985//7985 7256//7256 6867//6867
f 7985//7985 6867//6867 7146//7146
f 7984//7984 7985//7985 7146//7146
f 7984//7984 7146//7146 7147//7147
f 7983//7983 7984//7984 7147//7147
f 7983//7983 7147//7147 7148//7148
f 7035//7035 7983//7983 7148//7148
f 7035//7035 7148//7148 6853//6853
f 7036//7036 7980//7980 7983//7983
f 7036//7036 7983//7983 7035//7035
f 7037//7037 7977//7977 7980//7980
f 7037//7037 7980//7980 7036//7036
f 7986//7986 7987//7987 7990//7990
f 7986//7986 7990//7990 7989//7989
f 7987//7987 7988//7988 7991//7991
f 7987//7987 7991//7991 7990//7990
f 7989//7989 7990//7990 7993//7993
f 7989//7989 7993//7993 7992//7992
f 7990//7990 7991//7991 7994//7994
f 7990//7990 7994//7994 7993//7993
f 6906//6906 7005//7005 7986//7986
f 6906//6906 7986//7986 7248//7248
f 7005//7005 7006//7006 7987//7987
f 7005//7005 7987//7987 7986//7986
f 7006//7006 7007//7007 7988//7988
f 7006//7006 7988//7988 7987//7987
f 7007//7007 6890//6890 7004//7004
f 7007//7007 7004//7004 7988//7988
f 7988//7988 7004//7004 7003//7003
f 7988//7988 7003//7003 7991//7991
f 7991//7991 7003//7003 7002//7002
f 7991//7991 7002//7002 7994//7994
f 7994//7994 7002//7002 6871//6871
f 7994//7994 6871//6871 7269//7269
f 7993//7993 7994//7994 7269//7269
f 7993//7993 7269//7269 7270//7270
f 7992//7992 7993//7993 7270//7270
f 7992//7992 7270//7270 7271//7271
f 7250//7250 7992//7992 7271//7271
f 7250//7250 7271//7271 6869//6869
f 7249//7249 7989//7989 7992//7992
f 7249//7249 7992//7992 7250//7250
f 7248//7248 7986//7986 7989//7989
f 7248//7248 7989//7989 7249//7249
f 7995//7995 7996//7996 7999//7999
f 7995//7995 7999//7999 7998//7998
f 7996//7996 7997//7997 8000//8000
f 7996//7996 8000//8000 7999//7999
f 7998//7998 7999//7999 8002//8002
f 7998//7998 8002//8002 8001//8001
f 7999//7999 8000//8000 8003//8003
f 7999//7999 8003//8003 8002//8002
f 6878//6878 6996//6996 7995//7995
f 6878//6878 7995//7995 6947//6947
f 6996//6996 6997//6997 7996//7996
f 6996//6996 7996//7996 7995//7995
f 6997//6997 6998//6998 7997//7997
f 6997//6997 7997//7997 7996//7996
f 6998//6998 6887//6887 6977//6977
f 6998//6998 6977//6977 7997//7997
f 7997//7997 6977//6977 6976//6976
f 7997//7997 6976//6976 8000//8000
f 8000//8000 6976//6976 6975//6975
f 8000//8000 6975//6975 8003//8003
f 8003//8003 6975//6975 6873//6873
f 8003//8003 6873//6873 7266//7266
f 8002//8002 8003//8003 7266//7266
f 8002//8002 7266//7266 7267//7267
f 8001//8001 8002//8002 7267//7267
f 8001//8001 7267//7267 7268//7268
f 6945//6945 8001//8001 7268//7268
f 6945//6945 7268//7268 6874//6874
f 6946//6946 7998//7998 8001//8001
f 6946//6946 8001//8001 6945//6945
f 6947//6947 7995//7995 7998//7998
f 6947//6947 7998//7998 6946//6946
f 8004//8004 8005//8005 8008//8008
f 8004//8004 8008//8008 8007//8007
f 8005//8005 8006//8006 8009//8009
f 8005//8005 8009//8009 8008//8008
f 8007//8007 8008//8008 8011//8011
f 8007//8007 8011//8011 8010//8010
f 8008//8008 8009//8009 8012//8012
f 8008//8008 8012//8012 8011//8011
f 6918//6918 7020//7020 8004//8004
f 6918//6918 8004//8004 7236//7236
f 7020//7020 7021//7021 8005//8005
f 7020//7020 8005//8005 8004//8004
f 7021//7021 7022//7022 8006//8006
f 7021//7021 8006//8006 8005//8005
f 7022//7022 6889//6889 6980//6980
f 7022//7022 6980//6980 8006//8006
f 8006//8006 6980//6980 6979//6979
f 8006//8006 6979//6979 8009//8009
f 8009//8009 6979//6979 6978//6978
f 8009//8009 6978//6978 8012//8012
f 8012//8012 6978//6978 6872//6872
f 8012//8012 6872//6872 7221//7221
f 8011//8011 8012//8012 7221//7221
f 8011//8011 7221//7221 7222//7222
f 8010//8010 8011//8011 7222//7222
f 8010//8010 7222//7222 7223//7223
f 7238//7238 8010//8010 7223//7223
f 7238//7238 7223//7223 6866//6866
f 7237//7237 8007//8007 8010//8010
f 7237//7237 8010//8010 7238//7238
f 7236//7236 8004//8004 8007//8007
f 7236//7236 8007//8007 7237//7237
f 8013//8013 8014//8014 8017//8017
f 8013//8013 8017//8017 8016//8016
f 8014//8014 8015//8015 8018//8018
f 8014//8014 8018//8018 8017//8017
f 8016//8016 8017//8017 8020//8020
f 8016//8016 8020//8020 8019//8019
f 8017//8017 8018//8018 8021//8021
f 8017//8017 8021//8021 8020//8020
f 6933//6933 7410//7410 8013//8013
f 6933//6933 8013//8013 7580//7580
f 7410//7410 7411//7411 8014//8014
f 7410//7410 8014//8014 8013//8013
f 7411//7411 7412//7412 8015//8015
f 7411//7411 8015//8015 8014//8014
f 7412//7412 6905//6905 7329//7329
f 7412//7412 7329//7329 8015//8015
f 8015//8015 7329//7329 7330//7330
f 8015//8015 7330//7330 8018//8018
f 8018//8018 7330//7330 7331//7331
f 8018//8018 7331//7331 8021//8021
f 8021//8021 7331//7331 6888//6888
f 8021//8021 6888//6888 7560//7560
f 8020//8020 8021//8021 7560//7560
f 8020//8020 7560//7560 7561//7561
f 8019//8019 8020//8020 7561//7561
f 8019//8019 7561//7561 7562//7562
f 7578//7578 8019//8019 7562//7562
f 7578//7578 7562//7562 6935//6935
f 7579//7579 8016//8016 8019//8019
f 7579//7579 8019//8019 7578//7578
f 7580//7580 8013//8013 8016//8016
f 7580//7580 8016//8016 7579//7579
f 8022//8022 8023//8023 8026//8026
f 8022//8022 8026//8026 8025//8025
f 8023//8023 8024//8024 8027//8027
f 8023//8023 8027//8027 8026//8026
f 8025//8025 8026//8026 8029//8029
f 8025//8025 8029//8029 8028//8028
f 8026//8026 8027//8027 8030//8030
f 8026//8026 8030//8030 8029//8029
f 6912//6912 7448//7448 8022//8022
f 6912//6912 8022//8022 7377//7377
f 7448//7448 7447//7447 8023//8023
f 7448//7448 8023//8023 8022//8022
f 7447//7447 7446//7446 8024//8024
f 7447//7447 8024//8024 8023//8023
f 7446//7446 6909//6909 7314//7314
f 7446//7446 7314//7314 8024//8024
f 8024//8024 7314//7314 7315//7315
f 8024//8024 7315//7315 8027//8027
f 8027//8027 7315//7315 7316//7316
f 8027//8027 7316//7316 8030//8030
f 8030//8030 7316//7316 6886//6886
f 8030//8030 6886//6886 7307//7307
f 8029//8029 8030//8030 7307//7307
f 8029//8029 7307//7307 7306//7306
f 8028//8028 8029//8029 7306//7306
f 8028//8028 7306//7306 7305//7305
f 7379//7379 8028//8028 7305//7305
f 7379//7379 7305//7305 6899//6899
f 7378//7378 8025//8025 8028//8028
f 7378//7378 8028//8028 7379//7379
f 7377//7377 8022//8022 8025//8025
f 7377//7377 8025//8025 7378//7378
f 8031//8031 8032//8032 8035//8035
f 8031//8031 8035//8035 8034//8034
f 8032//8032 8033//8033 8036//8036
f 8032//8032 8036//8036 8035//8035
f 8034//8034 8035//8035 8038//8038
f 8034//8034 8038//8038 8037//8037
f 8035//8035 8036//8036 8039//8039
f 8035//8035 8039//8039 8038//8038
f 6896//6896 7361//7361 8031//8031
f 6896//6896 8031//8031 7374//7374
f 7361//7361 7360//7360 8032//8032
f 7361//7361 8032//8032 8031//8031
f 7360//7360 7359//7359 8033//8033
f 7360//7360 8033//8033 8032//8032
f 7359//7359 6877//6877 7317//7317
f 7359//7359 7317//7317 8033//8033
f 8033//8033 7317//7317 7318//7318
f 8033//8033 7318//7318 8036//8036
f 8036//8036 7318//7318 7319//7319
f 8036//8036 7319//7319 8039//8039
f 8039//8039 7319//7319 6883//6883
f 8039//8039 6883//6883 7365//7365
f 8038//8038 8039//8039 7365//7365
f 8038//8038 7365//7365 7366//7366
f 8037//8037 8038//8038 7366//7366
f 8037//8037 7366//7366 7367//7367
f 7376//7376 8037//8037 7367//7367
f 7376//7376 7367//7367 6898//6898
f 7375//7375 8034//8034 8037//8037
f 7375//7375 8037//8037 7376//7376
f 7374//7374 8031//8031 8034//8034
f 7374//7374 8034//8034 7375//7375
f 8040//8040 8041//8041 8044//8044
f 8040//8040 8044//8044 8043//8043
f 8041//8041 8042//8042 8045//8045
f 8041//8041 8045//8045 8044//8044
f 8043//8043 8044//8044 8047//8047
f 8043//8043 8047//8047 8046//8046
f 8044//8044 8045//8045 8048//8048
f 8044//8044 8048//8048 8047//8047
f 6920//6920 7469//7469 8040//8040
f 6920//6920 8040//8040 7496//7496
f 7469//7469 7468//7468 8041//8041
f 7469//7469 8041//8041 8040//8040
f 7468//7468 7467//7467 8042//8042
f 7468//7468 8042//8042 8041//8041
f 7467//7467 6875//6875 7320//7320
f 7467//7467 7320//7320 8042//8042
f 8042//8042 7320//7320 7321//7321
f 8042//8042 7321//7321 8045//8045
f 8045//8045 7321//7321 7322//7322
f 8045//8045 7322//7322 8048//8048
f 8048//8048 7322//7322 6884//6884
f 8048//8048 6884//6884 7470//7470
f 8047//8047 8048//8048 7470//7470
f 8047//8047 7470//7470 7471//7471
f 8046//8046 8047//8047 7471//7471
f 8046//8046 7471//7471 7472//7472
f 7494//7494 8046//8046 7472//7472
f 7494//7494 7472//7472 6921//6921
f 7495//7495 8043//8043 8046//8046
f 7495//7495 8046//8046 7494//7494
f 7496//7496 8040//8040 8043//8043
f 7496//7496 8043//8043 7495//7495
f 8049//8049 8050//8050 8053//8053
f 8049//8049 8053//8053 8052//8052
f 8050//8050 8051//8051 8054//8054
f 8050//8050 8054//8054 8053//8053
f 8052//8052 8053//8053 8056//8056
f 8052//8052 8056//8056 8055//8055
f 8053//8053 8054//8054 8057//8057
f 8053//8053 8057//8057 8056//8056
f 6926//6926 7505//7505 8049//8049
f 6926//6926 8049//8049 7529//7529
f 7505//7505 7504//7504 8050//8050
f 7505//7505 8050//8050 8049//8049
f 7504//7504 7503//7503 8051//8051
f 7504//7504 8051//8051 8050//8050
f 7503//7503 6876//6876 7323//7323
f 7503//7503 7323//7323 8051//8051
f 8051//8051 7323//7323 7324//7324
f 8051//8051 7324//7324 8054//8054
f 8054//8054 7324//7324 7325//7325
f 8054//8054 7325//7325 8057//8057
f 8057//8057 7325//7325 6885//6885
f 8057//8057 6885//6885 7506//7506
f 8056//8056 8057//8057 7506//7506
f 8056//8056 7506//7506 7507//7507
f 8055//8055 8056//8056 7507//7507
f 8055//8055 7507//7507 7508//7508
f 7527//7527 8055//8055 7508//7508
f 7527//7527 7508//7508 6927//6927
f 7528//7528 8052//8052 8055//8055
f 7528//7528 8055//8055 7527//7527
f 7529//7529 8049//8049 8052//8052
f 7529//7529 8052//8052 7528//7528
f 8058//8058 8059//8059 8062//8062
f 8058//8058 8062//8062 8061//8061
f 8059//8059 8060//8060 8063//8063
f 8059//8059 8063//8063 8062//8062
f 8061//8061 8062//8062 8065//8065
f 8061//8061 8065//8065 8064//8064
f 8062//8062 8063//8063 8066//8066
f 8062//8062 8066//8066 8065//8065
f 6902//6902 7388//7388 8058//8058
f 6902//6902 8058//8058 7398//7398
f 7388//7388 7387//7387 8059//8059
f 7388//7388 8059//8059 8058//8058
f 7387//7387 7386//7386 8060//8060
f 7387//7387 8060//8060 8059//8059
f 7386//7386 6881//6881 7326//7326
f 7386//7386 7326//7326 8060//8060
f 8060//8060 7326//7326 7327//7327
f 8060//8060 7327//7327 8063//8063
f 8063//8063 7327//7327 7328//7328
f 8063//8063 7328//7328 8066//8066
f 8066//8066 7328//7328 6886//6886
f 8066//8066 6886//6886 7389//7389
f 8065//8065 8066//8066 7389//7389
f 8065//8065 7389//7389 7390//7390
f 8064//8064 8065//8065 7390//7390
f 8064//8064 7390//7390 7391//7391
f 7400//7400 8064//8064 7391//7391
f 7400//7400 7391//7391 6903//6903
f 7399//7399 8061//8061 8064//8064
f 7399//7399 8064//8064 7400//7400
f 7398//7398 8058//8058 8061//8061
f 7398//7398 8061//8061 7399//7399
f 8067//8067 8068//8068 8071//8071
f 8067//8067 8071//8071 8070//8070
f 8068//8068 8069//8069 8072//8072
f 8068//8068 8072//8072 8071//8071
f 8070//8070 8071//8071 8074//8074
f 8070//8070 8074//8074 8073//8073
f 8071//8071 8072//8072 8075//8075
f 8071//8071 8075//8075 8074//8074
f 6900//6900 7382//7382 8067//8067
f 6900//6900 8067//8067 7395//7395
f 7382//7382 7381//7381 8068//8068
f 7382//7382 8068//8068 8067//8067
f 7381//7381 7380//7380 8069//8069
f 7381//7381 8069//8069 8068//8068
f 7380//7380 6879//6879 7293//7293
f 7380//7380 7293//7293 8069//8069
f 8069//8069 7293//7293 7294//7294
f 8069//8069 7294//7294 8072//8072
f 8072//8072 7294//7294 7295//7295
f 8072//8072 7295//7295 8075//8075
f 8075//8075 7295//7295 6882//6882
f 8075//8075 6882//6882 7383//7383
f 8074//8074 8075//8075 7383//7383
f 8074//8074 7383//7383 7384//7384
f 8073//8073 8074//8074 7384//7384
f 8073//8073 7384//7384 7385//7385
f 7397//7397 8073//8073 7385//7385
f 7397//7397 7385//7385 6901//6901
f 7396//7396 8070//8070 8073//8073
f 7396//7396 8073//8073 7397//7397
f 7395//7395 8067//8067 8070//8070
f 7395//7395 8070//8070 7396//7396
f 8076//8076 8077//8077 8080//8080
f 8076//8076 8080//8080 8079//8079
f 8077//8077 8078//8078 8081//8081
f 8077//8077 8081//8081 8080//8080
f 8079//8079 8080//8080 8083//8083
f 8079//8079 8083//8083 8082//8082
f 8080//8080 8081//8081 8084//8084
f 8080//8080 8084//8084 8083//8083
f 6938//6938 7574//7574 8076//8076
f 6938//6938 8076//8076 7577//7577
f 7574//7574 7573//7573 8077//8077
f 7574//7574 8077//8077 8076//8076
f 7573//7573 7572//7572 8078//8078
f 7573//7573 8078//8078 8077//8077
f 7572//7572 6891//6891 7341//7341
f 7572//7572 7341//7341 8078//8078
f 8078//8078 7341//7341 7342//7342
f 8078//8078 7342//7342 8081//8081
f 8081//8081 7342//7342 7343//7343
f 8081//8081 7343//7343 8084//8084
f 8084//8084 7343//7343 6892//6892
f 8084//8084 6892//6892 7569//7569
f 8083//8083 8084//8084 7569//7569
f 8083//8083 7569//7569 7570//7570
f 8082//8082 8083//8083 7570//7570
f 8082//8082 7570//7570 7571//7571
f 7575//7575 8082//8082 7571//7571
f 7575//7575 7571//7571 6937//6937
f 7576//7576 8079//8079 8082//8082
f 7576//7576 8082//8082 7575//7575
f 7577//7577 8076//8076 8079//8079
f 7577//7577 8079//8079 7576//7576
f 8085//8085 8086//8086 8089//8089
f 8085//8085 8089//8089 8088//8088
f 8086//8086 8087//8087 8090//8090
f 8086//8086 8090//8090 8089//8089
f 8088//8088 8089//8089 8092//8092
f 8088//8088 8092//8092 8091//8091
f 8089//8089 8090//8090 8093//8093
f 8089//8089 8093//8093 8092//8092
f 6930//6930 7491//7491 8085//8085
f 6930//6930 8085//8085 7532//7532
f 7491//7491 7492//7492 8086//8086
f 7491//7491 8086//8086 8085//8085
f 7492//7492 7493//7493 8087//8087
f 7492//7492 8087//8087 8086//8086
f 7493//7493 6917//6917 7344//7344
f 7493//7493 7344//7344 8087//8087
f 8087//8087 7344//7344 7345//7345
f 8087//8087 7345//7345 8090//8090
f 8090//8090 7345//7345 7346//7346
f 8090//8090 7346//7346 8093//8093
f 8093//8093 7346//7346 6882//6882
f 8093//8093 6882//6882 7551//7551
f 8092//8092 8093//8093 7551//7551
f 8092//8092 7551//7551 7552//7552
f 8091//8091 8092//8092 7552//7552
f 8091//8091 7552//7552 7553//7553
f 7530//7530 8091//8091 7553//7553
f 7530//7530 7553//7553 6936//6936
f 7531//7531 8088//8088 8091//8091
f 7531//7531 8091//8091 7530//7530
f 7532//7532 8085//8085 8088//8088
f 7532//7532 8088//8088 7531//7531
f 8094//8094 8095//8095 8098//8098
f 8094//8094 8098//8098 8097//8097
f 8095//8095 8096//8096 8099//8099
f 8095//8095 8099//8099 8098//8098
f 8097//8097 8098//8098 8101//8101
f 8097//8097 8101//8101 8100//8100
f 8098//8098 8099//8099 8102//8102
f 8098//8098 8102//8102 8101//8101
f 6913//6913 7430//7430 8094//8094
f 6913//6913 8094//8094 7437//7437
f 7430//7430 7429//7429 8095//8095
f 7430//7430 8095//8095 8094//8094
f 7429//7429 7428//7428 8096//8096
f 7429//7429 8096//8096 8095//8095
f 7428//7428 6903//6903 7391//7391
f 7428//7428 7391//7391 8096//8096
f 8096//8096 7391//7391 7390//7390
f 8096//8096 7390//7390 8099//8099
f 8099//8099 7390//7390 7389//7389
f 8099//8099 7389//7389 8102//8102
f 8102//8102 7389//7389 6886//6886
f 8102//8102 6886//6886 7316//7316
f 8101//8101 8102//8102 7316//7316
f 8101//8101 7316//7316 7315//7315
f 8100//8100 8101//8101 7315//7315
f 8100//8100 7315//7315 7314//7314
f 7439//7439 8100//8100 7314//7314
f 7439//7439 7314//7314 6909//6909
f 7438//7438 8097//8097 8100//8100
f 7438//7438 8100//8100 7439//7439
f 7437//7437 8094//8094 8097//8097
f 7437//7437 8097//8097 7438//7438
f 8103//8103 8104//8104 8107//8107
f 8103//8103 8107//8107 8106//8106
f 8104//8104 8105//8105 8108//8108
f 8104//8104 8108//8108 8107//8107
f 8106//8106 8107//8107 8110//8110
f 8106//8106 8110//8110 8109//8109
f 8107//8107 8108//8108 8111//8111
f 8107//8107 8111//8111 8110//8110
f 6904//6904 7409//7409 8103//8103
f 6904//6904 8103//8103 7284//7284
f 7409//7409 7408//7408 8104//8104
f 7409//7409 8104//8104 8103//8103
f 7408//7408 7407//7407 8105//8105
f 7408//7408 8105//8105 8104//8104
f 7407//7407 6905//6905 7406//7406
f 7407//7407 7406//7406 8105//8105
f 8105//8105 7406//7406 7405//7405
f 8105//8105 7405//7405 8108//8108
f 8108//8108 7405//7405 7404//7404
f 8108//8108 7404//7404 8111//8111
f 8111//8111 7404//7404 6882//6882
f 8111//8111 6882//6882 7295//7295
f 8110//8110 8111//8111 7295//7295
f 8110//8110 7295//7295 7294//7294
f 8109//8109 8110//8110 7294//7294
f 8109//8109 7294//7294 7293//7293
f 7286//7286 8109//8109 7293//7293
f 7286//7286 7293//7293 6879//6879
f 7285//7285 8106//8106 8109//8109
f 7285//7285 8109//8109 7286//7286
f 7284//7284 8103//8103 8106//8106
f 7284//7284 8106//8106 7285//7285
f 8112//8112 8113//8113 8116//8116
f 8112//8112 8116//8116 8115//8115
f 8113//8113 8114//8114 8117//8117
f 8113//8113 8117//8117 8116//8116
f 8115//8115 8116//8116 8119//8119
f 8115//8115 8119//8119 8118//8118
f 8116//8116 8117//8117 8120//8120
f 8116//8116 8120//8120 8119//8119
f 6931//6931 7539//7539 8112//8112
f 6931//6931 8112//8112 7544//7544
f 7539//7539 7540//7540 8113//8113
f 7539//7539 8113//8113 8112//8112
f 7540//7540 7541//7541 8114//8114
f 7540//7540 8114//8114 8113//8113
f 7541//7541 6934//6934 7353//7353
f 7541//7541 7353//7353 8114//8114
f 8114//8114 7353//7353 7354//7354
f 8114//8114 7354//7354 8117//8117
f 8117//8117 7354//7354 7355//7355
f 8117//8117 7355//7355 8120//8120
f 8120//8120 7355//7355 6895//6895
f 8120//8120 6895//6895 7034//7034
f 8119//8119 8120//8120 7034//7034
f 8119//8119 7034//7034 7033//7033
f 8118//8118 8119//8119 7033//7033
f 8118//8118 7033//7033 7032//7032
f 7542//7542 8118//8118 7032//7032
f 7542//7542 7032//7032 6915//6915
f 7543//7543 8115//8115 8118//8118
f 7543//7543 8118//8118 7542//7542
f 7544//7544 8112//8112 8115//8115
f 7544//7544 8115//8115 7543//7543
f 8121//8121 8122//8122 8125//8125
f 8121//8121 8125//8125 8124//8124
f 8122//8122 8123//8123 8126//8126
f 8122//8122 8126//8126 8125//8125
f 8124//8124 8125//8125 8128//8128
f 8124//8124 8128//8128 8127//8127
f 8125//8125 8126//8126 8129//8129
f 8125//8125 8129//8129 8128//8128
f 6916//6916 7356//7356 8121//8121
f 6916//6916 8121//8121 7455//7455
f 7356//7356 7357//7357 8122//8122
f 7356//7356 8122//8122 8121//8121
f 7357//7357 7358//7358 8123//8123
f 7357//7357 8123//8123 8122//8122
f 7358//7358 6888//6888 7352//7352
f 7358//7358 7352//7352 8123//8123
f 8123//8123 7352//7352 7351//7351
f 8123//8123 7351//7351 8126//8126
f 8126//8126 7351//7351 7350//7350
f 8126//8126 7350//7350 8129//8129
f 8129//8129 7350//7350 6893//6893
f 8129//8129 6893//6893 7349//7349
f 8128//8128 8129//8129 7349//7349
f 8128//8128 7349//7349 7348//7348
f 8127//8127 8128//8128 7348//7348
f 8127//8127 7348//7348 7347//7347
f 7457//7457 8127//8127 7347//7347
f 7457//7457 7347//7347 6914//6914
f 7456//7456 8124//8124 8127//8127
f 7456//7456 8127//8127 7457//7457
f 7455//7455 8121//8121 8124//8124
f 7455//7455 8124//8124 7456//7456
f 8130//8130 8131//8131 8134//8134
f 8130//8130 8134//8134 8133//8133
f 8131//8131 8132//8132 8135//8135
f 8131//8131 8135//8135 8134//8134
f 8133//8133 8134//8134 8137//8137
f 8133//8133 8137//8137 8136//8136
f 8134//8134 8135//8135 8138//8138
f 8134//8134 8138//8138 8137//8137
f 6881//6881 7292//7292 8130//8130
f 6881//6881 8130//8130 7326//7326
f 7292//7292 7291//7291 8131//8131
f 7292//7292 8131//8131 8130//8130
f 7291//7291 7290//7290 8132//8132
f 7291//7291 8132//8132 8131//8131
f 7290//7290 6897//6897 7371//7371
f 7290//7290 7371//7371 8132//8132
f 8132//8132 7371//7371 7372//7372
f 8132//8132 7372//7372 8135//8135
f 8135//8135 7372//7372 7373//7373
f 8135//8135 7373//7373 8138//8138
f 8138//8138 7373//7373 6899//6899
f 8138//8138 6899//6899 7305//7305
f 8137//8137 8138//8138 7305//7305
f 8137//8137 7305//7305 7306//7306
f 8136//8136 8137//8137 7306//7306
f 8136//8136 7306//7306 7307//7307
f 7328//7328 8136//8136 7307//7307
f 7328//7328 7307//7307 6886//6886
f 7327//7327 8133//8133 8136//8136
f 7327//7327 8136//8136 7328//7328
f 7326//7326 8130//8130 8133//8133
f 7326//7326 8133//8133 7327//7327
f 8139//8139 8140//8140 8143//8143
f 8139//8139 8143//8143 8142//8142
f 8140//8140 8141//8141 8144//8144
f 8140//8140 8144//8144 8143//8143
f 8142//8142 8143//8143 8146//8146
f 8142//8142 8146//8146 8145//8145
f 8143//8143 8144//8144 8147//8147
f 8143//8143 8147//8147 8146//8146
f 6924//6924 7499//7499 8139//8139
f 6924//6924 8139//8139 7526//7526
f 7499//7499 7498//7498 8140//8140
f 7499//7499 8140//8140 8139//8139
f 7498//7498 7497//7497 8141//8141
f 7498//7498 8141//8141 8140//8140
f 7497//7497 6896//6896 7374//7374
f 7497//7497 7374//7374 8141//8141
f 8141//8141 7374//7374 7375//7375
f 8141//8141 7375//7375 8144//8144
f 8144//8144 7375//7375 7376//7376
f 8144//8144 7376//7376 8147//8147
f 8147//8147 7376//7376 6898//6898
f 8147//8147 6898//6898 7500//7500
f 8146//8146 8147//8147 7500//7500
f 8146//8146 7500//7500 7501//7501
f 8145//8145 8146//8146 7501//7501
f 8145//8145 7501//7501 7502//7502
f 7524//7524 8145//8145 7502//7502
f 7524//7524 7502//7502 6925//6925
f 7525//7525 8142//8142 8145//8145
f 7525//7525 8145//8145 7524//7524
f 7526//7526 8139//8139 8142//8142
f 7526//7526 8142//8142 7525//7525
f 8148//8148 8149//8149 8152//8152
f 8148//8148 8152//8152 8151//8151
f 8149//8149 8150//8150 8153//8153
f 8149//8149 8153//8153 8152//8152
f 8151//8151 8152//8152 8155//8155
f 8151//8151 8155//8155 8154//8154
f 8152//8152 8153//8153 8156//8156
f 8152//8152 8156//8156 8155//8155
f 6928//6928 7511//7511 8148//8148
f 6928//6928 8148//8148 7523//7523
f 7511//7511 7510//7510 8149//8149
f 7511//7511 8149//8149 8148//8148
f 7510//7510 7509//7509 8150//8150
f 7510//7510 8150//8150 8149//8149
f 7509//7509 6912//6912 7377//7377
f 7509//7509 7377//7377 8150//8150
f 8150//8150 7377//7377 7378//7378
f 8150//8150 7378//7378 8153//8153
f 8153//8153 7378//7378 7379//7379
f 8153//8153 7379//7379 8156//8156
f 8156//8156 7379//7379 6899//6899
f 8156//8156 6899//6899 7370//7370
f 8155//8155 8156//8156 7370//7370
f 8155//8155 7370//7370 7369//7369
f 8154//8154 8155//8155 7369//7369
f 8154//8154 7369//7369 7368//7368
f 7521//7521 8154//8154 7368//7368
f 7521//7521 7368//7368 6927//6927
f 7522//7522 8151//8151 8154//8154
f 7522//7522 8154//8154 7521//7521
f 7523//7523 8148//8148 8151//8151
f 7523//7523 8151//8151 7522//7522
f 8157//8157 8158//8158 8161//8161
f 8157//8157 8161//8161 8160//8160
f 8158//8158 8159//8159 8162//8162
f 8158//8158 8162//8162 8161//8161
f 8160//8160 8161//8161 8164//8164
f 8160//8160 8164//8164 8163//8163
f 8161//8161 8162//8162 8165//8165
f 8161//8161 8165//8165 8164//8164
f 6910//6910 7424//7424 8157//8157
f 6910//6910 8157//8157 7431//7431
f 7424//7424 7423//7423 8158//8158
f 7424//7424 8158//8158 8157//8157
f 7423//7423 7422//7422 8159//8159
f 7423//7423 8159//8159 8158//8158
f 7422//7422 6892//6892 7340//7340
f 7422//7422 7340//7340 8159//8159
f 8159//8159 7340//7340 7339//7339
f 8159//8159 7339//7339 8162//8162
f 8162//8162 7339//7339 7338//7338
f 8162//8162 7338//7338 8165//8165
f 8165//8165 7338//7338 6903//6903
f 8165//8165 6903//6903 7428//7428
f 8164//8164 8165//8165 7428//7428
f 8164//8164 7428//7428 7429//7429
f 8163//8163 8164//8164 7429//7429
f 8163//8163 7429//7429 7430//7430
f 7433//7433 8163//8163 7430//7430
f 7433//7433 7430//7430 6913//6913
f 7432//7432 8160//8160 8163//8163
f 7432//7432 8163//8163 7433//7433
f 7431//7431 8157//8157 8160//8160
f 7431//7431 8160//8160 7432//7432
f 8166//8166 8167//8167 8170//8170
f 8166//8166 8170//8170 8169//8169
f 8167//8167 8168//8168 8171//8171
f 8167//8167 8171//8171 8170//8170
f 8169//8169 8170//8170 8173//8173
f 8169//8169 8173//8173 8172//8172
f 8170//8170 8171//8171 8174//8174
f 8170//8170 8174//8174 8173//8173
f 6877//6877 7283//7283 8166//8166
f 6877//6877 8166//8166 7317//7317
f 7283//7283 7282//7282 8167//8167
f 7283//7283 8167//8167 8166//8166
f 7282//7282 7281//7281 8168//8168
f 7282//7282 8168//8168 8167//8167
f 7281//7281 6900//6900 7395//7395
f 7281//7281 7395//7395 8168//8168
f 8168//8168 7395//7395 7396//7396
f 8168//8168 7396//7396 8171//8171
f 8171//8171 7396//7396 7397//7397
f 8171//8171 7397//7397 8174//8174
f 8174//8174 7397//7397 6901//6901
f 8174//8174 6901//6901 7296//7296
f 8173//8173 8174//8174 7296//7296
f 8173//8173 7296//7296 7297//7297
f 8172//8172 8173//8173 7297//7297
f 8172//8172 7297//7297 7298//7298
f 7319//7319 8172//8172 7298//7298
f 7319//7319 7298//7298 6883//6883
f 7318//7318 8169//8169 8172//8172
f 7318//7318 8172//8172 7319//7319
f 7317//7317 8166//8166 8169//8169
f 7317//7317 8169//8169 7318//7318
f 8175//8175 8176//8176 8179//8179
f 8175//8175 8179//8179 8178//8178
f 8176//8176 8177//8177 8180//8180
f 8176//8176 8180//8180 8179//8179
f 8178//8178 8179//8179 8182//8182
f 8178//8178 8182//8182 8181//8181
f 8179//8179 8180//8180 8183//8183
f 8179//8179 8183//8183 8182//8182
f 6891//6891 7337//7337 8175//8175
f 6891//6891 8175//8175 7341//7341
f 7337//7337 7336//7336 8176//8176
f 7337//7337 8176//8176 8175//8175
f 7336//7336 7335//7335 8177//8177
f 7336//7336 8177//8177 8176//8176
f 7335//7335 6902//6902 7398//7398
f 7335//7335 7398//7398 8177//8177
f 8177//8177 7398//7398 7399//7399
f 8177//8177 7399//7399 8180//8180
f 8180//8180 7399//7399 7400//7400
f 8180//8180 7400//7400 8183//8183
f 8183//8183 7400//7400 6903//6903
f 8183//8183 6903//6903 7338//7338
f 8182//8182 8183//8183 7338//7338
f 8182//8182 7338//7338 7339//7339
f 8181//8181 8182//8182 7339//7339
f 8181//8181 7339//7339 7340//7340
f 7343//7343 8181//8181 7340//7340
f 7343//7343 7340//7340 6892//6892
f 7342//7342 8178//8178 8181//8181
f 7342//7342 8181//8181 7343//7343
f 7341//7341 8175//8175 8178//8178
f 7341//7341 8178//8178 7342//7342
f 8184//8184 8185//8185 8188//8188
f 8184//8184 8188//8188 8187//8187
f 8185//8185 8186//8186 8189//8189
f 8185//8185 8189//8189 8188//8188
f 8187//8187 8188//8188 8191//8191
f 8187//8187 8191//8191 8190//8190
f 8188//8188 8189//8189 8192//8192
f 8188//8188 8192//8192 8191//8191
f 6893//6893 7350//7350 8184//8184
f 6893//6893 8184//8184 7401//7401
f 7350//7350 7351//7351 8185//8185
f 7350//7350 8185//8185 8184//8184
f 7351//7351 7352//7352 8186//8186
f 7351//7351 8186//8186 8185//8185
f 7352//7352 6888//6888 7331//7331
f 7352//7352 7331//7331 8186//8186
f 8186//8186 7331//7331 7330//7330
f 8186//8186 7330//7330 8189//8189
f 8189//8189 7330//7330 7329//7329
f 8189//8189 7329//7329 8192//8192
f 8192//8192 7329//7329 6905//6905
f 8192//8192 6905//6905 7407//7407
f 8191//8191 8192//8192 7407//7407
f 8191//8191 7407//7407 7408//7408
f 8190//8190 8191//8191 7408//7408
f 8190//8190 7408//7408 7409//7409
f 7403//7403 8190//8190 7409//7409
f 7403//7403 7409//7409 6904//6904
f 7402//7402 8187//8187 8190//8190
f 7402//7402 8190//8190 7403//7403
f 7401//7401 8184//8184 8187//8187
f 7401//7401 8187//8187 7402//7402
f 8193//8193 8194//8194 8197//8197
f 8193//8193 8197//8197 8196//8196
f 8194//8194 8195//8195 8198//8198
f 8194//8194 8198//8198 8197//8197
f 8196//8196 8197//8197 8200//8200
f 8196//8196 8200//8200 8199//8199
f 8197//8197 8198//8198 8201//8201
f 8197//8197 8201//8201 8200//8200
f 6936//6936 7553//7553 8193//8193
f 6936//6936 8193//8193 7535//7535
f 7553//7553 7552//7552 8194//8194
f 7553//7553 8194//8194 8193//8193
f 7552//7552 7551//7551 8195//8195
f 7552//7552 8195//8195 8194//8194
f 7551//7551 6882//6882 7404//7404
f 7551//7551 7404//7404 8195//8195
f 8195//8195 7404//7404 7405//7405
f 8195//8195 7405//7405 8198//8198
f 8198//8198 7405//7405 7406//7406
f 8198//8198 7406//7406 8201//8201
f 8201//8201 7406//7406 6905//6905
f 8201//8201 6905//6905 7412//7412
f 8200//8200 8201//8201 7412//7412
f 8200//8200 7412//7412 7411//7411
f 8199//8199 8200//8200 7411//7411
f 8199//8199 7411//7411 7410//7410
f 7533//7533 8199//8199 7410//7410
f 7533//7533 7410//7410 6933//6933
f 7534//7534 8196//8196 8199//8199
f 7534//7534 8199//8199 7533//7533
f 7535//7535 8193//8193 8196//8196
f 7535//7535 8196//8196 7534//7534
f 8202//8202 8203//8203 8206//8206
f 8202//8202 8206//8206 8205//8205
f 8203//8203 8204//8204 8207//8207
f 8203//8203 8207//8207 8206//8206
f 8205//8205 8206//8206 8209//8209
f 8205//8205 8209//8209 8208//8208
f 8206//8206 8207//8207 8210//8210
f 8206//8206 8210//8210 8209//8209
f 6917//6917 7463//7463 8202//8202
f 6917//6917 8202//8202 7490//7490
f 7463//7463 7462//7462 8203//8203
f 7463//7463 8203//8203 8202//8202
f 7462//7462 7461//7461 8204//8204
f 7462//7462 8204//8204 8203//8203
f 7461//7461 6910//6910 7431//7431
f 7461//7461 7431//7431 8204//8204
f 8204//8204 7431//7431 7432//7432
f 8204//8204 7432//7432 8207//8207
f 8207//8207 7432//7432 7433//7433
f 8207//8207 7433//7433 8210//8210
f 8210//8210 7433//7433 6913//6913
f 8210//8210 6913//6913 7464//7464
f 8209//8209 8210//8210 7464//7464
f 8209//8209 7464//7464 7465//7465
f 8208//8208 8209//8209 7465//7465
f 8208//8208 7465//7465 7466//7466
f 7488//7488 8208//8208 7466//7466
f 7488//7488 7466//7466 6919//6919
f 7489//7489 8205//8205 8208//8208
f 7489//7489 8208//8208 7488//7488
f 7490//7490 8202//8202 8205//8205
f 7490//7490 8205//8205 7489//7489
f 8211//8211 8212//8212 8215//8215
f 8211//8211 8215//8215 8214//8214
f 8212//8212 8213//8213 8216//8216
f 8212//8212 8216//8216 8215//8215
f 8214//8214 8215//8215 8218//8218
f 8214//8214 8218//8218 8217//8217
f 8215//8215 8216//8216 8219//8219
f 8215//8215 8219//8219 8218//8218
f 6929//6929 7485//7485 8211//8211
f 6929//6929 8211//8211 7520//7520
f 7485//7485 7486//7486 8212//8212
f 7485//7485 8212//8212 8211//8211
f 7486//7486 7487//7487 8213//8213
f 7486//7486 8213//8213 8212//8212
f 7487//7487 6923//6923 7425//7425
f 7487//7487 7425//7425 8213//8213
f 8213//8213 7425//7425 7426//7426
f 8213//8213 7426//7426 8216//8216
f 8216//8216 7426//7426 7427//7427
f 8216//8216 7427//7427 8219//8219
f 8219//8219 7427//7427 6912//6912
f 8219//8219 6912//6912 7509//7509
f 8218//8218 8219//8219 7509//7509
f 8218//8218 7509//7509 7510//7510
f 8217//8217 8218//8218 7510//7510
f 8217//8217 7510//7510 7511//7511
f 7518//7518 8217//8217 7511//7511
f 7518//7518 7511//7511 6928//6928
f 7519//7519 8214//8214 8217//8217
f 7519//7519 8217//8217 7518//7518
f 7520//7520 8211//8211 8214//8214
f 7520//7520 8214//8214 7519//7519
f 8220//8220 8221//8221 8224//8224
f 8220//8220 8224//8224 8223//8223
f 8221//8221 8222//8222 8225//8225
f 8221//8221 8225//8225 8224//8224
f 8223//8223 8224//8224 8227//8227
f 8223//8223 8227//8227 8226//8226
f 8224//8224 8225//8225 8228//8228
f 8224//8224 8228//8228 8227//8227
f 6919//6919 7466//7466 8220//8220
f 6919//6919 8220//8220 7484//7484
f 7466//7466 7465//7465 8221//8221
f 7466//7466 8221//8221 8220//8220
f 7465//7465 7464//7464 8222//8222
f 7465//7465 8222//8222 8221//8221
f 7464//7464 6913//6913 7437//7437
f 7464//7464 7437//7437 8222//8222
f 8222//8222 7437//7437 7438//7438
f 8222//8222 7438//7438 8225//8225
f 8225//8225 7438//7438 7439//7439
f 8225//8225 7439//7439 8228//8228
f 8228//8228 7439//7439 6909//6909
f 8228//8228 6909//6909 7421//7421
f 8227//8227 8228//8228 7421//7421
f 8227//8227 7421//7421 7420//7420
f 8226//8226 8227//8227 7420//7420
f 8226//8226 7420//7420 7419//7419
f 7482//7482 8226//8226 7419//7419
f 7482//7482 7419//7419 6922//6922
f 7483//7483 8223//8223 8226//8226
f 7483//7483 8226//8226 7482//7482
f 7484//7484 8220//8220 8223//8223
f 7484//7484 8223//8223 7483//7483
f 8229//8229 8230//8230 8233//8233
f 8229//8229 8233//8233 8232//8232
f 8230//8230 8231//8231 8234//8234
f 8230//8230 8234//8234 8233//8233
f 8232//8232 8233//8233 8236//8236
f 8232//8232 8236//8236 8235//8235
f 8233//8233 8234//8234 8237//8237
f 8233//8233 8237//8237 8236//8236
f 6937//6937 7571//7571 8229//8229
f 6937//6937 8229//8229 7568//7568
f 7571//7571 7570//7570 8230//8230
f 7571//7571 8230//8230 8229//8229
f 7570//7570 7569//7569 8231//8231
f 7570//7570 8231//8231 8230//8230
f 7569//7569 6892//6892 7422//7422
f 7569//7569 7422//7422 8231//8231
f 8231//8231 7422//7422 7423//7423
f 8231//8231 7423//7423 8234//8234
f 8234//8234 7423//7423 7424//7424
f 8234//8234 7424//7424 8237//8237
f 8237//8237 7424//7424 6910//6910
f 8237//8237 6910//6910 7548//7548
f 8236//8236 8237//8237 7548//7548
f 8236//8236 7548//7548 7549//7549
f 8235//8235 8236//8236 7549//7549
f 8235//8235 7549//7549 7550//7550
f 7566//7566 8235//8235 7550//7550
f 7566//7566 7550//7550 6932//6932
f 7567//7567 8232//8232 8235//8235
f 7567//7567 8235//8235 7566//7566
f 7568//7568 8229//8229 8232//8232
f 7568//7568 8232//8232 7567//7567
f 8238//8238 8239//8239 8242//8242
f 8238//8238 8242//8242 8241//8241
f 8239//8239 8240//8240 8243//8243
f 8239//8239 8243//8243 8242//8242
f 8241//8241 8242//8242 8245//8245
f 8241//8241 8245//8245 8244//8244
f 8242//8242 8243//8243 8246//8246
f 8242//8242 8246//8246 8245//8245
f 6876//6876 7277//7277 8238//8238
f 6876//6876 8238//8238 7323//7323
f 7277//7277 7276//7276 8239//8239
f 7277//7277 8239//8239 8238//8238
f 7276//7276 7275//7275 8240//8240
f 7276//7276 8240//8240 8239//8239
f 7275//7275 6907//6907 7443//7443
f 7275//7275 7443//7443 8240//8240
f 8240//8240 7443//7443 7444//7444
f 8240//8240 7444//7444 8243//8243
f 8243//8243 7444//7444 7445//7445
f 8243//8243 7445//7445 8246//8246
f 8246//8246 7445//7445 6908//6908
f 8246//8246 6908//6908 7302//7302
f 8245//8245 8246//8246 7302//7302
f 8245//8245 7302//7302 7303//7303
f 8244//8244 8245//8245 7303//7303
f 8244//8244 7303//7303 7304//7304
f 7325//7325 8244//8244 7304//7304
f 7325//7325 7304//7304 6885//6885
f 7324//7324 8241//8241 8244//8244
f 7324//7324 8244//8244 7325//7325
f 7323//7323 8238//8238 8241//8241
f 7323//7323 8241//8241 7324//7324
f 8247//8247 8248//8248 8251//8251
f 8247//8247 8251//8251 8250//8250
f 8248//8248 8249//8249 8252//8252
f 8248//8248 8252//8252 8251//8251
f 8250//8250 8251//8251 8254//8254
f 8250//8250 8254//8254 8253//8253
f 8251//8251 8252//8252 8255//8255
f 8251//8251 8255//8255 8254//8254
f 6923//6923 7479//7479 8247//8247
f 6923//6923 8247//8247 7425//7425
f 7479//7479 7480//7480 8248//8248
f 7479//7479 8248//8248 8247//8247
f 7480//7480 7481//7481 8249//8249
f 7480//7480 8249//8249 8248//8248
f 7481//7481 6922//6922 7419//7419
f 7481//7481 7419//7419 8249//8249
f 8249//8249 7419//7419 7420//7420
f 8249//8249 7420//7420 8252//8252
f 8252//8252 7420//7420 7421//7421
f 8252//8252 7421//7421 8255//8255
f 8255//8255 7421//7421 6909//6909
f 8255//8255 6909//6909 7446//7446
f 8254//8254 8255//8255 7446//7446
f 8254//8254 7446//7446 7447//7447
f 8253//8253 8254//8254 7447//7447
f 8253//8253 7447//7447 7448//7448
f 7427//7427 8253//8253 7448//7448
f 7427//7427 7448//7448 6912//6912
f 7426//7426 8250//8250 8253//8253
f 7426//7426 8253//8253 7427//7427
f 7425//7425 8247//8247 8250//8250
f 7425//7425 8250//8250 7426//7426
f 8256//8256 8257//8257 8260//8260
f 8256//8256 8260//8260 8259//8259
f 8257//8257 8258//8258 8261//8261
f 8257//8257 8261//8261 8260//8260
f 8259//8259 8260//8260 8263//8263
f 8259//8259 8263//8263 8262//8262
f 8260//8260 8261//8261 8264//8264
f 8260//8260 8264//8264 8263//8263
f 6894//6894 7452//7452 8256//8256
f 6894//6894 8256//8256 7289//7289
f 7452//7452 7453//7453 8257//8257
f 7452//7452 8257//8257 8256//8256
f 7453//7453 7454//7454 8258//8258
f 7453//7453 8258//8258 8257//8257
f 7454//7454 6916//6916 7455//7455
f 7454//7454 7455//7455 8258//8258
f 8258//8258 7455//7455 7456//7456
f 8258//8258 7456//7456 8261//8261
f 8261//8261 7456//7456 7457//7457
f 8261//8261 7457//7457 8264//8264
f 8264//8264 7457//7457 6914//6914
f 8264//8264 6914//6914 7451//7451
f 8263//8263 8264//8264 7451//7451
f 8263//8263 7451//7451 7450//7450
f 8262//8262 8263//8263 7450//7450
f 8262//8262 7450//7450 7449//7449
f 7287//7287 8262//8262 7449//7449
f 7287//7287 7449//7449 6880//6880
f 7288//7288 8259//8259 8262//8262
f 7288//7288 8262//8262 7287//7287
f 7289//7289 8256//8256 8259//8259
f 7289//7289 8259//8259 7288//7288
f 8265//8265 8266//8266 8269//8269
f 8265//8265 8269//8269 8268//8268
f 8266//8266 8267//8267 8270//8270
f 8266//8266 8270//8270 8269//8269
f 8268//8268 8269//8269 8272//8272
f 8268//8268 8272//8272 8271//8271
f 8269//8269 8270//8270 8273//8273
f 8269//8269 8273//8273 8272//8272
f 6935//6935 7563//7563 8265//8265
f 6935//6935 8265//8265 7332//7332
f 7563//7563 7564//7564 8266//8266
f 7563//7563 8266//8266 8265//8265
f 7564//7564 7565//7565 8267//8267
f 7564//7564 8267//8267 8266//8266
f 7565//7565 6931//6931 7544//7544
f 7565//7565 7544//7544 8267//8267
f 8267//8267 7544//7544 7543//7543
f 8267//8267 7543//7543 8270//8270
f 8270//8270 7543//7543 7542//7542
f 8270//8270 7542//7542 8273//8273
f 8273//8273 7542//7542 6915//6915
f 8273//8273 6915//6915 7139//7139
f 8272//8272 8273//8273 7139//7139
f 8272//8272 7139//7139 7138//7138
f 8271//8271 8272//8272 7138//7138
f 8271//8271 7138//7138 7137//7137
f 7334//7334 8271//8271 7137//7137
f 7334//7334 7137//7137 6890//6890
f 7333//7333 8268//8268 8271//8271
f 7333//7333 8271//8271 7334//7334
f 7332//7332 8265//8265 8268//8268
f 7332//7332 8268//8268 7333//7333
f 8274//8274 8275//8275 8278//8278
f 8274//8274 8278//8278 8277//8277
f 8275//8275 8276//8276 8279//8279
f 8275//8275 8279//8279 8278//8278
f 8277//8277 8278//8278 8281//8281
f 8277//8277 8281//8281 8280//8280
f 8278//8278 8279//8279 8282//8282
f 8278//8278 8282//8282 8281//8281
f 6898//6898 7367//7367 8274//8274
f 6898//6898 8274//8274 7476//7476
f 7367//7367 7366//7366 8275//8275
f 7367//7367 8275//8275 8274//8274
f 7366//7366 7365//7365 8276//8276
f 7366//7366 8276//8276 8275//8275
f 7365//7365 6883//6883 7473//7473
f 7365//7365 7473//7473 8276//8276
f 8276//8276 7473//7473 7474//7474
f 8276//8276 7474//7474 8279//8279
f 8279//8279 7474//7474 7475//7475
f 8279//8279 7475//7475 8282//8282
f 8282//8282 7475//7475 6922//6922
f 8282//8282 6922//6922 7481//7481
f 8281//8281 8282//8282 7481//7481
f 8281//8281 7481//7481 7480//7480
f 8280//8280 8281//8281 7480//7480
f 8280//8280 7480//7480 7479//7479
f 7478//7478 8280//8280 7479//7479
f 7478//7478 7479//7479 6923//6923
f 7477//7477 8277//8277 8280//8280
f 7477//7477 8280//8280 7478//7478
f 7476//7476 8274//8274 8277//8277
f 7476//7476 8277//8277 7477//7477
f 8283//8283 8284//8284 8287//8287
f 8283//8283 8287//8287 8286//8286
f 8284//8284 8285//8285 8288//8288
f 8284//8284 8288//8288 8287//8287
f 8286//8286 8287//8287 8290//8290
f 8286//8286 8290//8290 8289//8289
f 8287//8287 8288//8288 8291//8291
f 8287//8287 8291//8291 8290//8290
f 6901//6901 7394//7394 8283//8283
f 6901//6901 8283//8283 7296//7296
f 7394//7394 7393//7393 8284//8284
f 7394//7394 8284//8284 8283//8283
f 7393//7393 7392//7392 8285//8285
f 7393//7393 8285//8285 8284//8284
f 7392//7392 6919//6919 7484//7484
f 7392//7392 7484//7484 8285//8285
f 8285//8285 7484//7484 7483//7483
f 8285//8285 7483//7483 8288//8288
f 8288//8288 7483//7483 7482//7482
f 8288//8288 7482//7482 8291//8291
f 8291//8291 7482//7482 6922//6922
f 8291//8291 6922//6922 7475//7475
f 8290//8290 8291//8291 7475//7475
f 8290//8290 7475//7475 7474//7474
f 8289//8289 8290//8290 7474//7474
f 8289//8289 7474//7474 7473//7473
f 7298//7298 8289//8289 7473//7473
f 7298//7298 7473//7473 6883//6883
f 7297//7297 8286//8286 8289//8289
f 7297//7297 8289//8289 7298//7298
f 7296//7296 8283//8283 8286//8286
f 7296//7296 8286//8286 7297//7297
f 8292//8292 8293//8293 8296//8296
f 8292//8292 8296//8296 8295//8295
f 8293//8293 8294//8294 8297//8297
f 8293//8293 8297//8297 8296//8296
f 8295//8295 8296//8296 8299//8299
f 8295//8295 8299//8299 8298//8298
f 8296//8296 8297//8297 8300//8300
f 8296//8296 8300//8300 8299//8299
f 6925//6925 7502//7502 8292//8292
f 6925//6925 8292//8292 7517//7517
f 7502//7502 7501//7501 8293//8293
f 7502//7502 8293//8293 8292//8292
f 7501//7501 7500//7500 8294//8294
f 7501//7501 8294//8294 8293//8293
f 7500//7500 6898//6898 7476//7476
f 7500//7500 7476//7476 8294//8294
f 8294//8294 7476//7476 7477//7477
f 8294//8294 7477//7477 8297//8297
f 8297//8297 7477//7477 7478//7478
f 8297//8297 7478//7478 8300//8300
f 8300//8300 7478//7478 6923//6923
f 8300//8300 6923//6923 7487//7487
f 8299//8299 8300//8300 7487//7487
f 8299//8299 7487//7487 7486//7486
f 8298//8298 8299//8299 7486//7486
f 8298//8298 7486//7486 7485//7485
f 7515//7515 8298//8298 7485//7485
f 7515//7515 7485//7485 6929//6929
f 7516//7516 8295//8295 8298//8298
f 7516//7516 8298//8298 7515//7515
f 7517//7517 8292//8292 8295//8295
f 7517//7517 8295//8295 7516//7516
f 8301//8301 8302//8302 8305//8305
f 8301//8301 8305//8305 8304//8304
f 8302//8302 8303//8303 8306//8306
f 8302//8302 8306//8306 8305//8305
f 8304//8304 8305//8305 8308//8308
f 8304//8304 8308//8308 8307//8307
f 8305//8305 8306//8306 8309//8309
f 8305//8305 8309//8309 8308//8308
f 6882//6882 7346//7346 8301//8301
f 6882//6882 8301//8301 7383//7383
f 7346//7346 7345//7345 8302//8302
f 7346//7346 8302//8302 8301//8301
f 7345//7345 7344//7344 8303//8303
f 7345//7345 8303//8303 8302//8302
f 7344//7344 6917//6917 7490//7490
f 7344//7344 7490//7490 8303//8303
f 8303//8303 7490//7490 7489//7489
f 8303//8303 7489//7489 8306//8306
f 8306//8306 7489//7489 7488//7488
f 8306//8306 7488//7488 8309//8309
f 8309//8309 7488//7488 6919//6919
f 8309//8309 6919//6919 7392//7392
f 8308//8308 8309//8309 7392//7392
f 8308//8308 7392//7392 7393//7393
f 8307//8307 8308//8308 7393//7393
f 8307//8307 7393//7393 7394//7394
f 7385//7385 8307//8307 7394//7394
f 7385//7385 7394//7394 6901//6901
f 7384//7384 8304//8304 8307//8307
f 7384//7384 8307//8307 7385//7385
f 7383//7383 8301//8301 8304//8304
f 7383//7383 8304//8304 7384//7384
f 8310//8310 8311//8311 8314//8314
f 8310//8310 8314//8314 8313//8313
f 8311//8311 8312//8312 8315//8315
f 8311//8311 8315//8315 8314//8314
f 8313//8313 8314//8314 8317//8317
f 8313//8313 8317//8317 8316//8316
f 8314//8314 8315//8315 8318//8318
f 8314//8314 8318//8318 8317//8317
f 6932//6932 7550//7550 8310//8310
f 6932//6932 8310//8310 7538//7538
f 7550//7550 7549//7549 8311//8311
f 7550//7550 8311//8311 8310//8310
f 7549//7549 7548//7548 8312//8312
f 7549//7549 8312//8312 8311//8311
f 7548//7548 6910//6910 7461//7461
f 7548//7548 7461//7461 8312//8312
f 8312//8312 7461//7461 7462//7462
f 8312//8312 7462//7462 8315//8315
f 8315//8315 7462//7462 7463//7463
f 8315//8315 7463//7463 8318//8318
f 8318//8318 7463//7463 6917//6917
f 8318//8318 6917//6917 7493//7493
f 8317//8317 8318//8318 7493//7493
f 8317//8317 7493//7493 7492//7492
f 8316//8316 8317//8317 7492//7492
f 8316//8316 7492//7492 7491//7491
f 7536//7536 8316//8316 7491//7491
f 7536//7536 7491//7491 6930//6930
f 7537//7537 8313//8313 8316//8316
f 7537//7537 8316//8316 7536//7536
f 7538//7538 8310//8310 8313//8313
f 7538//7538 8313//8313 7537//7537
f 8319//8319 8320//8320 8323//8323
f 8319//8319 8323//8323 8322//8322
f 8320//8320 8321//8321 8324//8324
f 8320//8320 8324//8324 8323//8323
f 8322//8322 8323//8323 8326//8326
f 8322//8322 8326//8326 8325//8325
f 8323//8323 8324//8324 8327//8327
f 8323//8323 8327//8327 8326//8326
f 6907//6907 7415//7415 8319//8319
f 6907//6907 8319//8319 7443//7443
f 7415//7415 7414//7414 8320//8320
f 7415//7415 8320//8320 8319//8319
f 7414//7414 7413//7413 8321//8321
f 7414//7414 8321//8321 8320//8320
f 7413//7413 6920//6920 7496//7496
f 7413//7413 7496//7496 8321//8321
f 8321//8321 7496//7496 7495//7495
f 8321//8321 7495//7495 8324//8324
f 8324//8324 7495//7495 7494//7494
f 8324//8324 7494//7494 8327//8327
f 8327//8327 7494//7494 6921//6921
f 8327//8327 6921//6921 7416//7416
f 8326//8326 8327//8327 7416//7416
f 8326//8326 7416//7416 7417//7417
f 8325//8325 8326//8326 7417//7417
f 8325//8325 7417//7417 7418//7418
f 7445//7445 8325//8325 7418//7418
f 7445//7445 7418//7418 6908//6908
f 7444//7444 8322//8322 8325//8325
f 7444//7444 8325//8325 7445//7445
f 7443//7443 8319//8319 8322//8322
f 7443//7443 8322//8322 7444//7444
f 8328//8328 8329//8329 8332//8332
f 8328//8328 8332//8332 8331//8331
f 8329//8329 8330//8330 8333//8333
f 8329//8329 8333//8333 8332//8332
f 8331//8331 8332//8332 8335//8335
f 8331//8331 8335//8335 8334//8334
f 8332//8332 8333//8333 8336//8336
f 8332//8332 8336//8336 8335//8335
f 6884//6884 7301//7301 8328//8328
f 6884//6884 8328//8328 7470//7470
f 7301//7301 7300//7300 8329//8329
f 7301//7301 8329//8329 8328//8328
f 7300//7300 7299//7299 8330//8330
f 7300//7300 8330//8330 8329//8329
f 7299//7299 6925//6925 7517//7517
f 7299//7299 7517//7517 8330//8330
f 8330//8330 7517//7517 7516//7516
f 8330//8330 7516//7516 8333//8333
f 8333//8333 7516//7516 7515//7515
f 8333//8333 7515//7515 8336//8336
f 8336//8336 7515//7515 6929//6929
f 8336//8336 6929//6929 7514//7514
f 8335//8335 8336//8336 7514//7514
f 8335//8335 7514//7514 7513//7513
f 8334//8334 8335//8335 7513//7513
f 8334//8334 7513//7513 7512//7512
f 7472//7472 8334//8334 7512//7512
f 7472//7472 7512//7512 6921//6921
f 7471//7471 8331//8331 8334//8334
f 7471//7471 8334//8334 7472//7472
f 7470//7470 8328//8328 8331//8331
f 7470//7470 8331//8331 7471//7471
f 8337//8337 8338//8338 8341//8341
f 8337//8337 8341//8341 8340//8340
f 8338//8338 8339//8339 8342//8342
f 8338//8338 8342//8342 8341//8341
f 8340//8340 8341//8341 8344//8344
f 8340//8340 8344//8344 8343//8343
f 8341//8341 8342//8342 8345//8345
f 8341//8341 8345//8345 8344//8344
f 6921//6921 7512//7512 8337//8337
f 6921//6921 8337//8337 7416//7416
f 7512//7512 7513//7513 8338//8338
f 7512//7512 8338//8338 8337//8337
f 7513//7513 7514//7514 8339//8339
f 7513//7513 8339//8339 8338//8338
f 7514//7514 6929//6929 7520//7520
f 7514//7514 7520//7520 8339//8339
f 8339//8339 7520//7520 7519//7519
f 8339//8339 7519//7519 8342//8342
f 8342//8342 7519//7519 7518//7518
f 8342//8342 7518//7518 8345//8345
f 8345//8345 7518//7518 6928//6928
f 8345//8345 6928//6928 7434//7434
f 8344//8344 8345//8345 7434//7434
f 8344//8344 7434//7434 7435//7435
f 8343//8343 8344//8344 7435//7435
f 8343//8343 7435//7435 7436//7436
f 7418//7418 8343//8343 7436//7436
f 7418//7418 7436//7436 6908//6908
f 7417//7417 8340//8340 8343//8343
f 7417//7417 8343//8343 7418//7418
f 7416//7416 8337//8337 8340//8340
f 7416//7416 8340//8340 7417//7417
f 8346//8346 8347//8347 8350//8350
f 8346//8346 8350//8350 8349//8349
f 8347//8347 8348//8348 8351//8351
f 8347//8347 8351//8351 8350//8350
f 8349//8349 8350//8350 8353//8353
f 8349//8349 8353//8353 8352//8352
f 8350//8350 8351//8351 8354//8354
f 8350//8350 8354//8354 8353//8353
f 6908//6908 7436//7436 8346//8346
f 6908//6908 8346//8346 7302//7302
f 7436//7436 7435//7435 8347//8347
f 7436//7436 8347//8347 8346//8346
f 7435//7435 7434//7434 8348//8348
f 7435//7435 8348//8348 8347//8347
f 7434//7434 6928//6928 7523//7523
f 7434//7434 7523//7523 8348//8348
f 8348//8348 7523//7523 7522//7522
f 8348//8348 7522//7522 8351//8351
f 8351//8351 7522//7522 7521//7521
f 8351//8351 7521//7521 8354//8354
f 8354//8354 7521//7521 6927//6927
f 8354//8354 6927//6927 7508//7508
f 8353//8353 8354//8354 7508//7508
f 8353//8353 7508//7508 7507//7507
f 8352//8352 8353//8353 7507//7507
f 8352//8352 7507//7507 7506//7506
f 7304//7304 8352//8352 7506//7506
f 7304//7304 7506//7506 6885//6885
f 7303//7303 8349//8349 8352//8352
f 7303//7303 8352//8352 7304//7304
f 7302//7302 8346//8346 8349//8349
f 7302//7302 8349//8349 7303//7303
f 8355//8355 8356//8356 8359//8359
f 8355//8355 8359//8359 8358//8358
f 8356//8356 8357//8357 8360//8360
f 8356//8356 8360//8360 8359//8359
f 8358//8358 8359//8359 8362//8362
f 8358//8358 8362//8362 8361//8361
f 8359//8359 8360//8360 8363//8363
f 8359//8359 8363//8363 8362//8362
f 6875//6875 7274//7274 8355//8355
f 6875//6875 8355//8355 7320//7320
f 7274//7274 7273//7273 8356//8356
f 7274//7274 8356//8356 8355//8355
f 7273//7273 7272//7272 8357//8357
f 7273//7273 8357//8357 8356//8356
f 7272//7272 6924//6924 7526//7526
f 7272//7272 7526//7526 8357//8357
f 8357//8357 7526//7526 7525//7525
f 8357//8357 7525//7525 8360//8360
f 8360//8360 7525//7525 7524//7524
f 8360//8360 7524//7524 8363//8363
f 8363//8363 7524//7524 6925//6925
f 8363//8363 6925//6925 7299//7299
f 8362//8362 8363//8363 7299//7299
f 8362//8362 7299//7299 7300//7300
f 8361//8361 8362//8362 7300//7300
f 8361//8361 7300//7300 7301//7301
f 7322//7322 8361//8361 7301//7301
f 7322//7322 7301//7301 6884//6884
f 7321//7321 8358//8358 8361//8361
f 7321//7321 8361//8361 7322//7322
f 7320//7320 8355//8355 8358//8358
f 7320//7320 8358//8358 7321//7321
f 8364//8364 8365//8365 8368//8368
f 8364//8364 8368//8368 8367//8367
f 8365//8365 8366//8366 8369//8369
f 8365//8365 8369//8369 8368//8368
f 8367//8367 8368//8368 8371//8371
f 8367//8367 8371//8371 8370//8370
f 8368//8368 8369//8369 8372//8372
f 8368//8368 8372//8372 8371//8371
f 6897//6897 7364//7364 8364//8364
f 6897//6897 8364//8364 7371//7371
f 7364//7364 7363//7363 8365//8365
f 7364//7364 8365//8365 8364//8364
f 7363//7363 7362//7362 8366//8366
f 7363//7363 8366//8366 8365//8365
f 7362//7362 6926//6926 7529//7529
f 7362//7362 7529//7529 8366//8366
f 8366//8366 7529//7529 7528//7528
f 8366//8366 7528//7528 8369//8369
f 8369//8369 7528//7528 7527//7527
f 8369//8369 7527//7527 8372//8372
f 8372//8372 7527//7527 6927//6927
f 8372//8372 6927//6927 7368//7368
f 8371//8371 8372//8372 7368//7368
f 8371//8371 7368//7368 7369//7369
f 8370//8370 8371//8371 7369//7369
f 8370//8370 7369//7369 7370//7370
f 7373//7373 8370//8370 7370//7370
f 7373//7373 7370//7370 6899//6899
f 7372//7372 8367//8367 8370//8370
f 7372//7372 8370//8370 7373//7373
f 7371//7371 8364//8364 8367//8367
f 7371//7371 8367//8367 7372//7372
f 8373//8373 8374//8374 8377//8377
f 8373//8373 8377//8377 8376//8376
f 8374//8374 8375//8375 8378//8378
f 8374//8374 8378//8378 8377//8377
f 8376//8376 8377//8377 8380//8380
f 8376//8376 8380//8380 8379//8379
f 8377//8377 8378//8378 8381//8381
f 8377//8377 8381//8381 8380//8380
f 6889//6889 7313//7313 8373//8373
f 6889//6889 8373//8373 7086//7086
f 7313//7313 7312//7312 8374//8374
f 7313//7313 8374//8374 8373//8373
f 7312//7312 7311//7311 8375//8375
f 7312//7312 8375//8375 8374//8374
f 7311//7311 6936//6936 7535//7535
f 7311//7311 7535//7535 8375//8375
f 8375//8375 7535//7535 7534//7534
f 8375//8375 7534//7534 8378//8378
f 8378//8378 7534//7534 7533//7533
f 8378//8378 7533//7533 8381//8381
f 8381//8381 7533//7533 6933//6933
f 8381//8381 6933//6933 7559//7559
f 8380//8380 8381//8381 7559//7559
f 8380//8380 7559//7559 7558//7558
f 8379//8379 8380//8380 7558//7558
f 8379//8379 7558//7558 7557//7557
f 7088//7088 8379//8379 7557//7557
f 7088//7088 7557//7557 6906//6906
f 7087//7087 8376//8376 8379//8379
f 7087//7087 8379//8379 7088//7088
f 7086//7086 8373//8373 8376//8376
f 7086//7086 8376//8376 7087//7087
f 8382//8382 8383//8383 8386//8386
f 8382//8382 8386//8386 8385//8385
f 8383//8383 8384//8384 8387//8387
f 8383//8383 8387//8387 8386//8386
f 8385//8385 8386//8386 8389//8389
f 8385//8385 8389//8389 8388//8388
f 8386//8386 8387//8387 8390//8390
f 8386//8386 8390//8390 8389//8389
f 6911//6911 7442//7442 8382//8382
f 6911//6911 8382//8382 7152//7152
f 7442//7442 7441//7441 8383//8383
f 7442//7442 8383//8383 8382//8382
f 7441//7441 7440//7440 8384//8384
f 7441//7441 8384//8384 8383//8383
f 7440//7440 6932//6932 7538//7538
f 7440//7440 7538//7538 8384//8384
f 8384//8384 7538//7538 7537//7537
f 8384//8384 7537//7537 8387//8387
f 8387//8387 7537//7537 7536//7536
f 8387//8387 7536//7536 8390//8390
f 8390//8390 7536//7536 6930//6930
f 8390//8390 6930//6930 7547//7547
f 8389//8389 8390//8390 7547//7547
f 8389//8389 7547//7547 7546//7546
f 8388//8388 8389//8389 7546//7546
f 8388//8388 7546//7546 7545//7545
f 7154//7154 8388//8388 7545//7545
f 7154//7154 7545//7545 6918//6918
f 7153//7153 8385//8385 8388//8388
f 7153//7153 8388//8388 7154//7154
f 7152//7152 8382//8382 8385//8385
f 7152//7152 8385//8385 7153//7153
f 8391//8391 8392//8392 8395//8395
f 8391//8391 8395//8395 8394//8394
f 8392//8392 8393//8393 8396//8396
f 8392//8392 8396//8396 8395//8395
f 8394//8394 8395//8395 8398//8398
f 8394//8394 8398//8398 8397//8397
f 8395//8395 8396//8396 8399//8399
f 8395//8395 8399//8399 8398//8398
f 6887//6887 7310//7310 8391//8391
f 6887//6887 8391//8391 7107//7107
f 7310//7310 7309//7309 8392//8392
f 7310//7310 8392//8392 8391//8391
f 7309//7309 7308//7308 8393//8393
f 7309//7309 8393//8393 8392//8392
f 7308//7308 6937//6937 7568//7568
f 7308//7308 7568//7568 8393//8393
f 8393//8393 7568//7568 7567//7567
f 8393//8393 7567//7567 8396//8396
f 8396//8396 7567//7567 7566//7566
f 8396//8396 7566//7566 8399//8399
f 8399//8399 7566//7566 6932//6932
f 8399//8399 6932//6932 7440//7440
f 8398//8398 8399//8399 7440//7440
f 8398//8398 7440//7440 7441//7441
f 8397//8397 8398//8398 7441//7441
f 8397//8397 7441//7441 7442//7442
f 7109//7109 8397//8397 7442//7442
f 7109//7109 7442//7442 6911//6911
f 7108//7108 8394//8394 8397//8397
f 7108//7108 8397//8397 7109//7109
f 7107//7107 8391//8391 8394//8394
f 7107//7107 8394//8394 7108//7108
f 8400//8400 8401//8401 8404//8404
f 8400//8400 8404//8404 8403//8403
f 8401//8401 8402//8402 8405//8405
f 8401//8401 8405//8405 8404//8404
f 8403//8403 8404//8404 8407//8407
f 8403//8403 8407//8407 8406//8406
f 8404//8404 8405//8405 8408//8408
f 8404//8404 8408//8408 8407//8407
f 6916//6916 7454//7454 8400//8400
f 6916//6916 8400//8400 7460//7460
f 7454//7454 7453//7453 8401//8401
f 7454//7454 8401//8401 8400//8400
f 7453//7453 7452//7452 8402//8402
f 7453//7453 8402//8402 8401//8401
f 7452//7452 6894//6894 7554//7554
f 7452//7452 7554//7554 8402//8402
f 8402//8402 7554//7554 7555//7555
f 8402//8402 7555//7555 8405//8405
f 8405//8405 7555//7555 7556//7556
f 8405//8405 7556//7556 8408//8408
f 8408//8408 7556//7556 6934//6934
f 8408//8408 6934//6934 7541//7541
f 8407//8407 8408//8408 7541//7541
f 8407//8407 7541//7541 7540//7540
f 8406//8406 8407//8407 7540//7540
f 8406//8406 7540//7540 7539//7539
f 7458//7458 8406//8406 7539//7539
f 7458//7458 7539//7539 6931//6931
f 7459//7459 8403//8403 8406//8406
f 7459//7459 8406//8406 7458//7458
f 7460//7460 8400//8400 8403//8403
f 7460//7460 8403//8403 7459//7459
f 8409//8409 8410//8410 8413//8413
f 8409//8409 8413//8413 8412//8412
f 8410//8410 8411//8411 8414//8414
f 8410//8410 8414//8414 8413//8413
f 8412//8412 8413//8413 8416//8416
f 8412//8412 8416//8416 8415//8415
f 8413//8413 8414//8414 8417//8417
f 8413//8413 8417//8417 8416//8416
f 6888//6888 7358//7358 8409//8409
f 6888//6888 8409//8409 7560//7560
f 7358//7358 7357//7357 8410//8410
f 7358//7358 8410//8410 8409//8409
f 7357//7357 7356//7356 8411//8411
f 7357//7357 8411//8411 8410//8410
f 7356//7356 6916//6916 7460//7460
f 7356//7356 7460//7460 8411//8411
f 8411//8411 7460//7460 7459//7459
f 8411//8411 7459//7459 8414//8414
f 8414//8414 7459//7459 7458//7458
f 8414//8414 7458//7458 8417//8417
f 8417//8417 7458//7458 6931//6931
f 8417//8417 6931//6931 7565//7565
f 8416//8416 8417//8417 7565//7565
f 8416//8416 7565//7565 7564//7564
f 8415//8415 8416//8416 7564//7564
f 8415//8415 7564//7564 7563//7563
f 7562//7562 8415//8415 7563//7563
f 7562//7562 7563//7563 6935//6935
f 7561//7561 8412//8412 8415//8415
f 7561//7561 8415//8415 7562//7562
f 7560//7560 8409//8409 8412//8412
f 7560//7560 8412//8412 7561//7561
f 8418//8418 8419//8419 8422//8422
f 8418//8418 8422//8422 8421//8421
f 8419//8419 8420//8420 8423//8423
f 8419//8419 8423//8423 8422//8422
f 8421//8421 8422//8422 8425//8425
f 8421//8421 8425//8425 8424//8424
f 8422//8422 8423//8423 8426//8426
f 8422//8422 8426//8426 8425//8425
f 6906//6906 7557//7557 8418//8418
f 6906//6906 8418//8418 7005//7005
f 7557//7557 7558//7558 8419//8419
f 7557//7557 8419//8419 8418//8418
f 7558//7558 7559//7559 8420//8420
f 7558//7558 8420//8420 8419//8419
f 7559//7559 6933//6933 7580//7580
f 7559//7559 7580//7580 8420//8420
f 8420//8420 7580//7580 7579//7579
f 8420//8420 7579//7579 8423//8423
f 8423//8423 7579//7579 7578//7578
f 8423//8423 7578//7578 8426//8426
f 8426//8426 7578//7578 6935//6935
f 8426//8426 6935//6935 7332//7332
f 8425//8425 8426//8426 7332//7332
f 8425//8425 7332//7332 7333//7333
f 8424//8424 8425//8425 7333//7333
f 8424//8424 7333//7333 7334//7334
f 7007//7007 8424//8424 7334//7334
f 7007//7007 7334//7334 6890//6890
f 7006//7006 8421//8421 8424//8424
f 7006//7006 8424//8424 7007//7007
f 7005//7005 8418//8418 8421//8421
f 7005//7005 8421//8421 7006//7006
f 8427//8427 8428//8428 8431//8431
f 8427//8427 8431//8431 8430//8430
f 8428//8428 8429//8429 8432//8432
f 8428//8428 8432//8432 8431//8431
f 8430//8430 8431//8431 8434//8434
f 8430//8430 8434//8434 8433//8433
f 8431//8431 8432//8432 8435//8435
f 8431//8431 8435//8435 8434//8434
f 6878//6878 7280//7280 8427//8427
f 6878//6878 8427//8427 6996//6996
f 7280//7280 7279//7279 8428//8428
f 7280//7280 8428//8428 8427//8427
f 7279//7279 7278//7278 8429//8429
f 7279//7279 8429//8429 8428//8428
f 7278//7278 6938//6938 7577//7577
f 7278//7278 7577//7577 8429//8429
f 8429//8429 7577//7577 7576//7576
f 8429//8429 7576//7576 8432//8432
f 8432//8432 7576//7576 7575//7575
f 8432//8432 7575//7575 8435//8435
f 8435//8435 7575//7575 6937//6937
f 8435//8435 6937//6937 7308//7308
f 8434//8434 8435//8435 7308//7308
f 8434//8434 7308//7308 7309//7309
f 8433//8433 8434//8434 7309//7309
f 8433//8433 7309//7309 7310//7310
f 6998//6998 8433//8433 7310//7310
f 6998//6998 7310//7310 6887//6887
f 6997//6997 8430//8430 8433//8433
f 6997//6997 8433//8433 6998//6998
f 6996//6996 8427//8427 8430//8430
f 6996//6996 8430//8430 6997//6997
f 8436//8436 8437//8437 8440//8440
f 8436//8436 8440//8440 8439//8439
f 8437//8437 8438//8438 8441//8441
f 8437//8437 8441//8441 8440//8440
f 8439//8439 8440//8440 8443//8443
f 8439//8439 8443//8443 8442//8442
f 8440//8440 8441//8441 8444//8444
f 8440//8440 8444//8444 8443//8443
f 6918//6918 7545//7545 8436//8436
f 6918//6918 8436//8436 7020//7020
f 7545//7545 7546//7546 8437//8437
f 7545//7545 8437//8437 8436//8436
f 7546//7546 7547//7547 8438//8438
f 7546//7546 8438//8438 8437//8437
f 7547//7547 6930//6930 7532//7532
f 7547//7547 7532//7532 8438//8438
f 8438//8438 7532//7532 7531//7531
f 8438//8438 7531//7531 8441//8441
f 8441//8441 7531//7531 7530//7530
f 8441//8441 7530//7530 8444//8444
f 8444//8444 7530//7530 6936//6936
f 8444//8444 6936//6936 7311//7311
f 8443//8443 8444//8444 7311//7311
f 8443//8443 7311//7311 7312//7312
f 8442//8442 8443//8443 7312//7312
f 8442//8442 7312//7312 7313//7313
f 7022//7022 8442//8442 7313//7313
f 7022//7022 7313//7313 6889//6889
f 7021//7021 8439//8439 8442//8442
f 7021//7021 8442//8442 7022//7022
f 7020//7020 8436//8436 8439//8439
f 7020//7020 8439//8439 7021//7021
o CrankSnoutThreads
v 0 0 0
v 0 0.173302189 0
v -0.0338095799 0.169972226 0
v -0.0663198829 0.16011034 0
v -0.0962815434 0.14409551 0
v -0.122543156 0.122543156 0
v -0.14409551 0.0962815359 0
v -0.16011034 0.0663198754 0
v -0.169972226 0.0338095874 0
v -0.173302189 1.30839517e-08 0
v -0.169972241 -0.0338095613 0
v -0.160110354 -0.0663198531 0
v -0.14409551 -0.0962815359 0
v -0.122543156 -0.122543156 0
v -0.0962815359 -0.14409551 0
v -0.0663198531 -0.160110369 0
v -0.0338095389 -0.169972241 0
v 5.64690232e-08 -0.173302189 0
v 0.0338096507 -0.169972226 0
v 0.0663199574 -0.16011031 0
v 0.0962816253 -0.144095451 0
v 0.122543238 -0.122543082 0
v 0.14409557 -0.0962814391 0
v 0.160110399 -0.0663197488 0
v 0.169972271 -0.0338094309 0
v 0.173302189 1.67340446e-07 0
v 0.169972211 0.0338097587 0
v 0.16011028 0.0663200542 0
v 0.144095391 0.0962817147 0
v 0.122543 0.122543305 0
v 0.0962813497 0.144095629 0
v 0.0663196445 0.160110444 0
v 0.0338093191 0.169972286 0
vn 0 0 1
vn 0 0 1
vn 0 0 1
vn 0 0 1
vn 0 0 1
vn 0 0 1
vn 0 0 1
vn 0 0 1
vn 0 0 1
vn 0 0 1
vn 0 0 1
vn 0 0 1
vn 0 0 1
vn 0 0 1
vn 0 0 1
vn 0 0 1
vn 0 0 1
vn 0 0 1
vn 0 0 1
vn 0 0 1
vn 0 0 1
vn 0 0 1
vn 0 0 1
vn 0 0 1
vn 0 0 1
vn 0 0 1
vn 0 0 1
vn 0 0 1
vn 0 0 1
vn 0 0 1
vn 0 0 1
vn 0 0 1
vn 0 0 1
f 8445//8445 8446//8446 8447//8447
f 8445//8445 8447//8447 8448//8448
f 8445//8445 8448//8448 8449//8449
f 8445//8445 8449//8449 8450//8450
f 8445//8445 8450//8450 8451//8451
f 8445//8445 8451//8451 8452//8452
f 8445//8445 8452//8452 8453//8453
f 8445//8445 8453//8453 8454//8454
f 8445//8445 8454//8454 8455//8455
f 8445//8445 8455//8455 8456//8456
f 8445//8445 8456//8456 8457//8457
f 8445//8445 8457//8457 8458//8458
f 8445//8445 8458//8458 8459//8459
f 8445//8445 8459//8459 8460//8460
f 8445//8445 8460//8460 8461//8461
f 8445//8445 8461//8461 8462//8462
f 8445//8445 8462//8462 8463//8463
f 8445//8445 8463//8463 8464//8464
f 8445//8445 8464//8464 8465//8465
f 8445//8445 8465//8465 8466//8466
f 8445//8445 8466//8466 8467//8467
f 8445//8445 8467//8467 8468//8468
f 8445//8445 8468//8468 8469//8469
f 8445//8445 8469//8469 8470//8470
f 8445//8445 8470//8470 8471//8471
f 8445//8445 8471//8471 8472//8472
f 8445//8445 8472//8472 8473//8473
f 8445//8445 8473//8473 8474//8474
f 8445//8445 8474//8474 8475//8475
f 8445//8445 8475//8475 8476//8476
f 8445//8445 8476//8476 8477//8477
f 8445//8445 8477//8477 8446//8446
o CrankSnout
v 0 0.359496176 0
v 0 0.511397302 0
v -0.0501257032 0.508934796 0
v -0.0997686684 0.50157094 0
v -0.148450792 0.489376724 0
v -0.195703283 0.472469479 0
v -0.24107103 0.451012135 0
v -0.284117132 0.42521131 0
v -0.324427009 0.395315468 0
v -0.361612499 0.361612529 0
v -0.395315439 0.324427038 0
v -0.42521131 0.284117162 0
v -0.451012135 0.241071045 0
v -0.472469479 0.195703268 0
v -0.489376724 0.148450777 0
v -0.50157094 0.0997686163 0
v -0.508934796 0.0501256362 0
v -0.511397302 -8.33171967e-08 0
v -0.508934796 -0.0501258038 0
v -0.50157094 -0.0997687876 0
v -0.489376664 -0.148450941 0
v -0.472469419 -0.195703417 0
v -0.451012075 -0.24107118 0
v -0.425211221 -0.284117281 0
v -0.395315319 -0.324427187 0
v -0.36161235 -0.361612678 0
v -0.3244268 -0.395315647 0
v -0.284116894 -0.425211489 0
v -0.241070747 -0.451012284 0
v -0.19570297 -0.472469628 0
v -0.148450479 -0.489376813 0
v -0.0997682959 -0.501571 0
v -0.0501253121 -0.508934796 0
v 4.10487644e-07 -0.511397302 0
v 0.0501261279 -0.508934736 0
v 0.099769108 -0.50157088 0
v 0.148451254 -0.489376575 0
v 0.19570373 -0.4724693 0
v 0.241071463 -0.451011926 0
v 0.28411755 -0.425211042 0
v 0.324427426 -0.395315111 0
v 0.361612916 -0.361612111 0
v 0.395315766 -0.324426651 0
v 0.425211519 -0.284116834 0
v 0.451012284 -0.241070777 0
v 0.472469568 -0.195703119 0
v 0.489376724 -0.148450732 0
v 0.50157094 -0.0997686982 0
v 0.508934796 -0.0501258336 0
v 0.508934796 0.0501253642 0
v 0.501571 0.0997682288 0
v 0.489376873 0.14845027 0
v 0.472469747 0.195702672 0
v 0.451012492 0.241070375 0
v 0.425211787 0.284116417 0
v 0.395316064 0.324426264 0
v 0.361613244 0.361611754 0
v 0.324427903 0.395314723 0
v 0.284118176 0.425210595 0
v 0.241072208 0.451011539 0
v 0.195704609 0.472468942 0
v 0.148452282 0.489376247 0
v 0.0997702852 0.501570642 0
v 0.0501274541 0.508934617 0
v -0.0352367908 0.357765108 0
v -0.07013423 0.352588564 0
v -0.104356229 0.344016403 0
v -0.137573242 0.332131147 0
v -0.169465333 0.317047328 0
v -0.199725389 0.298910141 0
v -0.228061959 0.277894318 0
v -0.254202187 0.254202217 0
v -0.277894288 0.228061974 0
v -0.298910141 0.199725404 0
v -0.317047328 0.169465348 0
v -0.332131147 0.137573227 0
v -0.344016403 0.104356214 0
v -0.352588564 0.0701341927 0
v -0.357765108 0.0352367423 0
v -0.359496176 -5.85693627e-08 0
v -0.357765108 -0.0352368616 0
v -0.352588564 -0.0701343119 0
v -0.344016373 -0.104356334 0
v -0.332131118 -0.137573332 0
v -0.317047268 -0.169465438 0
v -0.298910081 -0.199725494 0
v -0.277894199 -0.228062093 0
v -0.254202098 -0.254202306 0
v -0.22806181 -0.277894437 0
v -0.199725226 -0.29891026 0
v -0.16946514 -0.317047417 0
v -0.137573019 -0.332131267 0
v -0.104356006 -0.344016463 0
v -0.0701339692 -0.352588594 0
v -0.0352365151 -0.357765108 0
v 2.88559875e-07 -0.359496176 0
v 0.0352370888 -0.357765079 0
v 0.0701345354 -0.352588505 0
v 0.10435655 -0.344016314 0
v 0.137573555 -0.332131028 0
v 0.169465646 -0.317047179 0
v 0.199725688 -0.298909962 0
v 0.228062257 -0.27789405 0
v 0.254202485 -0.254201919 0
v 0.277894527 -0.228061706 0
v 0.29891029 -0.199725181 0
v 0.317047417 -0.169465154 0
v 0.332131207 -0.137573123 0
v 0.344016403 -0.104356185 0
v 0.352588564 -0.0701342523 0
v 0.438834369 -0.0501258336 0
v 0.438834369 -2.05006643e-07 0
v 0.438834369 0.0501253642 0
v 0.352588594 0.070133917 0
v 0.344016522 0.104355864 0
v 0.332131326 0.13757281 0
v 0.317047566 0.169464871 0
v 0.298910469 0.199724883 0
v 0.277894735 0.228061438 0
v 0.254202724 0.254201651 0
v 0.228062585 0.277893782 0
v 0.19972612 0.298909634 0
v 0.169466168 0.317046881 0
v 0.137574166 0.33213076 0
v 0.104357272 0.344016075 0
v 0.0701353624 0.352588356 0
v 0.0352380201 0.357764989 0
v 0 0.119547009 0
v -0.0117176585 0.118971363 0
v -0.0233224668 0.117249951 0
v -0.0347026661 0.114399359 0
v -0.0457486659 0.110447034 0
v -0.0563540757 0.10543105 0
v -0.0664167702 0.0993997157 0
v -0.0758398175 0.0924111009 0
v -0.0845324993 0.0845325142 0
v -0.092411086 0.0758398175 0
v -0.0993997157 0.0664167702 0
v -0.10543105 0.0563540757 0
v -0.110447034 0.0457486585 0
v -0.114399359 0.0347026587 0
v -0.117249951 0.0233224556 0
v -0.118971363 0.0117176399 0
v -0.119547009 -1.94766798e-08 0
v -0.118971363 -0.0117176808 0
v -0.117249951 -0.0233224928 0
v -0.114399344 -0.0347027034 0
v -0.110447019 -0.0457486957 0
v -0.105431035 -0.0563541055 0
v -0.0993996859 -0.0664168 0
v -0.0924110562 -0.0758398622 0
v -0.0845324695 -0.084532544 0
v -0.0758397728 -0.0924111307 0
v -0.0664167106 -0.0993997455 0
v -0.0563540086 -0.10543108 0
v -0.0457485914 -0.110447079 0
v -0.0347025916 -0.114399374 0
v -0.0233223811 -0.117249966 0
v -0.0117175654 -0.118971363 0
v 9.59578301e-08 -0.119547009 0
v 0.0117177553 -0.118971348 0
v 0.0233225673 -0.117249936 0
v 0.0347027704 -0.114399329 0
v 0.0457487702 -0.11044699 0
v 0.05635418 -0.105431005 0
v 0.0664168596 -0.0993996561 0
v 0.0758399218 -0.0924110115 0
v 0.0845326036 -0.0845324099 0
v 0.0924111605 -0.0758397281 0
v 0.0993997455 -0.0664166957 0
v 0.10543108 -0.0563540161 0
v 0.110447049 -0.0457486212 0
v 0.114399359 -0.0347026512 0
v 0.117249951 -0.0233224742 0
v 0.118971363 -0.0117176883 0
v 0.119547009 -5.55788731e-08 0
v 0.118971363 0.0117175784 0
v 0.117249966 0.0233223625 0
v 0.114399403 0.0347025469 0
v 0.110447094 0.0457485169 0
v 0.105431139 0.0563539192 0
v 0.0993998051 0.0664165914 0
v 0.092411235 0.0758396387 0
v 0.0845326781 0.0845323205 0
v 0.0758400261 0.0924109221 0
v 0.0664170086 0.0993995368 0
v 0.0563543513 0.105430901 0
v 0.0457489714 0.1104469 0
v 0.0347030163 0.114399254 0
v 0.023322843 0.117249876 0
v 0.0117180664 0.118971318 0
vn 0 0 1
vn 0 0 1
vn 0 0 1
vn 0 0 1
vn 0 0 1
vn 0 0 1
vn 0 0 1
vn 0 0 1
vn 0 0 1
vn 0 0 1
vn 0 0 1
vn 0 0 1
vn 0 0 1
vn 0 0 1
vn 0 0 1
vn 0 0 1
vn 0 0 1
vn 0 0 1
vn 0 0 1
vn 0 0 1
vn 0 0 1
vn 0 0 1
vn 0 0 1
vn 0 0 1
vn 0 0 1
vn 0 0 1
vn 0 0 1
vn 0 0 1
vn 0 0 1
vn 0 0 1
vn 0 0 1
vn 0 0 1
vn 0 0 1
vn 0 0 1
vn 0 0 1
vn 0 0 1
vn 0 0 1
vn 0 0 1
vn 0 0 1
vn 0 0 1
vn 0 0 1
vn 0 0 1
vn 0 0 1
vn 0 0 1
vn 0 0 1
vn 0 0 1
vn 0 0 1
vn 0 0 1
vn 0 0 1
vn 0 0 1
vn 0 0 1
vn 0 0 1
vn 0 0 1
vn 0 0 1
vn 0 0 1
vn 0 0 1
vn 0 0 1
vn 0 0 1
vn 0 0 1
vn 0 0 1
vn 0 0 1
vn 0 0 1
vn 0 0 1
vn 0 0 1
vn 0 0 1
vn 0 0 1
vn 0 0 1
vn 0 0 1
vn 0 0 1
vn 0 0 1
vn 0 0 1
vn 0 0 1
vn 0 0 1
vn 0 0 1
vn 0 0 1
vn 0 0 1
vn 0 0 1
vn 0 0 1
vn 0 0 1
vn 0 0 1
vn 0 0 1
vn 0 0 1
vn 0 0 1
vn 0 0 1
vn 0 0 1
vn 0 0 1
vn 0 0 1
vn 0 0 1
vn 0 0 1
vn 0 0 1
vn 0 0 1
vn 0 0 1
vn 0 0 1
vn 0 0 1
vn 0 0 1
vn 0 0 1
vn 0 0 1
vn 0 0 1
vn 0 0 1
vn 0 0 1
vn 0 0 1
vn 0 0 1
vn 0 0 1
vn 0 0 1
vn 0 0 1
vn 0 0 1
vn 0 0 1
vn 0 0 1
vn 0 0 1
vn 0 0 1
vn 0 0 1
vn 0 0 1
vn 0 0 1
vn 0 0 1
vn 0 0 1
vn 0 0 1
vn 0 0 1
vn 0 0 1
vn 0 0 1
vn 0 0 1
vn 0 0 1
vn 0 0 1
vn 0 0 1
vn 0 0 1
vn 0 0 1
vn 0 0 1
vn 0 0 1
vn 0 0 1
vn 0 0 1
vn 0 0 1
vn 0 0 1
vn 0 0 1
vn 0 0 1
vn 0 0 1
vn 0 0 1
vn 0 0 1
vn 0 0 1
vn 0 0 1
vn 0 0 1
vn 0 0 1
vn 0 0 1
vn 0 0 1
vn 0 0 1
vn 0 0 1
vn 0 0 1
vn 0 0 1
vn 0 0 1
vn 0 0 1
vn 0 0 1
vn 0 0 1
vn 0 0 1
vn 0 0 1
vn 0 0 1
vn 0 0 1
vn 0 0 1
vn 0 0 1
vn 0 0 1
vn 0 0 1
vn 0 0 1
vn 0 0 1
vn 0 0 1
vn 0 0 1
vn 0 0 1
vn 0 0 1
vn 0 0 1
vn 0 0 1
vn 0 0 1
vn 0 0 1
vn 0 0 1
vn 0 0 1
vn 0 0 1
vn 0 0 1
vn 0 0 1
vn 0 0 1
vn 0 0 1
vn 0 0 1
vn 0 0 1
vn 0 0 1
vn 0 0 1
vn 0 0 1
vn 0 0 1
vn 0 0 1
vn 0 0 1
vn 0 0 1
vn 0 0 1
vn 0 0 1
vn 0 0 1
vn 0 0 1
vn 0 0 1
vn 0 0 1
vn 0 0 1
f 8537//8537 8600//8600 8599//8599
f 8537//8537 8599//8599 8536//8536
f 8525//8525 8587//8587 8586//8586
f 8525//8525 8586//8586 8524//8524
f 8498//8498 8560//8560 8559//8559
f 8498//8498 8559//8559 8497//8497
f 8511//8511 8573//8573 8572//8572
f 8511//8511 8572//8572 8510//8510
f 8524//8524 8586//8586 8585//8585
f 8524//8524 8585//8585 8523//8523
f 8536//8536 8599//8599 8598//8598
f 8536//8536 8598//8598 8535//8535
f 8484//8484 8546//8546 8545//8545
f 8484//8484 8545//8545 8483//8483
f 8497//8497 8559//8559 8558//8558
f 8497//8497 8558//8558 8496//8496
f 8510//8510 8572//8572 8571//8571
f 8510//8510 8571//8571 8509//8509
f 8523//8523 8585//8585 8584//8584
f 8523//8523 8584//8584 8522//8522
f 8535//8535 8598//8598 8597//8597
f 8535//8535 8597//8597 8534//8534
f 8483//8483 8545//8545 8544//8544
f 8483//8483 8544//8544 8482//8482
f 8496//8496 8558//8558 8557//8557
f 8496//8496 8557//8557 8495//8495
f 8509//8509 8571//8571 8570//8570
f 8509//8509 8570//8570 8508//8508
f 8522//8522 8584//8584 8583//8583
f 8522//8522 8583//8583 8521//8521
f 8534//8534 8597//8597 8596//8596
f 8534//8534 8596//8596 8533//8533
f 8482//8482 8544//8544 8543//8543
f 8482//8482 8543//8543 8481//8481
f 8495//8495 8557//8557 8556//8556
f 8495//8495 8556//8556 8494//8494
f 8508//8508 8570//8570 8569//8569
f 8508//8508 8569//8569 8507//8507
f 8521//8521 8583//8583 8582//8582
f 8521//8521 8582//8582 8520//8520
f 8533//8533 8596//8596 8595//8595
f 8533//8533 8595//8595 8532//8532
f 8481//8481 8543//8543 8542//8542
f 8481//8481 8542//8542 8480//8480
f 8494//8494 8556//8556 8555//8555
f 8494//8494 8555//8555 8493//8493
f 8507//8507 8569//8569 8568//8568
f 8507//8507 8568//8568 8506//8506
f 8520//8520 8582//8582 8581//8581
f 8520//8520 8581//8581 8519//8519
f 8532//8532 8595//8595 8594//8594
f 8532//8532 8594//8594 8531//8531
f 8493//8493 8555//8555 8554//8554
f 8493//8493 8554//8554 8492//8492
f 8506//8506 8568//8568 8567//8567
f 8506//8506 8567//8567 8505//8505
f 8519//8519 8581//8581 8580//8580
f 8519//8519 8580//8580 8518//8518
f 8531//8531 8594//8594 8593//8593
f 8531//8531 8593//8593 8530//8530
f 8480//8480 8542//8542 8478//8478
f 8480//8480 8478//8478 8479//8479
f 8492//8492 8554//8554 8553//8553
f 8492//8492 8553//8553 8491//8491
f 8505//8505 8567//8567 8566//8566
f 8505//8505 8566//8566 8504//8504
f 8518//8518 8580//8580 8579//8579
f 8518//8518 8579//8579 8517//8517
f 8530//8530 8593//8593 8592//8592
f 8530//8530 8592//8592 8529//8529
f 8491//8491 8553//8553 8552//8552
f 8491//8491 8552//8552 8490//8490
f 8504//8504 8566//8566 8565//8565
f 8504//8504 8565//8565 8503//8503
f 8517//8517 8579//8579 8578//8578
f 8517//8517 8578//8578 8516//8516
f 8529//8529 8592//8592 8591//8591
f 8529//8529 8591//8591 8528//8528
f 8479//8479 8478//8478 8604//8604
f 8479//8479 8604//8604 8541//8541
f 8490//8490 8552//8552 8551//8551
f 8490//8490 8551//8551 8489//8489
f 8503//8503 8565//8565 8564//8564
f 8503//8503 8564//8564 8502//8502
f 8516//8516 8578//8578 8577//8577
f 8516//8516 8577//8577 8515//8515
f 8528//8528 8591//8591 8590//8590
f 8528//8528 8590//8590 8527//8527
f 8541//8541 8604//8604 8603//8603
f 8541//8541 8603//8603 8540//8540
f 8489//8489 8551//8551 8550//8550
f 8489//8489 8550//8550 8488//8488
f 8502//8502 8564//8564 8563//8563
f 8502//8502 8563//8563 8501//8501
f 8515//8515 8577//8577 8576//8576
f 8515//8515 8576//8576 8514//8514
f 8540//8540 8603//8603 8602//8602
f 8540//8540 8602//8602 8539//8539
f 8488//8488 8550//8550 8549//8549
f 8488//8488 8549//8549 8487//8487
f 8501//8501 8563//8563 8562//8562
f 8501//8501 8562//8562 8500//8500
f 8514//8514 8576//8576 8575//8575
f 8514//8514 8575//8575 8513//8513
f 8539//8539 8602//8602 8601//8601
f 8539//8539 8601//8601 8538//8538
f 8487//8487 8549//8549 8548//8548
f 8487//8487 8548//8548 8486//8486
f 8500//8500 8562//8562 8561//8561
f 8500//8500 8561//8561 8499//8499
f 8513//8513 8575//8575 8574//8574
f 8513//8513 8574//8574 8512//8512
f 8526//8526 8588//8588 8587//8587
f 8526//8526 8587//8587 8525//8525
f 8538//8538 8601//8601 8600//8600
f 8538//8538 8600//8600 8537//8537
f 8486//8486 8548//8548 8547//8547
f 8486//8486 8547//8547 8485//8485
f 8499//8499 8561//8561 8560//8560
f 8499//8499 8560//8560 8498//8498
f 8512//8512 8574//8574 8573//8573
f 8512//8512 8573//8573 8511//8511
f 8485//8485 8547//8547 8546//8546
f 8485//8485 8546//8546 8484//8484
f 8546//8546 8610//8610 8609//8609
f 8546//8546 8609//8609 8545//8545
f 8559//8559 8623//8623 8622//8622
f 8559//8559 8622//8622 8558//8558
f 8572//8572 8636//8636 8635//8635
f 8572//8572 8635//8635 8571//8571
f 8585//8585 8649//8649 8648//8648
f 8585//8585 8648//8648 8584//8584
f 8598//8598 8662//8662 8661//8661
f 8598//8598 8661//8661 8597//8597
f 8545//8545 8609//8609 8608//8608
f 8545//8545 8608//8608 8544//8544
f 8558//8558 8622//8622 8621//8621
f 8558//8558 8621//8621 8557//8557
f 8571//8571 8635//8635 8634//8634
f 8571//8571 8634//8634 8570//8570
f 8584//8584 8648//8648 8647//8647
f 8584//8584 8647//8647 8583//8583
f 8597//8597 8661//8661 8660//8660
f 8597//8597 8660//8660 8596//8596
f 8544//8544 8608//8608 8607//8607
f 8544//8544 8607//8607 8543//8543
f 8557//8557 8621//8621 8620//8620
f 8557//8557 8620//8620 8556//8556
f 8570//8570 8634//8634 8633//8633
f 8570//8570 8633//8633 8569//8569
f 8583//8583 8647//8647 8646//8646
f 8583//8583 8646//8646 8582//8582
f 8596//8596 8660//8660 8659//8659
f 8596//8596 8659//8659 8595//8595
f 8543//8543 8607//8607 8606//8606
f 8543//8543 8606//8606 8542//8542
f 8556//8556 8620//8620 8619//8619
f 8556//8556 8619//8619 8555//8555
f 8569//8569 8633//8633 8632//8632
f 8569//8569 8632//8632 8568//8568
f 8582//8582 8646//8646 8645//8645
f 8582//8582 8645//8645 8581//8581
f 8595//8595 8659//8659 8658//8658
f 8595//8595 8658//8658 8594//8594
f 8542//8542 8606//8606 8605//8605
f 8542//8542 8605//8605 8478//8478
f 8555//8555 8619//8619 8618//8618
f 8555//8555 8618//8618 8554//8554
f 8568//8568 8632//8632 8631//8631
f 8568//8568 8631//8631 8567//8567
f 8581//8581 8645//8645 8644//8644
f 8581//8581 8644//8644 8580//8580
f 8594//8594 8658//8658 8657//8657
f 8594//8594 8657//8657 8593//8593
f 8554//8554 8618//8618 8617//8617
f 8554//8554 8617//8617 8553//8553
f 8567//8567 8631//8631 8630//8630
f 8567//8567 8630//8630 8566//8566
f 8580//8580 8644//8644 8643//8643
f 8580//8580 8643//8643 8579//8579
f 8593//8593 8657//8657 8656//8656
f 8593//8593 8656//8656 8592//8592
f 8553//8553 8617//8617 8616//8616
f 8553//8553 8616//8616 8552//8552
f 8566//8566 8630//8630 8629//8629
f 8566//8566 8629//8629 8565//8565
f 8579//8579 8643//8643 8642//8642
f 8579//8579 8642//8642 8578//8578
f 8592//8592 8656//8656 8655//8655
f 8592//8592 8655//8655 8591//8591
f 8478//8478 8605//8605 8668//8668
f 8478//8478 8668//8668 8604//8604
f 8552//8552 8616//8616 8615//8615
f 8552//8552 8615//8615 8551//8551
f 8565//8565 8629//8629 8628//8628
f 8565//8565 8628//8628 8564//8564
f 8578//8578 8642//8642 8641//8641
f 8578//8578 8641//8641 8577//8577
f 8591//8591 8655//8655 8654//8654
f 8591//8591 8654//8654 8590//8590
f 8604//8604 8668//8668 8667//8667
f 8604//8604 8667//8667 8603//8603
f 8551//8551 8615//8615 8614//8614
f 8551//8551 8614//8614 8550//8550
f 8564//8564 8628//8628 8627//8627
f 8564//8564 8627//8627 8563//8563
f 8577//8577 8641//8641 8640//8640
f 8577//8577 8640//8640 8576//8576
f 8590//8590 8654//8654 8653//8653
f 8590//8590 8653//8653 8589//8589
f 8603//8603 8667//8667 8666//8666
f 8603//8603 8666//8666 8602//8602
f 8550//8550 8614//8614 8613//8613
f 8550//8550 8613//8613 8549//8549
f 8563//8563 8627//8627 8626//8626
f 8563//8563 8626//8626 8562//8562
f 8576//8576 8640//8640 8639//8639
f 8576//8576 8639//8639 8575//8575
f 8589//8589 8653//8653 8652//8652
f 8589//8589 8652//8652 8588//8588
f 8602//8602 8666//8666 8665//8665
f 8602//8602 8665//8665 8601//8601
f 8549//8549 8613//8613 8612//8612
f 8549//8549 8612//8612 8548//8548
f 8562//8562 8626//8626 8625//8625
f 8562//8562 8625//8625 8561//8561
f 8575//8575 8639//8639 8638//8638
f 8575//8575 8638//8638 8574//8574
f 8588//8588 8652//8652 8651//8651
f 8588//8588 8651//8651 8587//8587
f 8601//8601 8665//8665 8664//8664
f 8601//8601 8664//8664 8600//8600
f 8548//8548 8612//8612 8611//8611
f 8548//8548 8611//8611 8547//8547
f 8561//8561 8625//8625 8624//8624
f 8561//8561 8624//8624 8560//8560
f 8574//8574 8638//8638 8637//8637
f 8574//8574 8637//8637 8573//8573
f 8587//8587 8651//8651 8650//8650
f 8587//8587 8650//8650 8586//8586
f 8600//8600 8664//8664 8663//8663
f 8600//8600 8663//8663 8599//8599
f 8547//8547 8611//8611 8610//8610
f 8547//8547 8610//8610 8546//8546
f 8560//8560 8624//8624 8623//8623
f 8560//8560 8623//8623 8559//8559
f 8573//8573 8637//8637 8636//8636
f 8573//8573 8636//8636 8572//8572
f 8586//8586 8650//8650 8649//8649
f 8586//8586 8649//8649 8585//8585
f 8599//8599 8663//8663 8662//8662
f 8599//8599 8662//8662 8598//8598
o Logo
v 0.210464761 -0.0975977778 0
v 0.29299897 -0.0919124931 0
v 0.291554153 -0.0991770327 0
v 0.290283442 -0.106062561 0
v 0.289186746 -0.112569094 0
v 0.288264096 -0.1186966 0
v 0.287515521 -0.124445051 0
v 0.286940992 -0.129814535 0
v 0.286540508 -0.134804964 0
v 0.28631407 -0.139416382 0
v 0.286261678 -0.143648773 0
v 0.286383331 -0.147502169 0
v 0.286679029 -0.150976524 0
v 0.287148833 -0.154071838 0
v 0.287787676 -0.156926349 0
v 0.288590699 -0.159678191 0
v 0.289557844 -0.162327379 0
v 0.290689111 -0.164873913 0
v 0.291984528 -0.167317793 0
v 0.293444067 -0.169659033 0
v 0.295067757 -0.17189762 0
v 0.296855569 -0.174033552 0
v 0.298807532 -0.176066831 0
v 0.300923645 -0.177997485 0
v 0.303203881 -0.179825455 0
v 0.305648267 -0.181550831 0
v 0.308280468 -0.18315509 0
v 0.311124146 -0.184619859 0
v 0.314179391 -0.185945123 0
v 0.317446083 -0.187130868 0
v 0.320924312 -0.188177124 0
v 0.324614018 -0.189083874 0
v 0.328515202 -0.189851135 0
v 0.332627922 -0.190478876 0
v 0.33695209 -0.190967143 0
v 0.341487825 -0.191315874 0
v 0.346235037 -0.191525131 0
v 0.351193756 -0.191594884 0
v 0.357651174 -0.191463292 0
v 0.363901854 -0.19106847 0
v 0.369945854 -0.19041045 0
v 0.375783116 -0.189489231 0
v 0.381413639 -0.188304767 0
v 0.386837482 -0.186857119 0
v 0.392054588 -0.185146257 0
v 0.397064984 -0.183172196 0
v 0.401868671 -0.180934906 0
v 0.40646562 -0.178434432 0
v 0.41085586 -0.175670728 0
v 0.415039361 -0.17264384 0
v 0.419001579 -0.169403732 0
v 0.422727883 -0.166000456 0
v 0.426218212 -0.162433982 0
v 0.429472625 -0.158704311 0
v 0.432491094 -0.154811442 0
v 0.435273647 -0.150755405 0
v 0.437820286 -0.146536171 0
v 0.440130979 -0.142153755 0
v 0.442205757 -0.137608141 0
v 0.44404462 -0.132899344 0
v 0.445647538 -0.128027335 0
v 0.447014511 -0.122992158 0
v 0.447804064 -0.119433597 0
v 0.448414743 -0.115959227 0
v 0.448846638 -0.112569094 0
v 0.44909969 -0.109263211 0
v 0.449173927 -0.106041536 0
v 0.449069321 -0.102904081 0
v 0.448785901 -0.0998508632 0
v 0.448323667 -0.0968818814 0
v 0.447682589 -0.093997106 0
v 0.446862727 -0.0911965519 0
v 0.445863992 -0.0884802341 0
v 0.444686472 -0.0858481675 0
v 0.443173528 -0.083234489 0
v 0.441199422 -0.0804471225 0
v 0.438764125 -0.0774860233 0
v 0.435867697 -0.0743511915 0
v 0.432510078 -0.0710426569 0
v 0.428691328 -0.0675604045 0
v 0.424411386 -0.0639044344 0
v 0.419670284 -0.0600747541 0
v 0.41446802 -0.056071341 0
v 0.408804595 -0.0518942364 0
v 0.40267998 -0.0475433879 0
v 0.396094292 -0.0430188403 0
v 0.387712121 -0.0372532532 0
v 0.379840106 -0.031706132 0
v 0.372478247 -0.0263774712 0
v 0.365626633 -0.0212672781 0
v 0.359285176 -0.0163755435 0
v 0.353453934 -0.011702273 0
v 0.348132849 -0.00724746613 0
v 0.343321979 -0.00301112374 0
v 0.339021266 0.0010067554 0
v 0.335230768 0.00480617071 0
v 0.331950456 0.00838712323 0
v 0.32918033 0.0117496084 0
v 0.326742768 0.0150647266 0
v 0.324460059 0.0185035542 0
v 0.322332263 0.0220660865 0
v 0.320359349 0.0257523246 0
v 0.318541348 0.0295622721 0
v 0.3168782 0.0334959216 0
v 0.315369964 0.0375532843 0
v 0.31401661 0.0417343527 0
v 0.31281817 0.0460391268 0
v 0.311774582 0.0504676141 0
v 0.310885906 0.0550197959 0
v 0.310152113 0.059695702 0
v 0.309584826 0.0644887239 0
v 0.309195578 0.0693923086 0
v 0.308984399 0.074406445 0
v 0.308951259 0.0795311034 0
v 0.309096158 0.0847663283 0
v 0.309419125 0.090112105 0
v 0.309920132 0.0955684185 0
v 0.310599208 0.101135284 0
v 0.311456352 0.106812686 0
v 0.312491506 0.112600654 0
v 0.313704759 0.118499175 0
v 0.315096021 0.124508217 0
v 0.318343371 0.136681616 0
v 0.322040707 0.148439124 0
v 0.326188058 0.159780785 0
v 0.330785424 0.170706585 0
v 0.335832834 0.181216478 0
v 0.34133023 0.19131054 0
v 0.347277611 0.200988725 0
v 0.353675038 0.210251033 0
v 0.360522479 0.219097495 0
v 0.367819905 0.227528036 0
v 0.375567377 0.235542744 0
v 0.383764833 0.243141577 0
v 0.39231357 0.250224531 0
v 0.401114792 0.256691575 0
v 0.410168529 0.262542695 0
v 0.419474781 0.26777792 0
v 0.429033548 0.27239719 0
v 0.43884483 0.276400596 0
v 0.448908597 0.279788107 0
v 0.45922488 0.282559663 0
v 0.469793677 0.284715384 0
v 0.48061499 0.286255151 0
v 0.491688788 0.287178993 0
v 0.503015161 0.28748703 0
v 0.514315248 0.287181705 0
v 0.525080204 0.286265731 0
v 0.53531009 0.284739107 0
v 0.545004785 0.282601833 0
v 0.55416441 0.27985394 0
v 0.562788844 0.276495397 0
v 0.570878208 0.272526234 0
v 0.578432441 0.267946392 0
v 0.585451484 0.262755901 0
v 0.591935396 0.256954789 0
v 0.597884178 0.250543028 0
v 0.603297949 0.243520617 0
v 0.608122826 0.235942841 0
v 0.612305284 0.227864981 0
v 0.615845323 0.219286993 0
v 0.618742943 0.210208952 0
v 0.620998144 0.200630784 0
v 0.622610867 0.190552518 0
v 0.623581231 0.179974169 0
v 0.623909116 0.168895707 0
v 0.623594642 0.157317162 0
v 0.622637689 0.145238519 0
v 0.621038318 0.132659778 0
v 0.618796587 0.119580925 0
v 0.535756826 0.114653662 0
v 0.537491202 0.127790406 0
v 0.538073838 0.139784828 0
v 0.537504852 0.150636941 0
v 0.535784125 0.160346702 0
v 0.532911718 0.168914139 0
v 0.52888763 0.176339269 0
v 0.523711801 0.18262206 0
v 0.517384291 0.187762529 0
v 0.5099051 0.191760629 0
v 0.501274228 0.194616467 0
v 0.491491616 0.196329936 0
v 0.480557442 0.196901083 0
v 0.474959165 0.196791857 0
v 0.469559342 0.196464166 0
v 0.464357942 0.195918024 0
v 0.459355026 0.195153385 0
v 0.454550564 0.194170311 0
v 0.449944586 0.192968771 0
v 0.445537031 0.191548765 0
v 0.441327929 0.189910278 0
v 0.437317312 0.18805337 0
v 0.433505148 0.185977966 0
v 0.429891407 0.183684096 0
v 0.426476151 0.18117176 0
v 0.423252016 0.178469926 0
v 0.420211703 0.175607532 0
v 0.41735521 0.172584593 0
v 0.414682508 0.169401094 0
v 0.412193656 0.16605702 0
v 0.409888595 0.162552401 0
v 0.407767385 0.158887208 0
v 0.405829966 0.155061468 0
v 0.404076368 0.151075184 0
v 0.40250659 0.146928325 0
v 0.401120633 0.142620906 0
v 0.399918467 0.138152942 0
v 0.399022311 0.13404952 0
v 0.398369312 0.130077705 0
v 0.397959471 0.126237482 0
v 0.397792727 0.122528881 0
v 0.39786917 0.118951887 0
v 0.39818871 0.11550647 0
v 0.398751438 0.112192675 0
v 0.399557292 0.109010503 0
v 0.400606304 0.105959907 0
v 0.401898444 0.103040934 0
v 0.40343374 0.100253537 0
v 0.405212164 0.097597748 0
v 0.407232225 0.09487091 0
v 0.409638345 0.0919966698 0
v 0.412430525 0.0889750272 0
v 0.415608793 0.0858059973 0
v 0.419173092 0.0824895799 0
v 0.423123419 0.0790257454 0
v 0.427459866 0.0754145235 0
v 0.432182342 0.0716559142 0
v 0.437290847 0.0677498877 0
v 0.442785442 0.0636964738 0
v 0.448666096 0.0594956651 0
v 0.454932779 0.0551474765 0
v 0.46323368 0.0495056026 0
v 0.471030295 0.0440769121 0
v 0.478322625 0.0388614275 0
v 0.48511067 0.0338591449 0
v 0.49139446 0.0290700607 0
v 0.497173965 0.0244941767 0
v 0.502449214 0.0201314911 0
v 0.507220089 0.0159820039 0
v 0.511486769 0.012045715 0
v 0.515249133 0.00832262635 0
v 0.518507242 0.00481273653 0
v 0.521261036 0.00151605089 0
v 0.523684382 -0.00173457211 0
v 0.525951087 -0.00510627171 0
v 0.528061152 -0.00859904755 0
v 0.530014575 -0.0122128995 0
v 0.531811357 -0.0159478299 0
v 0.533451438 -0.0198038351 0
v 0.534934878 -0.0237809159 0
v 0.536261737 -0.0278790742 0
v 0.537431896 -0.0320983082 0
v 0.538445473 -0.0364386216 0
v 0.539302349 -0.0409000069 0
v 0.540002584 -0.0454824716 0
v 0.540538847 -0.0501767918 0
v 0.540903747 -0.0549737737 0
v 0.541097403 -0.0598733947 0
v 0.541119635 -0.0648756772 0
v 0.540970623 -0.0699806213 0
v 0.540650249 -0.0751882046 0
v 0.540158451 -0.0804984421 0
v 0.539495349 -0.0859113187 0
v 0.538660944 -0.0914268792 0
v 0.537655175 -0.097045064 0
v 0.536478102 -0.102765903 0
v 0.535129726 -0.108589381 0
v 0.531657398 -0.121527404 0
v 0.527655065 -0.134062707 0
v 0.523122787 -0.146195322 0
v 0.518060565 -0.157925233 0
v 0.512468398 -0.169252411 0
v 0.506346226 -0.180176869 0
v 0.499694109 -0.190698653 0
v 0.492512047 -0.200817734 0
v 0.484800011 -0.210534066 0
v 0.476558 -0.219847724 0
v 0.467786074 -0.228758633 0
v 0.458484292 -0.237266839 0
v 0.448800474 -0.24522759 0
v 0.438882768 -0.252496064 0
v 0.428731203 -0.259072363 0
v 0.418345779 -0.264956385 0
v 0.407726467 -0.270148188 0
v 0.396873295 -0.274647713 0
v 0.385786235 -0.278455049 0
v 0.374465287 -0.281570077 0
v 0.36291045 -0.283992946 0
v 0.351121753 -0.285723507 0
v 0.339099169 -0.28676185 0
v 0.326842725 -0.287108004 0
v 0.317677736 -0.286926419 0
v 0.308829248 -0.286381572 0
v 0.30029723 -0.285473526 0
v 0.292081684 -0.284202188 0
v 0.284182608 -0.28256765 0
v 0.276599973 -0.280569911 0
v 0.26933381 -0.278208941 0
v 0.262384146 -0.275484741 0
v 0.255750924 -0.27239728 0
v 0.249434203 -0.268946618 0
v 0.243433937 -0.265132725 0
v 0.237750083 -0.260955632 0
v 0.232429117 -0.256475806 0
v 0.227517381 -0.251753867 0
v 0.223014861 -0.246789739 0
v 0.218921512 -0.241583481 0
v 0.215237394 -0.236135066 0
v 0.211962491 -0.230444491 0
v 0.20909676 -0.224511787 0
v 0.206640273 -0.218336895 0
v 0.204592988 -0.211919874 0
v 0.202954918 -0.205260709 0
v 0.201726049 -0.198359385 0
v 0.200906426 -0.191215873 0
v 0.20040901 -0.18390654 0
v 0.200146869 -0.176507756 0
v 0.200119972 -0.169019461 0
v 0.20032835 -0.161441684 0
v 0.200771973 -0.153774425 0
v 0.201450869 -0.146017671 0
v 0.202365041 -0.13817142 0
v 0.203514457 -0.130235672 0
v 0.204899147 -0.122210443 0
v 0.206519082 -0.114095718 0
v 0.208374292 -0.105891511 0
v -0.232999012 -0.277632535 0
v -0.0106929243 0.278011531 0
v 0.296972841 0.278011531 0
v 0.25980258 0.185151488 0
v 0.0377721824 0.185151488 0
v -0.0127194067 0.0589376613 0
v 0.202059612 0.0589376613 0
v 0.164889365 -0.0339223482 0
v -0.0498896502 -0.0339223482 0
v -0.110538706 -0.184772491 0
v 0.128066286 -0.184772491 0
v 0.091241315 -0.277632535 0
v -0.604178309 -0.0596957393 0
v -0.601087928 -0.047664471 0
v -0.597676516 -0.0355752967 0
v -0.593944013 -0.0234282166 0
v -0.58989048 -0.0112232286 0
v -0.585515857 0.00103966345 0
v -0.580820203 0.0133604612 0
v -0.575803399 0.025739165 0
v -0.570465565 0.0381757692 0
v -0.56480664 0.0506702773 0
v -0.558826625 0.0632226914 0
v -0.55252558 0.0758330375 0
v -0.545903444 0.0885012448 0
v -0.537156403 0.10447143 0
v -0.528195262 0.119786218 0
v -0.519020021 0.134445623 0
v -0.50963068 0.148449644 0
v -0.500027239 0.161798254 0
v -0.490209728 0.17449151 0
v -0.480178118 0.186529368 0
v -0.469932407 0.197911814 0
v -0.459472597 0.208638892 0
v -0.448798686 0.218710557 0
v -0.437910706 0.228126869 0
v -0.426808774 0.236887768 0
v -0.415565521 0.244969606 0
v -0.404254019 0.252348661 0
v -0.392874271 0.259024918 0
v -0.381426275 0.264998466 0
v -0.369910032 0.270269215 0
v -0.358325511 0.274837226 0
v -0.346672773 0.278702438 0
v -0.334951788 0.281864911 0
v -0.323162556 0.284324616 0
v -0.311305106 0.286081523 0
v -0.299379408 0.287135661 0
v -0.287385464 0.28748703 0
v -0.275186419 0.287052721 0
v -0.263566315 0.285749793 0
v -0.252525091 0.283578336 0
v -0.242062777 0.280538291 0
v -0.232179403 0.276629657 0
v -0.22287491 0.271852434 0
v -0.214149356 0.266206592 0
v -0.206002682 0.259692192 0
v -0.198434919 0.252309173 0
v -0.191446096 0.244057566 0
v -0.185036182 0.2349374 0
v -0.179205179 0.22494863 0
v -0.17407763 0.21420972 0
v -0.169778109 0.202839106 0
v -0.166306615 0.190836802 0
v -0.163663149 0.178202793 0
v -0.161847696 0.164937064 0
v -0.16086027 0.15103966 0
v -0.160700858 0.136510536 0
v -0.161369473 0.121349737 0
v -0.162866116 0.105557203 0
v -0.165190756 0.0891329795 0
v -0.16834344 0.0720770806 0
v -0.172324151 0.0543894283 0
v -0.176517814 0.0381968282 0
v -0.181142077 0.0222147945 0
v -0.186196908 0.00644332962 0
v -0.191682339 -0.00911756791 0
v -0.197598338 -0.0244678967 0
v -0.203944951 -0.039607659 0
v -0.210722134 -0.054536853 0
v -0.2179299 -0.0692554861 0
v -0.22556825 -0.0837635249 0
v -0.233637199 -0.0980610251 0
v -0.242136717 -0.112147957 0
v -0.251066864 -0.126024351 0
v -0.260255307 -0.139495343 0
v -0.269529909 -0.152366266 0
v -0.27889061 -0.164637044 0
v -0.288337409 -0.176307723 0
v -0.297870308 -0.187378272 0
v -0.307489336 -0.197848722 0
v -0.317194462 -0.207719043 0
v -0.326985717 -0.216989264 0
v -0.336863041 -0.225659341 0
v -0.346826524 -0.233729333 0
v -0.356876075 -0.24119918 0
v -0.367011726 -0.248068929 0
v -0.377195597 -0.254364878 0
v -0.38738966 -0.260113329 0
v -0.397593975 -0.265314341 0
v -0.407808542 -0.269967854 0
v -0.418033302 -0.274073899 0
v -0.428268343 -0.277632475 0
v -0.438513607 -0.280643582 0
v -0.448769122 -0.283107191 0
v -0.45903486 -0.285023361 0
v -0.46931082 -0.286392033 0
v -0.479597062 -0.287213266 0
v -0.489893496 -0.28748703 0
v -0.501904368 -0.287092239 0
v -0.513305247 -0.285907805 0
v -0.524096072 -0.283933729 0
v -0.534276962 -0.281170011 0
v -0.543847799 -0.277616709 0
v -0.552808642 -0.273273766 0
v -0.561159551 -0.26814121 0
v -0.568900466 -0.262219042 0
v -0.576031327 -0.255507201 0
v -0.582552254 -0.248005778 0
v -0.588463187 -0.239714712 0
v -0.593764067 -0.230633989 0
v -0.599300504 -0.219197571 0
v -0.603988051 -0.207250506 0
v -0.607826769 -0.194792852 0
v -0.610816717 -0.18182455 0
v -0.612957835 -0.16834563 0
v -0.614250064 -0.154356092 0
v -0.614693463 -0.139855936 0
v -0.614288092 -0.124845147 0
v -0.613033891 -0.109323725 0
v -0.61093086 -0.093291685 0
v -0.607979 -0.0767490119 0
v -0.519023716 -0.0574216098 0
v -0.52128911 -0.0674827546 0
v -0.523088992 -0.0771991014 0
v -0.52442342 -0.0865706652 0
v -0.525292456 -0.0955973864 0
v -0.525696039 -0.10427931 0
v -0.52563411 -0.112616479 0
v -0.525106788 -0.120608792 0
v -0.524114072 -0.128256336 0
v -0.522655845 -0.135559052 0
v -0.520732224 -0.142516971 0
v -0.518343151 -0.149130091 0
v -0.515488565 -0.155398428 0
v -0.512256622 -0.161240339 0
v -0.50873518 -0.166574255 0
v -0.504924297 -0.171400189 0
v -0.500823915 -0.175718129 0
v -0.496434122 -0.179528058 0
v -0.49175483 -0.182830021 0
v -0.486786097 -0.185623974 0
v -0.481527895 -0.187909946 0
v -0.475980222 -0.189687937 0
v -0.47014311 -0.190957904 0
v -0.464016527 -0.19171989 0
v -0.457600504 -0.191973895 0
v -0.452264369 -0.191784397 0
v -0.446845353 -0.191215873 0
v -0.441343367 -0.190268323 0
v -0.435758442 -0.188941762 0
v -0.430090606 -0.187236175 0
v -0.424339831 -0.185151562 0
v -0.418506145 -0.182687923 0
v -0.41258952 -0.179845273 0
v -0.406589955 -0.176623598 0
v -0.40050748 -0.173022911 0
v -0.394342065 -0.169043183 0
v -0.38809371 -0.1646844 0
v -0.38180083 -0.159892693 0
v -0.375501782 -0.154614031 0
v -0.369196564 -0.148848459 0
v -0.362885237 -0.142595947 0
v -0.356567711 -0.135856479 0
v -0.350244045 -0.128630087 0
v -0.343914181 -0.120916754 0
v -0.337578207 -0.112716481 0
v -0.331236035 -0.104029298 0
v -0.324887723 -0.0948551446 0
v -0.318533272 -0.085194096 0
v -0.312172621 -0.0750460774 0
v -0.305964828 -0.0646401197 0
v -0.300068885 -0.0542052127 0
v -0.294484824 -0.0437413566 0
v -0.289212614 -0.0332485475 0
v -0.284252256 -0.0227267817 0
v -0.27960375 -0.012176062 0
v -0.275267124 -0.00159639132 0
v -0.27124235 0.00901223253 0
v -0.267529428 0.0196498092 0
v -0.264128387 0.0303163398 0
v -0.261039197 0.0410118252 0
v -0.25826183 0.0517362654 0
v -0.255762547 0.0627804995 0
v -0.253754169 0.0734246671 0
v -0.252236694 0.0836687535 0
v -0.251210153 0.0935127586 0
v -0.250674546 0.102956682 0
v -0.250629842 0.11200054 0
v -0.251076072 0.120644301 0
v -0.252013236 0.128887981 0
v -0.253441334 0.136731625 0
v -0.255360305 0.144175142 0
v -0.25777024 0.151218608 0
v -0.260671079 0.157861993 0
v -0.26359266 0.163310409 0
v -0.266845703 0.168285042 0
v -0.270430207 0.172785908 0
v -0.274346173 0.176813021 0
v -0.27859363 0.180366337 0
v -0.283172518 0.183445871 0
v -0.288082898 0.186051637 0
v -0.293324709 0.188183621 0
v -0.298898011 0.189841822 0
v -0.304802775 0.19102627 0
v -0.311039001 0.191736907 0
v -0.317606688 0.19197382 0
v -0.323058546 0.1917817 0
v -0.328594655 0.191205263 0
v -0.334214956 0.190244555 0
v -0.339919448 0.188899562 0
v -0.345708162 0.187170282 0
v -0.351581097 0.185056716 0
v -0.357538223 0.182558864 0
v -0.363579601 0.179676741 0
v -0.3697052 0.176410317 0
v -0.375914991 0.172759622 0
v -0.382208973 0.168724626 0
v -0.388587177 0.164305359 0
v -0.394998431 0.159461007 0
v -0.401391476 0.154150784 0
v -0.407766402 0.148374662 0
v -0.414123178 0.14213267 0
v -0.420461744 0.135424793 0
v -0.426782191 0.128251031 0
v -0.433084428 0.120611414 0
v -0.439368546 0.112505883 0
v -0.445634454 0.103934497 0
v -0.451882213 0.0948972255 0
v -0.458111823 0.0853940547 0
v -0.464323252 0.0754250437 0
v -0.470388621 0.065150708 0
v -0.476179957 0.0547315888 0
v -0.481697351 0.0441677123 0
v -0.486940712 0.0334590636 0
v -0.49191007 0.0226056539 0
v -0.496605456 0.0116074793 0
v -0.501026809 0.000464540033 0
v -0.50517422 -0.0108231632 0
v -0.509047568 -0.0222556312 0
v -0.512646914 -0.033832863 0
v -0.515972376 -0.0455548614 0
vn 0 0 1
vn 0 0 1
vn 0 0 1
vn 0 0 1
vn 0 0 1
vn 0 0 1
vn 0 0 1
vn 0 0 1
vn 0 0 1
vn 0 0 1
vn 0 0 1
vn 0 0 1
vn 0 0 1
vn 0 0 1
vn 0 0 1
vn 0 0 1
vn 0 0 1
vn 0 0 1
vn 0 0 1
vn 0 0 1
vn 0 0 1
vn 0 0 1
vn 0 0 1
vn 0 0 1
vn 0 0 1
vn 0 0 1
vn 0 0 1
vn 0 0 1
vn 0 0 1
vn 0 0 1
vn 0 0 1
vn 0 0 1
vn 0 0 1
vn 0 0 1
vn 0 0 1
vn 0 0 1
vn 0 0 1
vn 0 0 1
vn 0 0 1
vn 0 0 1
vn 0 0 1
vn 0 0 1
vn 0 0 1
vn 0 0 1
vn 0 0 1
vn 0 0 1
vn 0 0 1
vn 0 0 1
vn 0 0 1
vn 0 0 1
vn 0 0 1
vn 0 0 1
vn 0 0 1
vn 0 0 1
vn 0 0 1
vn 0 0 1
vn 0 0 1
vn 0 0 1
vn 0 0 1
vn 0 0 1
vn 0 0 1
vn 0 0 1
vn 0 0 1
vn 0 0 1
vn 0 0 1
vn 0 0 1
vn 0 0 1
vn 0 0 1
vn 0 0 1
vn 0 0 1
vn 0 0 1
vn 0 0 1
vn 0 0 1
vn 0 0 1
vn 0 0 1
vn 0 0 1
vn 0 0 1
vn 0 0 1
vn 0 0 1
vn 0 0 1
vn 0 0 1
vn 0 0 1
vn 0 0 1
vn 0 0 1
vn 0 0 1
vn 0 0 1
vn 0 0 1
vn 0 0 1
vn 0 0 1
vn 0 0 1
vn 0 0 1
vn 0 0 1
vn 0 0 1
vn 0 0 1
vn 0 0 1
vn 0 0 1
vn 0 0 1
vn 0 0 1
vn 0 0 1
vn 0 0 1
vn 0 0 1
vn 0 0 1
vn 0 0 1
vn 0 0 1
vn 0 0 1
vn 0 0 1
vn 0 0 1
vn 0 0 1
vn 0 0 1
vn 0 0 1
vn 0 0 1
vn 0 0 1
vn 0 0 1
vn 0 0 1
vn 0 0 1
vn 0 0 1
vn 0 0 1
vn 0 0 1
vn 0 0 1
vn 0 0 1
vn 0 0 1
vn 0 0 1
vn 0 0 1
vn 0 0 1
vn 0 0 1
vn 0 0 1
vn 0 0 1
vn 0 0 1
vn 0 0 1
vn 0 0 1
vn 0 0 1
vn 0 0 1
vn 0 0 1
vn 0 0 1
vn 0 0 1
vn 0 0 1
vn 0 0 1
vn 0 0 1
vn 0 0 1
vn 0 0 1
vn 0 0 1
vn 0 0 1
vn 0 0 1
vn 0 0 1
vn 0 0 1
vn 0 0 1
vn 0 0 1
vn 0 0 1
vn 0 0 1
vn 0 0 1
vn 0 0 1
vn 0 0 1
vn 0 0 1
vn 0 0 1
vn 0 0 1
vn 0 0 1
vn 0 0 1
vn 0 0 1
vn 0 0 1
vn 0 0 1
vn 0 0 1
vn 0 0 1
vn 0 0 1
vn 0 0 1
vn 0 0 1
vn 0 0 1
vn 0 0 1
vn 0 0 1
vn 0 0 1
vn 0 0 1
vn 0 0 1
vn 0 0 1
vn 0 0 1
vn 0 0 1
vn 0 0 1
vn 0 0 1
vn 0 0 1
vn 0 0 1
vn 0 0 1
vn 0 0 1
vn 0 0 1
vn 0 0 1
vn 0 0 1
vn 0 0 1
vn 0 0 1
vn 0 0 1
vn 0 0 1
vn 0 0 1
vn 0 0 1
vn 0 0 1
vn 0 0 1
vn 0 0 1
vn 0 0 1
vn 0 0 1
vn 0 0 1
vn 0 0 1
vn 0 0 1
vn 0 0 1
vn 0 0 1
vn 0 0 1
vn 0 0 1
vn 0 0 1
vn 0 0 1
vn 0 0 1
vn 0 0 1
vn 0 0 1
vn 0 0 1
vn 0 0 1
vn 0 0 1
vn 0 0 1
vn 0 0 1
vn 0 0 1
vn 0 0 1
vn 0 0 1
vn 0 0 1
vn 0 0 1
vn 0 0 1
vn 0 0 1
vn 0 0 1
vn 0 0 1
vn 0 0 1
vn 0 0 1
vn 0 0 1
vn 0 0 1
vn 0 0 1
vn 0 0 1
vn 0 0 1
vn 0 0 1
vn 0 0 1
vn 0 0 1
vn 0 0 1
vn 0 0 1
vn 0 0 1
vn 0 0 1
vn 0 0 1
vn 0 0 1
vn 0 0 1
vn 0 0 1
vn 0 0 1
vn 0 0 1
vn 0 0 1
vn 0 0 1
vn 0 0 1
vn 0 0 1
vn 0 0 1
vn 0 0 1
vn 0 0 1
vn 0 0 1
vn 0 0 1
vn 0 0 1
vn 0 0 1
vn 0 0 1
vn 0 0 1
vn 0 0 1
vn 0 0 1
vn 0 0 1
vn 0 0 1
vn 0 0 1
vn 0 0 1
vn 0 0 1
vn 0 0 1
vn 0 0 1
vn 0 0 1
vn 0 0 1
vn 0 0 1
vn 0 0 1
vn 0 0 1
vn 0 0 1
vn 0 0 1
vn 0 0 1
vn 0 0 1
vn 0 0 1
vn 0 0 1
vn 0 0 1
vn 0 0 1
vn 0 0 1
vn 0 0 1
vn 0 0 1
vn 0 0 1
vn 0 0 1
vn 0 0 1
vn 0 0 1
vn 0 0 1
vn 0 0 1
vn 0 0 1
vn 0 0 1
vn 0 0 1
vn 0 0 1
vn 0 0 1
vn 0 0 1
vn 0 0 1
vn 0 0 1
vn 0 0 1
vn 0 0 1
vn 0 0 1
vn 0 0 1
vn 0 0 1
vn 0 0 1
vn 0 0 1
vn 0 0 1
vn 0 0 1
vn 0 0 1
vn 0 0 1
vn 0 0 1
vn 0 0 1
vn 0 0 1
vn 0 0 1
vn 0 0 1
vn 0 0 1
vn 0 0 1
vn 0 0 1
vn 0 0 1
vn 0 0 1
vn 0 0 1
vn 0 0 1
vn 0 0 1
vn 0 0 1
vn 0 0 1
vn 0 0 1
vn 0 0 1
vn 0 0 1
vn 0 0 1
vn 0 0 1
vn 0 0 1
vn 0 0 1
vn 0 0 1
vn 0 0 1
vn 0 0 1
vn 0 0 1
vn 0 0 1
vn 0 0 1
vn 0 0 1
vn 0 0 1
vn 0 0 1
vn 0 0 1
vn 0 0 1
vn 0 0 1
vn 0 0 1
vn 0 0 1
vn 0 0 1
vn 0 0 1
vn 0 0 1
vn 0 0 1
vn 0 0 1
vn 0 0 1
vn 0 0 1
vn 0 0 1
vn 0 0 1
vn 0 0 1
vn 0 0 1
vn 0 0 1
vn 0 0 1
vn 0 0 1
vn 0 0 1
vn 0 0 1
vn 0 0 1
vn 0 0 1
vn 0 0 1
vn 0 0 1
vn 0 0 1
vn 0 0 1
vn 0 0 1
vn 0 0 1
vn 0 0 1
vn 0 0 1
vn 0 0 1
vn 0 0 1
vn 0 0 1
vn 0 0 1
vn 0 0 1
vn 0 0 1
vn 0 0 1
vn 0 0 1
vn 0 0 1
vn 0 0 1
vn 0 0 1
vn 0 0 1
vn 0 0 1
vn 0 0 1
vn 0 0 1
vn 0 0 1
vn 0 0 1
vn 0 0 1
vn 0 0 1
vn 0 0 1
vn 0 0 1
vn 0 0 1
vn 0 0 1
vn 0 0 1
vn 0 0 1
vn 0 0 1
vn 0 0 1
vn 0 0 1
vn 0 0 1
vn 0 0 1
vn 0 0 1
vn 0 0 1
vn 0 0 1
vn 0 0 1
vn 0 0 1
vn 0 0 1
vn 0 0 1
vn 0 0 1
vn 0 0 1
vn 0 0 1
vn 0 0 1
vn 0 0 1
vn 0 0 1
vn 0 0 1
vn 0 0 1
vn 0 0 1
vn 0 0 1
vn 0 0 1
vn 0 0 1
vn 0 0 1
vn 0 0 1
vn 0 0 1
vn 0 0 1
vn 0 0 1
vn 0 0 1
vn 0 0 1
vn 0 0 1
vn 0 0 1
vn 0 0 1
vn 0 0 1
vn 0 0 1
vn 0 0 1
vn 0 0 1
vn 0 0 1
vn 0 0 1
vn 0 0 1
vn 0 0 1
vn 0 0 1
vn 0 0 1
vn 0 0 1
vn 0 0 1
vn 0 0 1
vn 0 0 1
vn 0 0 1
vn 0 0 1
vn 0 0 1
vn 0 0 1
vn 0 0 1
vn 0 0 1
vn 0 0 1
vn 0 0 1
vn 0 0 1
vn 0 0 1
vn 0 0 1
vn 0 0 1
vn 0 0 1
vn 0 0 1
vn 0 0 1
vn 0 0 1
vn 0 0 1
vn 0 0 1
vn 0 0 1
vn 0 0 1
vn 0 0 1
vn 0 0 1
vn 0 0 1
vn 0 0 1
vn 0 0 1
vn 0 0 1
vn 0 0 1
vn 0 0 1
vn 0 0 1
vn 0 0 1
vn 0 0 1
vn 0 0 1
vn 0 0 1
vn 0 0 1
vn 0 0 1
vn 0 0 1
vn 0 0 1
vn 0 0 1
vn 0 0 1
vn 0 0 1
vn 0 0 1
vn 0 0 1
vn 0 0 1
vn 0 0 1
vn 0 0 1
vn 0 0 1
vn 0 0 1
vn 0 0 1
vn 0 0 1
vn 0 0 1
vn 0 0 1
vn 0 0 1
vn 0 0 1
vn 0 0 1
vn 0 0 1
vn 0 0 1
vn 0 0 1
vn 0 0 1
vn 0 0 1
vn 0 0 1
vn 0 0 1
vn 0 0 1
vn 0 0 1
vn 0 0 1
vn 0 0 1
vn 0 0 1
vn 0 0 1
vn 0 0 1
vn 0 0 1
vn 0 0 1
vn 0 0 1
vn 0 0 1
vn 0 0 1
vn 0 0 1
vn 0 0 1
vn 0 0 1
vn 0 0 1
vn 0 0 1
vn 0 0 1
vn 0 0 1
vn 0 0 1
vn 0 0 1
vn 0 0 1
vn 0 0 1
vn 0 0 1
vn 0 0 1
vn 0 0 1
vn 0 0 1
vn 0 0 1
vn 0 0 1
vn 0 0 1
vn 0 0 1
vn 0 0 1
vn 0 0 1
vn 0 0 1
vn 0 0 1
vn 0 0 1
vn 0 0 1
vn 0 0 1
vn 0 0 1
vn 0 0 1
vn 0 0 1
vn 0 0 1
vn 0 0 1
vn 0 0 1
vn 0 0 1
vn 0 0 1
vn 0 0 1
vn 0 0 1
vn 0 0 1
vn 0 0 1
vn 0 0 1
vn 0 0 1
vn 0 0 1
vn 0 0 1
vn 0 0 1
vn 0 0 1
vn 0 0 1
vn 0 0 1
vn 0 0 1
vn 0 0 1
vn 0 0 1
vn 0 0 1
vn 0 0 1
vn 0 0 1
vn 0 0 1
vn 0 0 1
vn 0 0 1
vn 0 0 1
vn 0 0 1
vn 0 0 1
vn 0 0 1
vn 0 0 1
vn 0 0 1
vn 0 0 1
vn 0 0 1
vn 0 0 1
vn 0 0 1
vn 0 0 1
vn 0 0 1
f 8813//8813 8852//8852 8814//8814
f 9232//9232 9022//9022 9233//9233
f 8812//8812 8853//8853 8813//8813
f 8944//8944 8943//8943 8722//8722
f 8713//8713 8712//8712 8953//8953
f 8996//8996 8995//8995 9003//9003
f 8810//8810 8855//8855 8811//8811
f 9079//9079 9078//9078 9174//9174
f 8809//8809 8856//8856 8810//8810
f 8850//8850 8849//8849 8816//8816
f 8808//8808 8857//8857 8809//8809
f 9061//9061 9194//9194 9193//9193
f 8807//8807 8858//8858 8808//8808
f 8986//8986 8985//8985 8680//8680
f 8806//8806 8859//8859 8807//8807
f 8735//8735 8932//8932 8931//8931
f 8805//8805 8860//8860 8806//8806
f 8849//8849 8848//8848 8818//8818
f 8804//8804 8861//8861 8805//8805
f 8848//8848 8847//8847 8820//8820
f 8803//8803 8862//8862 8804//8804
f 8685//8685 8980//8980 8979//8979
f 8802//8802 8863//8863 8803//8803
f 9055//9055 9200//9200 9199//9199
f 8801//8801 8864//8864 8802//8802
f 8990//8990 8676//8676 8675//8675
f 8800//8800 8865//8865 8801//8801
f 8842//8842 8834//8834 8833//8833
f 8799//8799 8866//8866 8800//8800
f 9205//9205 9049//9049 9048//9048
f 8687//8687 8978//8978 8977//8977
f 9115//9115 9141//9141 9140//9140
f 8889//8889 8767//8767 8766//8766
f 8890//8890 8889//8889 8765//8765
f 8846//8846 8845//8845 8825//8825
f 8845//8845 8844//8844 8827//8827
f 8841//8841 8835//8835 8834//8834
f 8736//8736 8931//8931 8930//8930
f 8695//8695 8969//8969 8968//8968
f 9061//9061 9060//9060 9194//9194
f 8690//8690 8974//8974 8973//8973
f 8881//8881 8785//8785 8784//8784
f 8865//8865 8864//8864 8801//8801
f 8830//8830 8829//8829 8844//8844
f 9034//9034 9033//9033 9220//9220
f 8815//8815 8851//8851 8850//8850
f 8844//8844 8828//8828 8827//8827
f 9117//9117 9116//9116 9139//9139
f 9147//9147 9146//9146 9107//9107
f 8946//8946 8945//8945 8720//8720
f 9056//9056 9055//9055 9199//9199
f 9072//9072 9071//9071 9182//9182
f 9040//9040 9039//9039 9214//9214
f 8888//8888 8769//8769 8768//8768
f 8846//8846 8825//8825 8824//8824
f 9234//9234 9021//9021 9235//9235
f 9062//9062 9061//9061 9193//9193
f 8881//8881 8784//8784 8783//8783
f 8746//8746 8909//8909 8908//8908
f 9095//9095 9094//9094 9158//9158
f 8719//8719 8946//8946 8720//8720
f 8735//8735 8734//8734 8932//8932
f 8866//8866 8799//8799 8867//8867
f 8887//8887 8772//8772 8771//8771
f 8695//8695 8694//8694 8969//8969
f 8743//8743 8916//8916 8915//8915
f 9078//9078 9077//9077 9175//9175
f 8868//8868 8797//8797 8869//8869
f 8869//8869 8796//8796 8870//8870
f 8734//8734 8934//8934 8933//8933
f 8712//8712 8711//8711 8954//8954
f 9150//9150 9104//9104 9103//9103
f 8894//8894 8893//8893 8760//8760
f 8871//8871 8794//8794 8872//8872
f 8872//8872 8793//8793 8873//8873
f 9242//9242 9241//9241 9014//9014
f 8744//8744 8743//8743 8914//8914
f 8884//8884 8883//8883 8779//8779
f 8688//8688 8976//8976 8975//8975
f 8874//8874 8792//8792 8875//8875
f 8961//8961 8704//8704 8703//8703
f 8791//8791 8876//8876 8875//8875
f 8790//8790 8876//8876 8791//8791
f 8790//8790 8877//8877 8876//8876
f 8840//8840 8839//8839 8837//8837
f 8790//8790 8789//8789 8877//8877
f 8748//8748 8747//8747 8907//8907
f 9022//9022 9021//9021 9234//9234
f 8690//8690 8689//8689 8974//8974
f 8879//8879 8878//8878 8788//8788
f 8693//8693 8692//8692 8971//8971
f 8988//8988 8678//8678 8677//8677
f 8894//8894 8760//8760 8759//8759
f 9207//9207 9047//9047 9046//9046
f 8687//8687 8686//8686 8978//8978
f 8751//8751 8903//8903 8902//8902
f 8716//8716 8715//8715 8950//8950
f 9027//9027 9026//9026 9228//9228
f 8880//8880 8786//8786 8785//8785
f 8883//8883 8780//8780 8779//8779
f 8698//8698 8697//8697 8966//8966
f 8843//8843 8831//8831 8830//8830
f 8796//8796 8795//8795 8870//8870
f 8739//8739 8738//8738 8926//8926
f 8886//8886 8885//8885 8774//8774
f 9205//9205 9204//9204 9049//9049
f 8895//8895 8894//8894 8759//8759
f 9206//9206 9205//9205 9048//9048
f 8885//8885 8775//8775 8774//8774
f 9238//9238 9237//9237 9018//9018
f 8855//8855 8854//8854 8811//8811
f 9239//9239 9238//9238 9017//9017
f 9143//9143 9142//9142 9112//9112
f 9189//9189 9066//9066 9065//9065
f 8737//8737 8736//8736 8929//8929
f 9074//9074 9073//9073 9180//9180
f 8683//8683 8983//8983 8982//8982
f 9076//9076 9075//9075 9178//9178
f 8984//8984 8682//8682 8681//8681
f 8938//8938 8937//8937 8729//8729
f 8846//8846 8824//8824 8823//8823
f 9023//9023 9022//9022 9232//9232
f 9029//9029 9028//9028 9226//9226
f 8867//8867 8798//8798 8868//8868
f 8843//8843 8832//8832 8831//8831
f 8698//8698 8966//8966 8965//8965
f 8988//8988 8987//8987 8678//8678
f 9060//9060 9195//9195 9194//9194
f 9064//9064 9191//9191 9190//9190
f 9146//9146 9108//9108 9107//9107
f 8853//8853 8812//8812 8854//8854
f 9149//9149 9105//9105 9104//9104
f 9208//9208 9046//9046 9045//9045
f 8748//8748 8906//8906 8905//8905
f 8752//8752 8751//8751 8902//8902
f 9148//9148 9106//9106 9105//9105
f 8692//8692 8972//8972 8971//8971
f 9123//9123 9132//9132 9131//9131
f 8749//8749 8748//8748 8905//8905
f 8900//8900 8755//8755 8754//8754
f 8686//8686 8979//8979 8978//8978
f 8737//8737 8928//8928 8927//8927
f 8738//8738 8737//8737 8927//8927
f 8897//8897 8896//8896 8757//8757
f 8899//8899 8898//8898 8755//8755
f 8847//8847 8821//8821 8820//8820
f 8697//8697 8967//8967 8966//8966
f 8714//8714 8713//8713 8952//8952
f 8741//8741 8922//8922 8921//8921
f 8753//8753 8752//8752 8901//8901
f 8742//8742 8919//8919 8918//8918
f 9124//9124 9131//9131 9130//9130
f 8851//8851 8815//8815 8814//8814
f 9087//9087 9086//9086 9166//9166
f 8889//8889 8766//8766 8765//8765
f 9039//9039 9038//9038 9215//9215
f 8689//8689 8688//8688 8975//8975
f 8896//8896 8758//8758 8757//8757
f 9210//9210 9044//9044 9043//9043
f 9203//9203 9052//9052 9051//9051
f 9082//9082 9081//9081 9171//9171
f 8960//8960 8705//8705 8704//8704
f 8754//8754 8753//8753 8900//8900
f 9117//9117 9139//9139 9138//9138
f 8859//8859 8858//8858 8807//8807
f 8890//8890 8765//8765 8764//8764
f 8848//8848 8820//8820 8819//8819
f 9092//9092 9091//9091 9161//9161
f 8934//8934 8734//8734 8733//8733
f 9057//9057 9056//9056 9198//9198
f 8860//8860 8859//8859 8806//8806
f 9122//9122 9134//9134 9133//9133
f 8799//8799 8798//8798 8867//8867
f 8718//8718 8717//8717 8948//8948
f 9084//9084 9083//9083 9169//9169
f 8684//8684 8683//8683 8982//8982
f 8873//8873 8793//8793 8874//8874
f 8885//8885 8777//8777 8776//8776
f 9075//9075 9074//9074 9179//9179
f 8989//8989 8988//8988 8677//8677
f 8888//8888 8887//8887 8770//8770
f 8857//8857 8856//8856 8809//8809
f 8882//8882 8782//8782 8781//8781
f 8892//8892 8891//8891 8762//8762
f 8864//8864 8863//8863 8802//8802
f 8737//8737 8929//8929 8928//8928
f 9037//9037 9036//9036 9217//9217
f 9240//9240 9239//9239 9016//9016
f 8849//8849 8817//8817 8816//8816
f 8691//8691 8973//8973 8972//8972
f 8879//8879 8787//8787 8786//8786
f 9063//9063 9192//9192 9191//9191
f 8747//8747 8746//8746 8908//8908
f 8669//8669 8671//8671 8670//8670
f 9154//9154 9153//9153 9099//9099
f 8987//8987 8679//8679 8678//8678
f 8957//8957 8956//8956 8709//8709
f 8994//8994 8671//8671 8669//8669
f 8994//8994 8672//8672 8671//8671
f 8748//8748 8907//8907 8906//8906
f 8891//8891 8764//8764 8763//8763
f 8983//8983 8683//8683 8682//8682
f 8993//8993 8672//8672 8994//8994
f 8750//8750 8904//8904 8903//8903
f 8993//8993 8673//8673 8672//8672
f 8935//8935 8934//8934 8733//8733
f 8697//8697 8696//8696 8967//8967
f 8993//8993 8992//8992 8673//8673
f 8936//8936 8935//8935 8732//8732
f 8886//8886 8774//8774 8773//8773
f 8731//8731 8936//8936 8732//8732
f 8992//8992 8991//8991 8674//8674
f 8730//8730 8936//8936 8731//8731
f 8730//8730 8937//8937 8936//8936
f 8745//8745 8910//8910 8909//8909
f 8729//8729 8937//8937 8730//8730
f 8991//8991 8990//8990 8675//8675
f 8728//8728 8938//8938 8729//8729
f 8963//8963 8701//8701 8700//8700
f 8742//8742 8918//8918 8917//8917
f 8727//8727 8938//8938 8728//8728
f 8746//8746 8745//8745 8909//8909
f 8887//8887 8771//8771 8770//8770
f 8726//8726 8939//8939 8727//8727
f 8879//8879 8788//8788 8787//8787
f 8689//8689 8975//8975 8974//8974
f 8725//8725 8940//8940 8726//8726
f 8958//8958 8957//8957 8708//8708
f 8965//8965 8964//8964 8699//8699
f 8939//8939 8938//8938 8727//8727
f 8724//8724 8941//8941 8725//8725
f 8898//8898 8756//8756 8755//8755
f 8723//8723 8942//8942 8724//8724
f 8741//8741 8740//8740 8922//8922
f 8711//8711 8710//8710 8955//8955
f 8743//8743 8742//8742 8917//8917
f 8722//8722 8943//8943 8723//8723
f 8858//8858 8857//8857 8808//8808
f 8692//8692 8691//8691 8972//8972
f 8721//8721 8944//8944 8722//8722
f 8741//8741 8921//8921 8920//8920
f 8705//8705 8960//8960 8959//8959
f 8878//8878 8789//8789 8788//8788
f 8861//8861 8860//8860 8805//8805
f 8696//8696 8695//8695 8968//8968
f 9236//9236 9235//9235 9020//9020
f 8734//8734 8933//8933 8932//8932
f 8744//8744 8913//8913 8912//8912
f 8691//8691 8690//8690 8973//8973
f 9204//9204 9051//9051 9050//9050
f 8750//8750 8749//8749 8904//8904
f 9088//9088 9087//9087 9165//9165
f 9119//9119 9118//9118 9137//9137
f 8884//8884 8778//8778 8777//8777
f 8743//8743 8917//8917 8916//8916
f 8717//8717 8716//8716 8949//8949
f 8883//8883 8781//8781 8780//8780
f 9120//9120 9136//9136 9135//9135
f 9083//9083 9082//9082 9170//9170
f 9081//9081 9080//9080 9172//9172
f 8789//8789 8878//8878 8877//8877
f 8884//8884 8779//8779 8778//8778
f 8897//8897 8757//8757 8756//8756
f 9147//9147 9107//9107 9106//9106
f 8935//8935 8733//8733 8732//8732
f 9121//9121 9135//9135 9134//9134
f 9077//9077 9076//9076 9176//9176
f 9089//9089 9088//9088 9164//9164
f 9120//9120 9119//9119 9136//9136
f 8887//8887 8886//8886 8772//8772
f 8964//8964 8963//8963 8700//8700
f 9237//9237 9236//9236 9019//9019
f 9116//9116 9140//9140 9139//9139
f 8895//8895 8759//8759 8758//8758
f 8945//8945 8944//8944 8721//8721
f 9025//9025 9024//9024 9230//9230
f 8940//8940 8939//8939 8726//8726
f 9156//9156 9155//9155 9097//9097
f 9146//9146 9145//9145 9108//9108
f 8685//8685 8684//8684 8980//8980
f 8853//8853 8852//8852 8813//8813
f 8751//8751 8750//8750 8903//8903
f 8740//8740 8924//8924 8923//8923
f 8795//8795 8794//8794 8871//8871
f 8793//8793 8792//8792 8874//8874
f 8688//8688 8687//8687 8977//8977
f 9209//9209 9045//9045 9044//9044
f 8880//8880 8879//8879 8786//8786
f 9032//9032 9031//9031 9223//9223
f 8961//8961 8960//8960 8704//8704
f 9024//9024 9023//9023 9231//9231
f 8694//8694 8693//8693 8970//8970
f 8749//8749 8905//8905 8904//8904
f 8946//8946 8719//8719 8947//8947
f 8893//8893 8892//8892 8761//8761
f 8888//8888 8770//8770 8769//8769
f 8947//8947 8718//8718 8948//8948
f 9142//9142 9113//9113 9112//9112
f 8948//8948 8717//8717 8949//8949
f 9073//9073 9072//9072 9181//9181
f 9036//9036 9035//9035 9218//9218
f 8949//8949 8716//8716 8950//8950
f 8862//8862 8861//8861 8804//8804
f 8950//8950 8715//8715 8951//8951
f 8893//8893 8761//8761 8760//8760
f 8951//8951 8714//8714 8952//8952
f 8740//8740 8923//8923 8922//8922
f 9026//9026 9025//9025 9229//9229
f 8952//8952 8713//8713 8953//8953
f 9143//9143 9112//9112 9111//9111
f 8953//8953 8712//8712 8954//8954
f 8706//8706 8705//8705 8959//8959
f 9090//9090 9089//9089 9163//9163
f 8954//8954 8711//8711 8955//8955
f 9056//9056 9199//9199 9198//9198
f 8955//8955 8710//8710 8956//8956
f 8900//8900 8899//8899 8755//8755
f 8992//8992 8674//8674 8673//8673
f 9211//9211 9210//9210 9043//9043
f 8852//8852 8851//8851 8814//8814
f 8745//8745 8912//8912 8911//8911
f 9229//9229 9025//9025 9230//9230
f 8958//8958 8706//8706 8959//8959
f 8896//8896 8895//8895 8758//8758
f 8999//8999 8997//8997 8996//8996
f 8999//8999 8998//8998 8997//8997
f 9006//9006 9005//9005 9004//9004
f 9000//9000 8996//8996 9003//9003
f 9003//9003 9002//9002 9000//9000
f 9080//9080 9079//9079 9173//9173
f 8995//8995 9004//9004 9003//9003
f 8995//8995 9006//9006 9004//9004
f 9002//9002 9001//9001 9000//9000
f 9042//9042 9211//9211 9043//9043
f 9041//9041 9212//9212 9042//9042
f 8889//8889 8768//8768 8767//8767
f 9145//9145 9109//9109 9108//9108
f 9028//9028 9027//9027 9227//9227
f 8991//8991 8675//8675 8674//8674
f 8684//8684 8982//8982 8981//8981
f 9123//9123 9133//9133 9132//9132
f 9018//9018 9237//9237 9019//9019
f 8739//8739 8926//8926 8925//8925
f 8882//8882 8881//8881 8783//8783
f 8694//8694 8970//8970 8969//8969
f 9116//9116 9115//9115 9140//9140
f 8847//8847 8822//8822 8821//8821
f 9210//9210 9209//9209 9044//9044
f 9062//9062 9193//9193 9192//9192
f 9150//9150 9149//9149 9104//9104
f 9055//9055 9054//9054 9200//9200
f 9054//9054 9053//9053 9201//9201
f 9206//9206 9048//9048 9047//9047
f 8794//8794 8793//8793 8872//8872
f 8843//8843 8842//8842 8832//8832
f 8962//8962 8703//8703 8702//8702
f 9121//9121 9120//9120 9135//9135
f 8840//8840 8836//8836 8835//8835
f 8845//8845 8827//8827 8826//8826
f 9149//9149 9148//9148 9105//9105
f 8719//8719 8718//8718 8947//8947
f 9207//9207 9206//9206 9047//9047
f 8684//8684 8981//8981 8980//8980
f 9030//9030 9029//9029 9225//9225
f 9155//9155 9154//9154 9098//9098
f 8745//8745 8911//8911 8910//8910
f 9144//9144 9111//9111 9110//9110
f 9212//9212 9041//9041 9213//9213
f 8839//8839 8838//8838 8837//8837
f 9213//9213 9040//9040 9214//9214
f 8984//8984 8983//8983 8682//8682
f 9035//9035 9034//9034 9219//9219
f 9214//9214 9039//9039 9215//9215
f 8847//8847 8823//8823 8822//8822
f 9215//9215 9038//9038 9216//9216
f 8964//8964 8700//8700 8699//8699
f 9216//9216 9037//9037 9217//9217
f 8753//8753 8901//8901 8900//8900
f 8963//8963 8962//8962 8702//8702
f 8842//8842 8841//8841 8834//8834
f 9118//9118 9138//9138 9137//9137
f 9218//9218 9035//9035 9219//9219
f 9054//9054 9201//9201 9200//9200
f 9219//9219 9034//9034 9220//9220
f 9059//9059 9196//9196 9195//9195
f 9217//9217 9036//9036 9218//9218
f 9220//9220 9033//9033 9221//9221
f 8840//8840 8837//8837 8836//8836
f 9096//9096 9156//9156 9097//9097
f 8866//8866 8865//8865 8800//8800
f 9222//9222 9032//9032 9223//9223
f 9150//9150 9103//9103 9102//9102
f 8882//8882 8783//8783 8782//8782
f 9223//9223 9031//9031 9224//9224
f 9114//9114 9142//9142 9141//9141
f 8985//8985 8681//8681 8680//8680
f 8742//8742 8741//8741 8920//8920
f 8688//8688 8977//8977 8976//8976
f 9225//9225 9029//9029 9226//9226
f 8715//8715 8714//8714 8951//8951
f 8892//8892 8762//8762 8761//8761
f 9019//9019 9236//9236 9020//9020
f 8990//8990 8989//8989 8676//8676
f 8885//8885 8776//8776 8775//8775
f 9227//9227 9027//9027 9228//9228
f 9241//9241 9240//9240 9015//9015
f 8736//8736 8930//8930 8929//8929
f 9228//9228 9026//9026 9229//9229
f 8844//8844 8843//8843 8830//8830
f 8745//8745 8744//8744 8912//8912
f 9231//9231 9023//9023 9232//9232
f 9196//9196 9059//9059 9058//9058
f 9060//9060 9059//9059 9195//9195
f 9230//9230 9024//9024 9231//9231
f 8848//8848 8819//8819 8818//8818
f 9226//9226 9028//9028 9227//9227
f 8797//8797 8796//8796 8869//8869
f 9064//9064 9063//9063 9191//9191
f 8752//8752 8902//8902 8901//8901
f 8743//8743 8915//8915 8914//8914
f 8841//8841 8840//8840 8835//8835
f 9233//9233 9022//9022 9234//9234
f 9065//9065 9064//9064 9190//9190
f 9190//9190 9189//9189 9065//9065
f 8844//8844 8829//8829 8828//8828
f 9115//9115 9114//9114 9141//9141
f 8891//8891 8763//8763 8762//8762
f 8845//8845 8826//8826 8825//8825
f 9031//9031 9030//9030 9224//9224
f 9188//9188 9066//9066 9189//9189
f 9188//9188 9067//9067 9066//9066
f 8798//8798 8797//8797 8868//8868
f 9016//9016 9239//9239 9017//9017
f 9187//9187 9067//9067 9188//9188
f 8747//8747 8908//8908 8907//8907
f 9187//9187 9068//9068 9067//9067
f 9186//9186 9068//9068 9187//9187
f 9015//9015 9240//9240 9016//9016
f 8941//8941 8940//8940 8725//8725
f 9185//9185 9068//9068 9186//9186
f 9185//9185 9069//9069 9068//9068
f 9014//9014 9241//9241 9015//9015
f 8891//8891 8890//8890 8764//8764
f 9184//9184 9069//9069 9185//9185
f 9013//9013 9242//9242 9014//9014
f 8886//8886 8773//8773 8772//8772
f 9184//9184 9070//9070 9069//9069
f 9183//9183 9070//9070 9184//9184
f 9012//9012 9243//9243 9013//9013
f 9086//9086 9085//9085 9167//9167
f 9182//9182 9071//9071 9183//9183
f 8738//8738 8927//8927 8926//8926
f 9011//9011 9243//9243 9012//9012
f 8693//8693 8971//8971 8970//8970
f 9181//9181 9072//9072 9182//9182
f 9093//9093 9092//9092 9160//9160
f 9011//9011 9244//9244 9243//9243
f 9010//9010 9244//9244 9011//9011
f 9180//9180 9073//9073 9181//9181
f 9010//9010 9245//9245 9244//9244
f 9179//9179 9074//9074 9180//9180
f 9009//9009 9245//9245 9010//9010
f 8739//8739 8925//8925 8924//8924
f 9178//9178 9075//9075 9179//9179
f 9009//9009 9246//9246 9245//9245
f 9008//9008 9246//9246 9009//9009
f 9096//9096 9095//9095 9157//9157
f 9177//9177 9076//9076 9178//9178
f 9008//9008 9127//9127 9246//9246
f 9007//9007 9127//9127 9008//9008
f 9176//9176 9076//9076 9177//9177
f 8847//8847 8846//8846 8823//8823
f 9007//9007 9128//9128 9127//9127
f 9126//9126 9128//9128 9007//9007
f 9175//9175 9077//9077 9176//9176
f 9126//9126 9129//9129 9128//9128
f 9145//9145 9144//9144 9110//9110
f 9174//9174 9078//9078 9175//9175
f 9125//9125 9129//9129 9126//9126
f 9125//9125 9130//9130 9129//9129
f 8881//8881 8880//8880 8785//8785
f 9173//9173 9079//9079 9174//9174
f 9125//9125 9124//9124 9130//9130
f 8736//8736 8735//8735 8931//8931
f 9172//9172 9080//9080 9173//9173
f 9124//9124 9123//9123 9131//9131
f 8708//8708 8957//8957 8709//8709
f 9171//9171 9081//9081 9172//9172
f 8986//8986 8680//8680 8679//8679
f 9197//9197 9058//9058 9057//9057
f 9118//9118 9117//9117 9138//9138
f 9123//9123 9122//9122 9133//9133
f 9170//9170 9082//9082 9171//9171
f 9203//9203 9202//9202 9052//9052
f 9169//9169 9083//9083 9170//9170
f 8699//8699 8698//8698 8965//8965
f 9212//9212 9211//9211 9042//9042
f 9145//9145 9110//9110 9109//9109
f 9168//9168 9084//9084 9169//9169
f 8710//8710 8709//8709 8956//8956
f 9167//9167 9085//9085 9168//9168
f 9224//9224 9030//9030 9225//9225
f 9209//9209 9208//9208 9045//9045
f 8870//8870 8795//8795 8871//8871
f 9166//9166 9086//9086 9167//9167
f 9165//9165 9087//9087 9166//9166
f 8898//8898 8897//8897 8756//8756
f 8962//8962 8961//8961 8703//8703
f 8883//8883 8882//8882 8781//8781
f 9164//9164 9088//9088 9165//9165
f 8707//8707 8706//8706 8958//8958
f 9163//9163 9089//9089 9164//9164
f 9041//9041 9040//9040 9213//9213
f 9221//9221 9033//9033 9222//9222
f 9162//9162 9090//9090 9163//9163
f 8889//8889 8888//8888 8768//8768
f 9152//9152 9151//9151 9101//9101
f 9161//9161 9091//9091 9162//9162
f 8856//8856 8855//8855 8810//8810
f 9160//9160 9092//9092 9161//9161
f 9021//9021 9020//9020 9235//9235
f 8740//8740 8739//8739 8924//8924
f 9159//9159 9093//9093 9160//9160
f 8686//8686 8685//8685 8979//8979
f 9158//9158 9094//9094 9159//9159
f 9094//9094 9093//9093 9159//9159
f 9157//9157 9095//9095 9158//9158
f 9204//9204 9050//9050 9049//9049
f 9156//9156 9096//9096 9157//9157
f 9063//9063 9062//9062 9192//9192
f 9085//9085 9084//9084 9168//9168
f 9148//9148 9147//9147 9106//9106
f 8942//8942 8941//8941 8724//8724
f 8987//8987 8986//8986 8679//8679
f 9198//9198 9197//9197 9057//9057
f 8744//8744 8914//8914 8913//8913
f 8863//8863 8862//8862 8803//8803
f 8842//8842 8833//8833 8832//8832
f 9197//9197 9196//9196 9058//9058
f 9071//9071 9070//9070 9183//9183
f 9122//9122 9121//9121 9134//9134
f 8849//8849 8818//8818 8817//8817
f 8885//8885 8884//8884 8777//8777
f 9208//9208 9207//9207 9046//9046
f 8943//8943 8942//8942 8723//8723
f 9053//9053 9202//9202 9201//9201
f 9033//9033 9032//9032 9222//9222
f 8985//8985 8984//8984 8681//8681
f 9119//9119 9137//9137 9136//9136
f 8989//8989 8677//8677 8676//8676
f 8702//8702 8701//8701 8963//8963
f 9202//9202 9053//9053 9052//9052
f 8696//8696 8968//8968 8967//8967
f 8707//8707 8958//8958 8708//8708
f 9091//9091 9090//9090 9162//9162
f 9243//9243 9242//9242 9013//9013
f 9144//9144 9143//9143 9111//9111
f 9142//9142 9114//9114 9113//9113
f 8792//8792 8791//8791 8875//8875
f 8812//8812 8811//8811 8854//8854
f 9153//9153 9152//9152 9100//9100
f 9017//9017 9238//9238 9018//9018
f 9204//9204 9203//9203 9051//9051
f 8816//8816 8815//8815 8850//8850
f 9097//9097 9155//9155 9098//9098
f 9098//9098 9154//9154 9099//9099
f 9038//9038 9037//9037 9216//9216
f 9099//9099 9153//9153 9100//9100
f 8720//8720 8945//8945 8721//8721
f 9100//9100 9152//9152 9101//9101
f 8742//8742 8920//8920 8919//8919
f 9101//9101 9151//9151 9102//9102
f 9151//9151 9150//9150 9102//9102
f 9000//9000 8999//8999 8996//8996
o LogoIOS
v -0.580000 -0.300000 0
v -0.480000 -0.300000 0
v -0.390000 0.180000 0
v -0.580000 -0.300000 0
v -0.390000 0.180000 0
v -0.490000 0.180000 0
v -0.460000 0.240000 0
v -0.360000 0.240000 0
v -0.340000 0.340000 0
v -0.460000 0.240000 0
v -0.340000 0.340000 0
v -0.440000 0.340000 0
v -0.300000 -0.300000 0
v -0.190000 -0.300000 0
v -0.080000 0.340000 0
v -0.300000 -0.300000 0
v -0.080000 0.340000 0
v -0.190000 0.340000 0
v -0.190000 0.260000 0
v 0.180000 0.260000 0
v 0.200000 0.340000 0
v -0.190000 0.260000 0
v 0.200000 0.340000 0
v -0.080000 0.340000 0
v -0.230000 -0.020000 0
v 0.110000 -0.020000 0
v 0.130000 0.060000 0
v -0.230000 -0.020000 0
v 0.130000 0.060000 0
v -0.120000 0.060000 0
v -0.300000 -0.300000 0
v 0.100000 -0.300000 0
v 0.120000 -0.220000 0
v -0.300000 -0.300000 0
v 0.120000 -0.220000 0
v -0.210000 -0.220000 0
v 0.200000 0.260000 0
v 0.510000 0.260000 0
v 0.560000 0.340000 0
v 0.200000 0.260000 0
v 0.560000 0.340000 0
v 0.220000 0.340000 0
v 0.200000 0.260000 0
v 0.300000 0.260000 0
v 0.250000 0.080000 0
v 0.200000 0.260000 0
v 0.250000 0.080000 0
v 0.150000 0.080000 0
v 0.150000 0.080000 0
v 0.250000 0.080000 0
v 0.480000 -0.050000 0
v 0.150000 0.080000 0
v 0.480000 -0.050000 0
v 0.390000 -0.110000 0
v 0.390000 -0.110000 0
v 0.490000 -0.050000 0
v 0.460000 -0.220000 0
v 0.390000 -0.110000 0
v 0.460000 -0.220000 0
v 0.360000 -0.220000 0
v 0.140000 -0.300000 0
v 0.400000 -0.300000 0
v 0.460000 -0.220000 0
v 0.140000 -0.300000 0
v 0.460000 -0.220000 0
v 0.160000 -0.220000 0
vn 0 0 1
f 9244//9244 9245//9244 9246//9244
f 9247//9244 9248//9244 9249//9244
f 9250//9244 9251//9244 9252//9244
f 9253//9244 9254//9244 9255//9244
f 9256//9244 9257//9244 9258//9244
f 9259//9244 9260//9244 9261//9244
f 9262//9244 9263//9244 9264//9244
f 9265//9244 9266//9244 9267//9244
f 9268//9244 9269//9244 9270//9244
f 9271//9244 9272//9244 9273//9244
f 9274//9244 9275//9244 9276//9244
f 9277//9244 9278//9244 9279//9244
f 9280//9244 9281//9244 9282//9244
f 9283//9244 9284//9244 9285//9244
f 9286//9244 9287//9244 9288//9244
f 9289//9244 9290//9244 9291//9244
f 9292//9244 9293//9244 9294//9244
f 9295//9244 9296//9244 9297//9244
f 9298//9244 9299//9244 9300//9244
f 9301//9244 9302//9244 9303//9244
f 9304//9244 9305//9244 9306//9244
f 9307//9244 9308//9244 9309//9244
